date,equal_weight,erc,inverse_vol,mvo,mvo_ls,SPY
2017-01-04,1.0055180043657075,1.0023086337271718,1.0028389080979068,1.0051404279987994,0.9955117235434248,
2017-01-05,1.0087447934843463,1.0048800355012142,1.0053463150830368,1.0050643289434167,0.9897377659844505,0.9991834234969889
2017-01-06,1.008476482092758,1.0037490144933987,1.0044516346975971,1.0075432493308645,0.9952167616016916,1.003215269980606
2017-01-09,1.0057337377639888,1.003610593051096,1.0039081000950592,0.9953143588305488,0.9809946478533988,0.9999999999999998
2017-01-10,1.0052953400998548,1.0033510576789595,1.0035930816374912,0.9919306938083242,0.975696922046067,0.999795855874247
2017-01-11,1.009081674428621,1.0051269821810611,1.0055782070550419,1.0010185240799796,0.9848409248070153,1.0022455853832803
2017-01-12,1.0094269309862873,1.0054664705694096,1.0058872378905521,1.0034149131242798,0.9863763847312611,1.0001020720628762
2017-01-13,1.009730244073467,1.0052096694243973,1.0057031273034929,1.0028383093431577,0.9860055807014882,1.0022966214147184
2017-01-17,1.0111528368999088,1.0067608380044941,1.0073580191559515,1.0031187692169536,0.981757658907974,0.9989282433397976
2017-01-18,1.0092863324618233,1.0046941307146662,1.0055039198556215,1.006322851601502,0.9901422734903376,1.0009696845973255
2017-01-19,1.0056364820104935,1.0025946482616057,1.0032015284250206,1.0045784080537565,0.9899943179083258,0.997703378585281
2017-01-20,1.0089807939651236,1.004335809542491,1.005208189394507,1.0103755865923096,0.9928769180724298,1.0009696845973253
2017-01-23,1.0102753656877994,1.0058188372486778,1.006746037260963,1.0082072281670638,0.9902453662146292,0.9984178830254155
2017-01-24,1.0139006298140951,1.0065584949480428,1.0080020980000695,1.0172138213695587,0.9986104847854788,1.0047463509237518
2017-01-25,1.0163140972198592,1.0067873179474138,1.0086926564272027,1.0198293724831746,1.0026099599212894,1.0133714402368066
2017-01-26,1.015567623321553,1.0065915020953433,1.0084015188002482,1.0218713795038372,1.005268156966473,1.0124017556394809
2017-01-27,1.0142400537158638,1.0065191052290212,1.0081634849820937,1.017729516951959,1.0007384694420272,1.010870674696335
2017-01-30,1.0096244640745289,1.0045576136323404,1.0058509460854266,1.0074138833659374,0.9923312160995931,1.0047463509237515
2017-01-31,1.0122326023351849,1.0063170716725962,1.0074802887178729,1.0083562002756765,0.9879864029623825,1.004338062672246
2017-02-01,1.0112326279394204,1.0056826046550493,1.006809008997984,1.009909370446761,0.9901755408978862,1.0049504950495043
2017-02-02,1.0131448855773368,1.0066252103004658,1.0079541925500093,1.0106961391375402,0.9899789571666954,1.0055118913953245
2017-02-03,1.0172062402998447,1.008277807043027,1.0097309948432573,1.0192596121077684,0.995827241493312,1.0124527916709192
2017-02-06,1.0165044614113734,1.0091806656090523,1.010255144098774,1.0166268933503257,0.9896246006655616,1.0108196386648969
2017-02-07,1.0156483399685963,1.0090388916104245,1.0100928516044798,1.0108350104039945,0.9823616746336179,1.0107686026334586
2017-02-08,1.0192006962861972,1.0114561254702528,1.0127088232558266,1.0142229439814974,0.98179232252729,1.0119934673879751
2017-02-09,1.0207340516482966,1.0111111169058893,1.0126261767751437,1.018735817127812,0.9913241705717974,1.0178626110033675
2017-02-10,1.0248850317597025,1.0127628482935576,1.0145949314911806,1.0266175403837499,0.9973443753380008,1.021894457486985
2017-02-13,1.0266059619075651,1.0131486168694903,1.0152628414541023,1.0302898101089264,1.0021512725334514,1.0271511687251191
2017-02-14,1.0271319703896762,1.0129412787853183,1.0150060583519946,1.0323182340205534,1.0027584311686268,1.0316933755231186
2017-02-15,1.029405860569646,1.013743144946899,1.0159764789296877,1.0334100801901094,1.000383099486897,1.0369500867612529
2017-02-16,1.02965549826252,1.0144369617244904,1.0166512149866263,1.0290722166109498,0.9964825666166389,1.0362866183525563
2017-02-17,1.0302396306278443,1.015392907449563,1.0176226914339495,1.0275289135025931,0.9951255142000545,1.0376135551699492
2017-02-21,1.03476835176164,1.0172392287119427,1.0200333289978059,1.031193394474823,0.9967086009956031,1.043788914973971
2017-02-22,1.034219977702233,1.0172749058712536,1.0200754062123198,1.0257402853124218,0.9914053017543722,1.0431254465652744
2017-02-23,1.0361154151190346,1.018584344578976,1.0213059172618515,1.0261288093463035,0.9873777059706852,1.0437889149739712
2017-02-24,1.037761723303482,1.020287021142224,1.0230461046899095,1.0243091558502526,0.9747908392843888,1.0452179238542407
2017-02-27,1.0375148814036932,1.019513779261929,1.0223193937196324,1.024331230570228,0.9786671934503699,1.0466469327345103
2017-02-28,1.0362851840902518,1.0188323486308997,1.0214255100752256,1.0218636221831725,0.9732493652977259,1.0440440951311623
2017-03-01,1.042516260633664,1.020580697150633,1.023696709600839,1.03974381041052,0.996158924348389,1.0583341839338571
2017-03-02,1.0358832343338653,1.0167628872880001,1.0198254871375845,1.025737065359204,0.9880089183704156,1.0520057160355207
2017-03-03,1.0369970571008509,1.0174883075269663,1.0205240529889894,1.0292164507522197,0.9886100445266307,1.052567112381341
2017-03-06,1.034099222268888,1.0160091388851893,1.018904091686468,1.0270052368611078,0.9889776224993156,1.049709094620802
2017-03-07,1.0303613075842146,1.0136429059613414,1.0163573532660524,1.0228590826341664,0.9857341090094919,1.0462386444830047
2017-03-08,1.0240640736068563,1.010225606484566,1.01270364075465,1.0148471666224121,0.9763773474711174,1.044452383382668
2017-03-09,1.0216275853110173,1.0087047453907623,1.0110185742030118,1.0128695114947253,0.9722679429068526,1.0454731040114318
2017-03-10,1.024279881463178,1.0103157419055453,1.012915647567254,1.0128374412385788,0.9700565362804294,1.0491476982749819
2017-03-13,1.0253055561838924,1.0100091970551603,1.0129011503028238,1.0126739081529632,0.9708094050241456,1.0497601306522404
2017-03-14,1.0220677300421974,1.0086499405632423,1.0112648981173418,1.0058964923620943,0.9658317147544427,1.045983464325814
2017-03-15,1.0342901068887125,1.0159061583595024,1.0193054309479173,1.0181712838456105,0.9722479329464232,1.0545575176074309
2017-03-16,1.0323764963565447,1.0143564830662999,1.017785171023535,1.0154418399187373,0.9686802912385859,1.0528222925385322
2017-03-17,1.0336775411261856,1.0153676837030656,1.0189519441017059,1.0191505807026788,0.9689813023245967,1.0512401755639482
2017-03-20,1.0339880261275516,1.0158880457084096,1.0195357395076403,1.0176494364448188,0.9669649597348069,1.049658058589364
2017-03-21,1.0286341922956619,1.0136759301394103,1.0170242639616207,1.001568589207153,0.9473981477506409,1.0364397264468714
2017-03-22,1.0302998960715228,1.0147714303052364,1.018257617866762,1.003904095711314,0.9480847715255128,1.0385832397672756
2017-03-23,1.0301293258800281,1.0145280032124682,1.0180849752371512,1.0038845545230104,0.947617967511292,1.0372052669184444
2017-03-24,1.0304278939911835,1.014855239658743,1.0184220516960478,1.0028058145068048,0.9446978691819644,1.0369500867612536
2017-03-27,1.0299916218771314,1.0152396592213238,1.0186622377674275,1.0012964988642061,0.9399333173710174,1.0356231499438604
2017-03-28,1.0339864619009305,1.0166036895185788,1.0203719530875666,1.0119744326491342,0.952589946936123,1.043074410533837
2017-03-29,1.0366250367305987,1.0184214416200998,1.0223123265958265,1.0157019348371714,0.9557447530584643,1.04440134735123
2017-03-30,1.0363275927142344,1.0180250762660092,1.0219108189061152,1.0148872081225226,0.9547924049257664,1.0475655813003981
2017-03-31,1.0355781238559134,1.0179140920862577,1.0217538330866716,1.0115700279423088,0.9509423986761891,1.0449627436970503
2017-04-03,1.036344086194441,1.0191118321456998,1.0228001759097916,1.012315805173802,0.9489022935369386,1.0435847708482189
2017-04-04,1.0374210213860504,1.0192817676092907,1.023051223767029,1.0139507819881837,0.9505163546737102,1.0442482392569155
2017-04-05,1.0362974747442428,1.018866268657528,1.0225534931450846,1.0091365875720466,0.9464772275675919,1.0408798611819945
2017-04-06,1.0377770741000707,1.0195944399230974,1.0233415215757349,1.0105953159345542,0.9467732541531438,1.0435847708482189
2017-04-07,1.0368152948388998,1.0184028262259968,1.022238629704729,1.0093940441476412,0.9461711922767062,1.0426661222823315
2017-04-10,1.038486540618031,1.0196845502260137,1.023525622928238,1.008754370767543,0.9406199752626753,1.0432275186281514
2017-04-11,1.0403275475364637,1.021541541852781,1.0251804048886246,1.006845355412501,0.9347366291062891,1.042053689905073
2017-04-12,1.0396284500366182,1.0218094132384552,1.0253402847361626,1.0016587974335138,0.9279843851216545,1.0381239154843318
2017-04-13,1.035922293286031,1.020512548983165,1.0237525765571753,0.9936940624507712,0.9181621137608561,1.031131979177299
2017-04-17,1.0407823906243516,1.022680067661964,1.0262990182678944,1.0040605718629805,0.9279978590466855,1.040012248647545
2017-04-18,1.0398858252331498,1.02334925878363,1.0268041576163371,1.0004815283286608,0.916912862749807,1.036899050729815
2017-04-19,1.0358379095289165,1.0208722972093494,1.0244062113216166,0.997082747499734,0.9160982997407638,1.0352148616923547
2017-04-20,1.0401591141468265,1.0227883234869009,1.0265943443135979,1.0067063272450825,0.9267884536569821,1.0432785546595893
2017-04-21,1.038402773575978,1.0220002475255834,1.0258848373225609,1.006218318507091,0.9294888114955177,1.0401143207104213
2017-04-24,1.0443782418955296,1.024345671020042,1.0287856011600396,1.0156453777659558,0.9388803361982775,1.0514953557211388
2017-04-25,1.0472776379975695,1.0245800308470379,1.029587915707581,1.0198400093737006,0.9432584609422451,1.057517607430846
2017-04-26,1.0466773303736268,1.0249341600270483,1.0296457765859446,1.0174136583676916,0.9394974806474495,1.0571603552107787
2017-04-27,1.0458680789624113,1.0248147412966435,1.0296280884360742,1.018462537424298,0.9440605723147887,1.0578748596509133
2017-04-28,1.0442952073216814,1.0244635621727092,1.0291922292480609,1.0161507343534988,0.9438739542407485,1.0557823823619474
2017-05-01,1.0440553438925033,1.0235883989884913,1.0285149634914463,1.0168607697687497,0.9462343353547695,1.058027967745228
2017-05-02,1.044631208684993,1.0241598007347537,1.0291620095102956,1.018795338037018,0.947850454501344,1.0585893640910482
2017-05-03,1.041634056239169,1.0222937687717737,1.0271269240789724,1.0152037214095333,0.9463136118013497,1.057517607430846
2017-05-04,1.0386401007261148,1.0206237396113298,1.0255084098345812,1.0151725218321026,0.9460433291317455,1.0584872920281718
2017-05-05,1.04404762565741,1.0231836262030343,1.0285219342796421,1.023435949578127,0.9557607698952826,1.0626722466061038
2017-05-08,1.042136057963746,1.0217791471340536,1.0271888464697259,1.0239405493381712,0.9568523096563717,1.0626212105746657
2017-05-09,1.0405589957053991,1.0207210923869328,1.0262311508013104,1.0267997920999652,0.9612102137779074,1.0616004899459017
2017-05-10,1.0434483974588997,1.0220234690458534,1.0277449559489715,1.0340789375365227,0.9667289389015563,1.0634888231091149
2017-05-11,1.0429869382433503,1.0219402606261063,1.0276175406575148,1.0322110644495845,0.9655219102897336,1.061702562008778
2017-05-12,1.0436555872484772,1.0232193618364134,1.0288219625767838,1.031751036279499,0.9646095257687386,1.059865264877003
2017-05-15,1.0476950907597873,1.0250087594228823,1.030877872868326,1.036595578393057,0.9685637187529743,1.0651219761151374
2017-05-16,1.0476907126487327,1.025266620341312,1.031074855341197,1.0363997714813515,0.9678954073183311,1.064509543737879
2017-05-17,1.0415854499739339,1.0235837041693836,1.0286170146119367,1.0197359447629326,0.9440930691078244,1.0460345003572524
2017-05-18,1.0419837019543534,1.0237182056743568,1.0288189830266687,1.0186379629713131,0.9461619698560096,1.0497090946208023
2017-05-19,1.049334121091055,1.0272689439238876,1.032808017998133,1.03041832468157,0.9504701371030868,1.056445850770644
2017-05-22,1.0522457498831224,1.0285668927015141,1.034399370480708,1.0359785527330199,0.9544580162070415,1.0619577421659692
2017-05-23,1.0520570586725595,1.0278716722056105,1.0337879827084182,1.0364820329880429,0.9585597206936504,1.064254363580688
2017-05-24,1.0548326665555958,1.0297233169607793,1.0358108082326498,1.0411433867756374,0.9604119623904745,1.066602021026845
2017-05-25,1.055271426676956,1.0301744751238966,1.0364395100469848,1.0458763207963413,0.9694203578393938,1.0718076962335408
2017-05-26,1.056361505624367,1.030831386845706,1.0370727211195303,1.0464027124388264,0.9703386168214324,1.0717566602021027
2017-05-30,1.0548433089732983,1.0307317268864358,1.036944527612818,1.0458008088720396,0.9702267160303779,1.0708890476676536
2017-05-31,1.0546948828228861,1.0309782512309882,1.0372901491199669,1.0441815108553658,0.9709934827056022,1.0703786873532715
2017-06-01,1.0598557138598803,1.0333677698166297,1.0400878321308187,1.0502788204140048,0.9745075748631983,1.0787485965091355
2017-06-02,1.0633898590134319,1.0360153408779849,1.0429620988501447,1.0580116932823629,0.9805036018513327,1.0824742268041236
2017-06-05,1.0613720099200066,1.0344943903749344,1.0413616688306864,1.0555567890929252,0.9792394035692615,1.0817086863325507
2017-06-06,1.0616296446082356,1.0350490818922184,1.0416001299401971,1.05268082027744,0.9739414899989013,1.0784934163519444
2017-06-07,1.060501362292656,1.034162289174599,1.0407935217711832,1.052988792563182,0.9805823875405559,1.0803817495151578
2017-06-08,1.0595811564689215,1.0332662262550243,1.0397852642368859,1.054144059775759,0.9785313107326972,1.0806369296723488
2017-06-09,1.0608627185189468,1.033462724311162,1.039700133125963,1.05205696320334,0.9713373392066413,1.0797182811064612
2017-06-12,1.0603127280293234,1.0331706960032503,1.0394308349928965,1.0475594635370655,0.9677242098173403,1.0789527406348882
2017-06-13,1.0642533743774187,1.035035945720098,1.0415828366485955,1.054084427638852,0.97080565670062,1.0839542717158313
2017-06-14,1.0636903645729774,1.0358780876732319,1.0423270744559003,1.0530512085426798,0.9730478909543112,1.0829845871185055
2017-06-15,1.061220978824871,1.03438233918721,1.0405977459567854,1.0451981496737202,0.9684096393151597,1.0807900377666633
2017-06-16,1.0628621723707157,1.0352377125118204,1.0413914025461979,1.0474047604303953,0.9669328923734318,1.081045217923854
2017-06-19,1.0656358456429926,1.0361919577765495,1.0427396413162726,1.0568090632191727,0.9776915651835704,1.0900275594569764
2017-06-20,1.061038204641625,1.0343969101111437,1.0405168771477342,1.0472633534945837,0.9695899266499423,1.0829335510870672
2017-06-21,1.0585954667510806,1.0334734832537358,1.039414806795996,1.0468373898626329,0.9703148075958749,1.082372154741247
2017-06-22,1.059032264134632,1.0339176311454157,1.0398634649706622,1.0474146828672237,0.9696167148536777,1.0819128304583032
2017-06-23,1.0610392576378178,1.035069628881278,1.0412472691408496,1.0509605916273168,0.9712766027234238,1.0833418393385728
2017-06-26,1.0628781818073636,1.035950196817018,1.042341807910046,1.05365915683488,0.9738150996212769,1.0838011636215166
2017-06-27,1.0577149343110517,1.0326550866744608,1.0385854583752814,1.0467326107875015,0.9623333901065878,1.0753802184342143
2017-06-28,1.0626928470335641,1.035319951764609,1.0414705289782904,1.0518921007516695,0.9678571070861824,1.0847708482188423
2017-06-29,1.0559930800754573,1.0314267150465595,1.0369640042058152,1.040044787239071,0.9524608567642318,1.0754822904970907
2017-06-30,1.0583232306260997,1.0324420701548158,1.0380594396690712,1.0428360350215884,0.9492343441756883,1.0772685515974276
2017-07-03,1.0603434806941354,1.0326128022815568,1.0381943616771487,1.0437393989355412,0.9396136460477396,1.0796162090435844
2017-07-05,1.0582597033401102,1.0320326110123146,1.0375841685661824,1.046278427771011,0.9508836015078495,1.0815045422067977
2017-07-06,1.051658021995956,1.0286411637799198,1.0338800422411996,1.0389549802667382,0.9457386261557766,1.0718587322649789
2017-07-07,1.0529854477396272,1.028861071892217,1.0344218774876517,1.0440513933244155,0.9530459829148995,1.0786465244462586
2017-07-10,1.0542722780862095,1.0297362704388429,1.0353596608811544,1.0484456067195271,0.9552113451732144,1.0797693171378988
2017-07-11,1.0551204933470522,1.0302268778405574,1.0358482536003892,1.051115040049074,0.9551010834745552,1.0790037766663259
2017-07-12,1.0620094188200588,1.0339528792121313,1.0402602714950202,1.0608398714004428,0.9630617423137309,1.086863325507808
2017-07-13,1.0624017742407064,1.0337807729315578,1.0401469234718115,1.0630129327123394,0.9654934835994757,1.088955802796774
2017-07-14,1.06786425338897,1.0366937227416912,1.0434048874589272,1.0681681645684555,0.9640405110021472,1.093855261814841
2017-07-17,1.0684168722184693,1.0371432376544865,1.0439266178520785,1.0667731067956512,0.9631248850985819,1.093855261814841
2017-07-18,1.07013515357722,1.0386696231203145,1.0453839455397274,1.0671030012596878,0.962302165622117,1.0945697662549756
2017-07-19,1.0747368856868256,1.0407384060355753,1.0476917463412538,1.0701104744279057,0.9617656289947576,1.1002858017760535
2017-07-20,1.0747222239845886,1.040938578703198,1.0478623041403103,1.070042737375002,0.9619530596361611,1.100643053996121
2017-07-21,1.074366254385685,1.0412420412945667,1.0481549744215883,1.0682055456779298,0.9634538411492874,1.0997244054302335
2017-07-24,1.0732795393393928,1.0405231199359246,1.0472968734530654,1.0680040231036423,0.9640061791462772,1.0995202613044808
2017-07-25,1.0742189828530364,1.0401227029936004,1.0468619136580357,1.0701313111470576,0.9659437061651286,1.1021230989078288
2017-07-26,1.0769575757443148,1.0419817261572053,1.0488479996646896,1.0750510909448285,0.9667181227215328,1.1023272430335818
2017-07-27,1.0766064030772076,1.0414517657249418,1.0483960150794953,1.069088001242102,0.959890815834241,1.1015106665305705
2017-07-28,1.076841533989157,1.0421837676270127,1.0488242107006829,1.0704963839214472,0.9592673141723521,1.0999795855874246
2017-07-31,1.0773853940237093,1.042515731960411,1.0489378142199701,1.0690141031218647,0.9559998121759058,1.0995202613044808
2017-08-01,1.079080320452723,1.043734287273739,1.0502699870768992,1.0697681285291911,0.9583732359864516,1.1018168827191996
2017-08-02,1.0787888725038624,1.0433115977212521,1.0498226129360835,1.0720560400077332,0.9634506827092463,1.1023272430335815
2017-08-03,1.077773812266248,1.0434206326894586,1.0498503170322386,1.0695515673275493,0.9619032941545853,1.10038787383893
2017-08-04,1.0776326313741755,1.0426573565987318,1.0491530274977479,1.0726019170715049,0.967495625670804,1.102225170970705
2017-08-07,1.0788436170756122,1.0434560904478665,1.0500900976725458,1.0760904956886657,0.9711519140033782,1.1042155761967947
2017-08-08,1.0765122525860096,1.042033469270204,1.0484072865990368,1.0716159913808108,0.9678850498613251,1.101663774624885
2017-08-09,1.076721787513529,1.0424868552502393,1.0484002380539914,1.0712789687937023,0.9596371585662465,1.101663774624885
2017-08-10,1.068250076003563,1.038863934674183,1.0442117146150725,1.0525013251674378,0.9414177418159111,1.0860467490047971
2017-08-11,1.0686065610511513,1.0397990190553419,1.0451802162078285,1.0544503384134831,0.943728977069263,1.0875778299479428
2017-08-14,1.0733421040900177,1.041323641121496,1.0474495395767536,1.065924141424143,0.9604807583983246,1.0982443605185257
2017-08-15,1.071922552503239,1.0401278379168657,1.0463879212737563,1.0659630846140191,0.9638516531617488,1.0983974686128402
2017-08-16,1.0750005348674574,1.042014908984149,1.0486031218664917,1.0721227876313857,0.9665537136236076,1.1002858017760535
2017-08-17,1.066815387675437,1.0386322553201772,1.044372687717997,1.0553452322694592,0.9500109883205164,1.0832908033071345
2017-08-18,1.0674852591778383,1.0389796603423032,1.0445220173788923,1.054263205636098,0.9531079386366206,1.081351434112483
2017-08-21,1.0685943746571571,1.0395870691844233,1.0454671611920494,1.0558000603282192,0.9535612904951519,1.0823211187098087
2017-08-22,1.0736715027578003,1.0415830904562686,1.0479632106624974,1.067000482553312,0.9650882750548009,1.0932428294375824
2017-08-23,1.0745658006807888,1.0428223768645741,1.0489279135376879,1.0632180281309032,0.9568418165451179,1.0896703072369087
2017-08-24,1.0727056547109965,1.0412126363199363,1.047284102564644,1.060475458500524,0.9558307841437046,1.0873226497907518
2017-08-25,1.0756499451045176,1.0429633011003476,1.049257880539275,1.0639830301112558,0.9566457466894416,1.0894151270797177
2017-08-28,1.0757904115000787,1.0432289655586733,1.0493840223779622,1.0636886535407628,0.9593199756717364,1.0897723792997849
2017-08-29,1.0758409009485232,1.0436955015304814,1.0497838574583305,1.064788140149155,0.9601226447133465,1.0909462080228634
2017-08-30,1.0778119098672434,1.0445612824811674,1.0509778126227536,1.0681508348290318,0.962495440952128,1.096049811166683
2017-08-31,1.0838679956215358,1.048087403921406,1.0543513979109551,1.072974196042821,0.9673129403875312,1.101765846687761
2017-09-01,1.085405483813641,1.0482133949862318,1.0546930138983959,1.0747055290053176,0.9653037713581161,1.1040624681024798
2017-09-05,1.0836252477401036,1.048835575597084,1.0548083589991013,1.0677864566148267,0.9523947138117695,1.0966112075125032
2017-09-06,1.085869649789809,1.0493448188090493,1.0555227859715608,1.0695970479794885,0.9509121638841195,1.099979585587424
2017-09-07,1.089008220053812,1.0514983085044234,1.0579678007351712,1.0746836944957003,0.9534760348720486,1.0999285495559858
2017-09-08,1.0870673731757237,1.0503798447009807,1.056618233212566,1.0732673836152071,0.9571168646832519,1.0984485046442782
2017-09-11,1.0922566898054082,1.05152944821609,1.0585103695183293,1.0870669379305378,0.9705929507590351,1.1100336837807487
2017-09-12,1.093026394376735,1.0515927158078076,1.0585267395507834,1.08965058697156,0.9748772395086042,1.1142186383586807
2017-09-13,1.0923352229203853,1.0509892785965456,1.0578605863106743,1.0881701156213184,0.9701255628449784,1.114575890578748
2017-09-14,1.0943733390393378,1.052063390712484,1.059068316556515,1.090123130273684,0.9717497758334342,1.1142186383586807
2017-09-15,1.095689440950762,1.0526994119211985,1.0597758587348103,1.0934044527268036,0.9738581560722936,1.1159028273961413
2017-09-18,1.0951195283622503,1.051669760213416,1.0588600353483857,1.0921151276615704,0.9703515020073042,1.1180463407165455
2017-09-19,1.095591607933398,1.0518823285168204,1.0590299127790777,1.0947434066375041,0.967909394146865,1.119169133408186
2017-09-20,1.0953187193505554,1.0512829219338211,1.0582208102129393,1.0910914926071231,0.9636400162851521,1.1196794937225678
2017-09-21,1.0931839635532088,1.050038610023793,1.0568247976415788,1.088342543081059,0.9599996024521836,1.1166683678677145
2017-09-22,1.0931284259181246,1.050403622706228,1.0569987010804636,1.0845875257755555,0.9556243204267012,1.1169235480249053
2017-09-25,1.095390465287383,1.052627515748921,1.0586822848923765,1.078599098377441,0.9439370715750736,1.1147800347045012
2017-09-26,1.0938141623770372,1.051567744022306,1.0578426174936995,1.0782096510061392,0.9429643616314973,1.1151883229560067
2017-09-27,1.091701642609368,1.049897686038393,1.0561693440960922,1.0825962070838968,0.9477164953760948,1.1195263856282536
2017-09-28,1.0930087908821946,1.0505181306561018,1.0569364325266513,1.0850583491473988,0.9497871693788181,1.1208533224456467
2017-09-29,1.0949112181279963,1.0511553363952149,1.057923418058739,1.0906451260430197,0.9548887537076927,1.1245789527406351
2017-10-02,1.0961306049584896,1.0519951697971883,1.0588191615482543,1.093794648290089,0.9605486685773397,1.1295804838215784
2017-10-03,1.0983652531563854,1.052892620458703,1.0600030788428372,1.0985666161194754,0.9662265202177789,1.132132285393488
2017-10-04,1.099951624694665,1.0543767036896312,1.061524025094823,1.1000120653433179,0.966632312743781,1.1335102582423193
2017-10-05,1.1028766153640384,1.0547987745043081,1.0621443908998298,1.1046861315538938,0.9692563932825715,1.140247014392161
2017-10-06,1.1002410488435586,1.0532884820432038,1.0604469325522061,1.1056726613164685,0.9729057227286809,1.1392262937633972
2017-10-09,1.1003738921802475,1.0534649922384154,1.060545114180203,1.105570311964752,0.973225856236805,1.1371338164744313
2017-10-10,1.104319618798028,1.0555789735120868,1.0628878055479611,1.1102340714987364,0.9793864079526371,1.1398387261406555
2017-10-11,1.106071282139242,1.0563457134530596,1.0637701959490422,1.1103471617608167,0.9790168278857706,1.1416760232724306
2017-10-12,1.1062919529721036,1.0563260371799825,1.0639548587561285,1.1099277830108962,0.9793630482626525,1.1399918342349702
2017-10-13,1.1094988029295827,1.0585174149620555,1.0661918511776005,1.1129302984982892,0.980664951798438,1.141216698989487
2017-10-16,1.1090174134009418,1.0578657125020523,1.065461844799117,1.1141930073350645,0.9806111292225581,1.1431050321527
2017-10-17,1.1087502881816367,1.0577196194402896,1.0654711887038508,1.1158382154981692,0.9820055882077485,1.1436664284985203
2017-10-18,1.10781705994612,1.0568757134069133,1.0646943455352975,1.1174365823225125,0.9852822533563872,1.1448402572215988
2017-10-19,1.1081478166604761,1.0576503450895078,1.0652537612269881,1.1192734437665053,0.9892937808661335,1.1454016535674192
2017-10-20,1.1093071731292092,1.0576127371953068,1.0653130663015253,1.1287506729050718,0.9988791404755648,1.1510156170256205
2017-10-23,1.1070957668864605,1.0567865656511992,1.0641224028538054,1.123268524879231,0.994700973128507,1.1469327345105649
2017-10-24,1.1074243615618642,1.05656312180328,1.0638200478136361,1.1274676848031278,0.9986795068304876,1.1487189956109016
2017-10-25,1.103615246119617,1.0542788423913316,1.0613074188932143,1.1217150818898443,0.9918324234872273,1.1432071042155765
2017-10-26,1.1034520097856677,1.0540867066583264,1.0610587757874816,1.1214361151552419,0.9889348715081575,1.1439216086557111
2017-10-27,1.108279871165115,1.056921652064314,1.064209082395286,1.1300502783242627,0.9979612864636523,1.153771562723283
2017-10-30,1.1073596688277971,1.0570041990101537,1.0640147383119531,1.1219662744253973,0.9881147897921384,1.1497907522711037
2017-10-31,1.1085966465230612,1.05706066979222,1.0644572122010048,1.1216031524468557,0.9872787467857458,1.1512707971828116
2017-11-01,1.1108399762082863,1.0581899695947519,1.0655896639364633,1.1238914447646882,0.9857140052695167,1.152954986220272
2017-11-02,1.1120122398846164,1.0591788632788497,1.0662337480020492,1.1249719574023047,0.9874137991694804,1.1534653465346538
2017-11-03,1.1130719373511198,1.0595541564590607,1.066735366771485,1.125618353755219,0.9869886340860103,1.1571909768296422
2017-11-06,1.1168002506660148,1.061543177540092,1.068637631302372,1.1251510653165184,0.9804852812533679,1.1588241298356643
2017-11-07,1.1165590849563967,1.060988876787923,1.0683888253771732,1.1218338202525695,0.9806348058755078,1.1583137695212824
2017-11-08,1.1174106028489652,1.0610282970053235,1.0685978296592173,1.1228145315590354,0.9836207808480475,1.1601510666530575
2017-11-09,1.1149477593676966,1.0596335165693123,1.0667518598443402,1.1140867855217733,0.9723301048034672,1.1560171481065638
2017-11-10,1.1122697917260256,1.0574617563664481,1.06485590915246,1.1118481277787648,0.9687940519586715,1.1556088598550582
2017-11-13,1.1132467906927963,1.0580563178662057,1.065370584915884,1.112659986203713,0.9712748044938891,1.1567316525466986
2017-11-14,1.1112222929858389,1.0575307166247239,1.0644752397364445,1.1093443427524448,0.9675652893675366,1.1540777789119125
2017-11-15,1.1077781303753977,1.056243443719734,1.0628230725915828,1.1038414289119747,0.9637417711821691,1.1481065632336438
2017-11-16,1.1131718213364707,1.0586599949302349,1.066302926274107,1.1189337905767476,0.9775295917883321,1.1575992650811482
2017-11-17,1.1141833509649501,1.0592092065941172,1.0665386713460818,1.1186162115128,0.9776519070031067,1.1545881392262947
2017-11-20,1.113516757121056,1.0585258265140078,1.0660558061233056,1.1219363165099498,0.9817175690948068,1.15642543635807
2017-11-21,1.1190351943121843,1.0612049984490244,1.0692156739514331,1.1290414250099954,0.9906725814319399,1.1638256609166082
2017-11-22,1.1205340802439046,1.0626224989652895,1.070682385793073,1.1274750448091229,0.9868383021508589,1.16321322853935
2017-11-24,1.121899863572335,1.0630684854750048,1.0714328857588018,1.1297356333032804,0.9909373277159623,1.165816066142698
2017-11-27,1.1197419848180605,1.0622962531049454,1.0702558017593244,1.1309184992646542,0.9901841650109438,1.1651525977340014
2017-11-28,1.1259368204351412,1.066073423121171,1.0739143006882406,1.144227263393025,0.998358893876891,1.17678881290191
2017-11-29,1.1244300786494357,1.0652046901095924,1.0726988682380285,1.1332711017271282,0.9876798937863633,1.1763805246504044
2017-11-30,1.1273422596393685,1.0662760278455636,1.073975802323783,1.1323817726390835,0.9818019768769222,1.185924262529347
2017-12-01,1.1278200989500295,1.067305105479179,1.0744744910083373,1.1270880266205243,0.973551613151117,1.1840869653975719
2017-12-04,1.1277616575828917,1.06735038097694,1.0743481900688945,1.1212051612695173,0.9651094612389243,1.1825558844544262
2017-12-05,1.1244233788321045,1.065673348849759,1.0725793628874498,1.1168971544220407,0.9611435057341223,1.1784730019393705
2017-12-06,1.1220774269812037,1.0651915803891125,1.0719279634685557,1.1154472709966294,0.9598947363092252,1.1786261100336852
2017-12-07,1.1226634261094879,1.064925494131737,1.0720136027450398,1.1192536657688865,0.9665162875938883,1.1822496682657972
2017-12-08,1.1270062377315018,1.066864331495585,1.0741874165720688,1.127519033962578,0.9721910300474786,1.1886802082270098
2017-12-11,1.1286492228608553,1.0672146955028827,1.0748265833307054,1.1343633339385897,0.9766994329614413,1.1925079105848744
2017-12-12,1.1277767938750796,1.066808185264894,1.0743245483511437,1.1303010014519446,0.9736778480695002,1.1946003878738405
2017-12-13,1.1304416798947177,1.0688226971808168,1.0766472473976305,1.1365972616423485,0.9792754782027313,1.1942941716852113
2017-12-14,1.127450135372468,1.067254471757401,1.07487209746306,1.1318878005114237,0.9735713887026536,1.1895988567928975
2017-12-15,1.131978846461031,1.0695856349322308,1.0772307321132037,1.1399898237855464,0.9808657820601473,1.1994998468919071
2017-12-18,1.1362683866043712,1.071012873582706,1.079195126832155,1.1464736063599572,0.9887195288039287,1.2071552516076365
2017-12-19,1.131693889984131,1.0679198342903453,1.0759742737506355,1.1365779868673067,0.9834571605785792,1.2027151168725134
2017-12-20,1.1304929702574744,1.0667945556603893,1.0748955874041901,1.13370562574763,0.9753974394084419,1.2020516484638168
2017-12-21,1.1330235810856386,1.0682624966993124,1.0763568939850134,1.1314212510372208,0.969130620465624,1.2040420536899064
2017-12-22,1.1348729639373647,1.0689503637180762,1.0772258866094673,1.1344278704829487,0.9704302321491518,1.2037868735327155
2017-12-26,1.136728022357081,1.0700675015006418,1.078309667143647,1.130603550304398,0.961281222676928,1.2022557925895696
2017-12-27,1.1392916564486923,1.0721143909617328,1.0802924952841926,1.1331182738612129,0.9644350629598033,1.2031744411554572
2017-12-28,1.1417392983479098,1.0731811251855345,1.0814063655243322,1.1374062920949213,0.9674553819277236,1.205471062570176
2017-12-29,1.1411371909279036,1.0731025782456476,1.0813443360028336,1.1352379957329906,0.9649572988982147,1.2013371440236824
2018-01-02,1.146017411092144,1.0744003137047073,1.0832565139030716,1.1465917483726815,0.9794589966273547,1.2095539450852322
2018-01-03,1.1505502017684912,1.076637714248704,1.0858657701697885,1.152492384476495,0.981652222470949,1.2172093498009615
2018-01-04,1.1528200355738443,1.0775917198807756,1.0869786917858022,1.1567827958901233,0.9904948663510733,1.2221598448504667
2018-01-05,1.1561332471320853,1.07888961842215,1.0887264838594657,1.1626688512099501,0.9984916629044517,1.2303766459120162
2018-01-08,1.1577100680248755,1.079561698763266,1.089439758081528,1.1659114549522722,1.00091641075505,1.232673267326735
2018-01-09,1.1559928035478764,1.0780320265834051,1.0878505471282918,1.1638313163603518,0.9986429518776614,1.2354802490558359
2018-01-10,1.1538538697712302,1.077383005625448,1.0867710628155793,1.1602959241100304,0.9938728129060288,1.233438807798308
2018-01-11,1.1594591669603893,1.0798612135752788,1.0898235089492705,1.1637196870091684,0.9956632501974033,1.2425232213943067
2018-01-12,1.1643471068836326,1.0819861999450795,1.0921481215607185,1.1698547006013924,1.0006457292734774,1.2508420945187324
2018-01-16,1.1617659305653336,1.0810982228573365,1.0910406952512561,1.1643238456728464,0.9983474725860145,1.2468612840665532
2018-01-17,1.1671147239521567,1.0829746788365016,1.0932793956150646,1.1756189686166345,1.0088350541880744,1.258344391140147
2018-01-18,1.1636688629748928,1.080863636136965,1.0910582286024588,1.1749748382348448,1.0087160719939527,1.2564050219454956
2018-01-19,1.1666894677732391,1.082144987691747,1.0926336661557665,1.180346717941916,1.014405272773081,1.2618658773093825
2018-01-22,1.1721783316859171,1.0842707746743918,1.0950866202744076,1.1848536391199935,1.0135752281392747,1.2721241196284598
2018-01-23,1.1758971521411858,1.0865533200025013,1.0975984984375218,1.186114320371671,1.0138715819872313,1.2746759212003695
2018-01-24,1.1771900281759433,1.0870090826169974,1.0979424048777524,1.1891941209700907,1.0189190688691787,1.2741655608859876
2018-01-25,1.1780498247005406,1.0877037507011085,1.098658305370548,1.1908675837488383,1.0256749740774336,1.2749311013575604
2018-01-26,1.1843728512521305,1.0899276793690356,1.1014573861056118,1.2077457551169843,1.0431689034721054,1.2896294784117606
2018-01-29,1.1762987303754937,1.0861638329029173,1.0970251272052862,1.1986692614330314,1.0367696185068629,1.2810043890987055
2018-01-30,1.167336537451892,1.082148941572659,1.0923273280431811,1.1852411400570182,1.0225452917817328,1.2674288047361455
2018-01-31,1.1702564344933235,1.083385851804345,1.0938041633702107,1.1901589335096505,1.0262298080187497,1.2687047055221004
2018-02-01,1.165989547827581,1.0811153029464369,1.0909076907421833,1.1900225025083726,1.0332149061768348,1.2676839848933363
2018-02-02,1.1477083595024191,1.0732881305840096,1.0815023385495486,1.1660617258483195,1.0072906998599882,1.23986934775952
2018-02-05,1.1207289203126476,1.0650240430007947,1.069626208297971,1.1167776520034214,0.9526191290937782,1.1885781361641334
2018-02-06,1.1302574808053292,1.066201789124709,1.0732883447354755,1.1442656550266312,0.9837309753060657,1.2108808819026249
2018-02-07,1.1226312042500972,1.0634490480456253,1.0691746707895164,1.1318805380738217,0.9752764439743032,1.2046034500357268
2018-02-08,1.098423717822019,1.0571499238197788,1.0581605488627774,1.0908451669354915,0.947851991308742,1.1600489945901822
2018-02-09,1.106035039277896,1.0589191188513054,1.0610001294029061,1.1099858855045566,0.9558526570030758,1.1779116055935506
2018-02-12,1.116435586822713,1.0613394059698364,1.0654879980274357,1.1276023961415196,0.9664971542547508,1.1940389915280203
2018-02-13,1.1187058206400817,1.0620727687108629,1.066456035715807,1.132183179047773,0.967926184491708,1.1973052975400647
2018-02-14,1.1273471196027922,1.0626144304875589,1.0687450032929142,1.1531560388117024,0.9919992342704692,1.2135857915688488
2018-02-15,1.1366636085051887,1.0650721467077864,1.073399214899297,1.1626312119936195,0.9915521318743821,1.2282841686230492
2018-02-16,1.1382900444235053,1.0661152994108973,1.0748861701262806,1.1618650508731598,0.9881737295662268,1.2293048892518132
2018-02-20,1.1306589057754006,1.0637516597088081,1.0708280366917253,1.1522008863245623,0.9942676664330886,1.2215984485046458
2018-02-21,1.1237685211334427,1.0615593877190213,1.0670301056394198,1.1476178043074952,0.9972006816680417,1.2149637644176803
2018-02-22,1.1275499945305978,1.0626977899613659,1.0689535441972338,1.1518496154816689,0.9936716632474738,1.2162907012350732
2018-02-23,1.1404115346432238,1.0663305185835874,1.0752562094991207,1.164356771982271,0.9966451442800455,1.236041645401655
2018-02-26,1.1471977226004404,1.068155743396573,1.07833055031988,1.1747750227515756,1.00523292744942,1.2506889864244173
2018-02-27,1.1338805306810127,1.0641236355274681,1.071851414033479,1.1522800555353518,0.9951388850714189,1.2348167806471384
2018-02-28,1.125505499576513,1.0626266607051282,1.0688647215060534,1.1437897318016768,0.9936139210781498,1.2214453404103314
2018-03-01,1.1191745942656952,1.0623425920113563,1.0669225879157054,1.1309959953893136,0.9797173371578793,1.2048586301929178
2018-03-02,1.121388378614009,1.0621856825114628,1.0673369488112256,1.1334230404422703,0.9834903207269313,1.2109319179340632
2018-03-05,1.1289470611261563,1.063785537574368,1.0703404905405807,1.1441550884724703,0.9859668383978105,1.2246606103909377
2018-03-06,1.1319732275905765,1.0644526135716692,1.0716671176288672,1.1514625513432906,0.9941501845920967,1.2278248443401056
2018-03-07,1.129631288121179,1.063578747554363,1.0703497891228044,1.1523027122387948,0.9982095141561312,1.2278248443401056
2018-03-08,1.1324106336536954,1.0646342680505219,1.0719610635391985,1.1550504521171512,0.9977172465196718,1.2332346636725542
2018-03-09,1.1429241180441536,1.0663427349410965,1.075646978761052,1.1696322400252497,1.00538003240206,1.2545166887822818
2018-03-12,1.1428928583124145,1.0668522966244223,1.0760301573479267,1.170986971890062,1.0049799770033283,1.2535470041849561
2018-03-13,1.1395805784826358,1.0665334744403356,1.0749469966560388,1.1651725817068017,0.9986035108390281,1.2453302031234066
2018-03-14,1.1376957335140263,1.0663671452267303,1.0744700662330178,1.164979502065912,0.9977277232949818,1.2387465550678793
2018-03-15,1.1355932280882297,1.0659471299639889,1.0736710587007512,1.1633396612616604,0.995178971955796,1.2377258344391155
2018-03-16,1.1371800443665803,1.0658661701128636,1.0741320082043095,1.164096227905571,0.9893390192022943,1.2390527712565085
2018-03-19,1.1279739698582565,1.0636428985549964,1.0699869337667183,1.148204519930659,0.9815093784349295,1.222721241196286
2018-03-20,1.1288914532080883,1.0632905350290776,1.0698213603352622,1.153509463223458,0.9859248976363415,1.2241502500765555
2018-03-21,1.1318101066482007,1.0648049869689789,1.0714772387293185,1.1542813072421554,0.983759515380921,1.22175155659896
2018-03-22,1.116357951625963,1.0622356515552807,1.0658700763408198,1.1205494241408838,0.9570309811614494,1.1915382259875484
2018-03-23,1.104754224573145,1.060252868057785,1.0614791240118724,1.093295755588689,0.9446946220562005,1.165816066142698
2018-03-26,1.1211073074438511,1.0631592028287717,1.0678259398403975,1.1297614109362186,0.9632552303773564,1.1980198019801993
2018-03-27,1.1141999262611448,1.0632139628877793,1.0664992286658763,1.1075813330355155,0.9396499687645383,1.1782178217821795
2018-03-28,1.1129575952157007,1.0629495020199335,1.0662714839127772,1.1015713754426497,0.9299168546786875,1.1740839032356856
2018-03-29,1.123343472508786,1.0657130544460558,1.0709795228904075,1.1199854783469834,0.9387290466125217,1.1902623252015934
2018-04-02,1.1090874462196965,1.0632223249922157,1.0656388338201788,1.101862769632334,0.933327474692937,1.1635704807594172
2018-04-03,1.1165846235546417,1.0637032527090569,1.0677439103082442,1.1071324333110204,0.9310972911028664,1.1780647136878648
2018-04-04,1.122190735574746,1.0643406183827797,1.0696558304447692,1.1169523338988259,0.9347505477134724,1.1918444421761774
2018-04-05,1.1269339833940628,1.0649998367007993,1.0712339857339523,1.121306997283833,0.935330519298558,1.2000102072062886
2018-04-06,1.1151196371866248,1.0641431721853356,1.067995001225303,1.110404828554228,0.9315753875685507,1.1734204348269888
2018-04-09,1.1183547197433736,1.0649883792871413,1.069557557983858,1.1172628129590763,0.9331023922134682,1.1785240379708084
2018-04-10,1.1291286657397905,1.066597854909296,1.073273756115133,1.1304783937614291,0.9360044838627116,1.197764621823008
2018-04-11,1.1281072841391842,1.0668082918623423,1.0732720333227508,1.1300412725328297,0.9296071136782251,1.1915382259875482
2018-04-12,1.129010629893358,1.065655269118803,1.072515802962894,1.1369521961574551,0.9403547698592959,1.2014392160865581
2018-04-13,1.1292324061088581,1.0659372495274724,1.0729441398344504,1.129568137539043,0.9275735764683254,1.1978666938858846
2018-04-16,1.1348155767376569,1.0668673396398551,1.075016070811978,1.133177614356478,0.9227822076303892,1.2080739001735237
2018-04-17,1.1409845539242234,1.0680851808253369,1.0774036020932645,1.1365184903263577,0.9239524851962667,1.2205266918444433
2018-04-18,1.1430201791136494,1.06728773543644,1.077009519994936,1.1428467181771826,0.9253406020031528,1.2216494845360835
2018-04-19,1.1370917700601284,1.0655317233001353,1.0738465110664583,1.1435006911973755,0.9363612783416853,1.2148616923548035
2018-04-20,1.1298862146086328,1.0632979886494984,1.0701753245293966,1.1346230508561206,0.9367240136367676,1.2048586301929172
2018-04-23,1.128653975411677,1.062692089434841,1.0693228518629971,1.1288025667220938,0.9331478414457667,1.2044503419414114
2018-04-24,1.1209677744685247,1.061254505952862,1.0663516312455203,1.1240003743218663,0.9288320708876263,1.1885271001326945
2018-04-25,1.120929001100302,1.0607608100744268,1.0657989641306902,1.1222710538633924,0.9260395065201543,1.1911809737674808
2018-04-26,1.128653123084226,1.062668653177775,1.0693203337212696,1.1320959283326533,0.9261875082910771,1.2029702970297038
2018-04-27,1.1315345331820867,1.0638428757078526,1.071053351384609,1.1334698702427626,0.9207095260228905,1.2045013779728495
2018-04-30,1.1263975597482647,1.0626221753193899,1.0689977892450124,1.1262859459845596,0.9177967003571891,1.1952638562825362
2018-05-01,1.124596513797523,1.0615170645571403,1.0676662705015547,1.1263432698427795,0.9199160454718496,1.1972032254771876
2018-05-02,1.120269664580598,1.0609599060690762,1.0661811661819485,1.120038083467822,0.9177285057105664,1.1890884964785144
2018-05-03,1.1203318404495157,1.0618848041365432,1.0669092684087853,1.120986063750792,0.9183644210254728,1.1864856588751664
2018-05-04,1.1281031748316674,1.0631936445174721,1.069742945725218,1.129140523111692,0.9169634023720687,1.2015412881494343
2018-05-07,1.1288080315098281,1.0632146889295173,1.0698451746066235,1.1289947889766252,0.9153041139823703,1.2060324589159954
2018-05-08,1.1275738388940881,1.0628035804347151,1.0690095577904768,1.1329789467792948,0.918289183486457,1.205930386853119
2018-05-09,1.1327796546337139,1.0631691588034555,1.07040083247423,1.1363987439697782,0.9148415647143228,1.2175666020210274
2018-05-10,1.141502891686374,1.0653782416714723,1.0744068473232897,1.1474582462340628,0.9190253757060327,1.2289986730631832
2018-05-11,1.142173257687331,1.0654991710650066,1.0747226714238074,1.1454515465446955,0.9188914958892601,1.2319077268551604
2018-05-14,1.1423116042196162,1.0652042137503699,1.0744029405263402,1.1464572033751759,0.9202073965122104,1.2332856997039916
2018-05-15,1.1339419281778018,1.0621804420003327,1.069588174264202,1.1378543338287288,0.9224534678770909,1.2246095743594982
2018-05-16,1.136934152608458,1.0624407727779033,1.0703924165384553,1.1425141539530137,0.925354671646768,1.2296621414718798
2018-05-17,1.1360091982471567,1.0622546783337141,1.0699393963874768,1.1411391159061035,0.9205618492692028,1.2290497090946215
2018-05-18,1.1352375416986422,1.0630369528157508,1.0705361748335225,1.1354281077926238,0.9176148643442347,1.226038583239768
2018-05-21,1.1411516308260523,1.0643023126058129,1.072919206146532,1.1421189984174913,0.9193855140909132,1.2351229968357667
2018-05-22,1.1392082840834084,1.063932136518778,1.072192877441702,1.1442581276768957,0.9246138559148855,1.2316015106665312
2018-05-23,1.1418478890330286,1.0656396153911027,1.074269083494919,1.1467242861028553,0.9242414255287631,1.235174032867205
2018-05-24,1.1410732913991104,1.0664082964160242,1.0748811445700723,1.1401250485362506,0.9185674403312443,1.23277533938961
2018-05-25,1.1390312038073211,1.066825845462091,1.0748401789438122,1.1274050786100955,0.9044815936030193,1.2299683576605092
2018-05-29,1.1325572601907368,1.0686184767890319,1.0747926059013793,1.1134572368831932,0.8904505750800437,1.2159844850464436
2018-05-30,1.1425208854631628,1.0696116769851391,1.077939651388733,1.1330273937963724,0.8997295713469717,1.2316525466979698
2018-05-31,1.1371797252903557,1.0680380914159744,1.075417522019264,1.1268708347217693,0.8998906258362025,1.223639889762173
2018-06-01,1.1413351400367695,1.0677138919699911,1.076168291750877,1.1334642534982091,0.9095155311431212,1.2362968255588456
2018-06-04,1.1425492635982963,1.0667799834987945,1.0758865043574701,1.128619432964529,0.9035367893955687,1.2420638971113616
2018-06-05,1.1424470573475731,1.0674473932017314,1.0764102165965121,1.1278669171919906,0.9028451355148707,1.2433908339287545
2018-06-06,1.14671669082136,1.0674875605893313,1.0773379522791262,1.1299662184781671,0.9001419495170364,1.2535470041849555
2018-06-07,1.148337236251092,1.0691895561429388,1.0790715407179627,1.1334877884716763,0.9061144564005129,1.2532407879963263
2018-06-08,1.1496423003735385,1.0690953635546814,1.079304233046569,1.132048617322268,0.8999113151132101,1.2571195263856292
2018-06-11,1.1510814477149387,1.06917866285884,1.0798296618670746,1.1336606830594327,0.8988171064592525,1.2587526793916513
2018-06-12,1.151496748552194,1.0689375334607034,1.0798658406922215,1.132885200500754,0.8968245274247517,1.26048790446055
2018-06-13,1.1481133889278083,1.067878248336981,1.0782811640163108,1.1300425255710618,0.9014269456210777,1.2561498417883035
2018-06-14,1.1500624551440792,1.069105695905781,1.0800707245869416,1.1261903573526901,0.8918326195034967,1.259160967643157
2018-06-15,1.1461462869351937,1.067941964875388,1.078269397402644,1.1109621833480523,0.8743767702983483,1.2517097070531804
2018-06-18,1.1442122847705885,1.0677403107909558,1.077471187532676,1.115490753120784,0.8811479675823789,1.249719301827091
2018-06-19,1.140655371192378,1.067346478622502,1.0763094130362303,1.1071524425206845,0.8702310992572785,1.2447177707461476
2018-06-20,1.1408205073622895,1.0664419029388428,1.0755481654830166,1.109819620900828,0.8715984979293255,1.2471164642237431
2018-06-21,1.1359468234596666,1.0659430881453233,1.0739223419433488,1.0970566169864648,0.8586339864911064,1.2391038072879463
2018-06-22,1.1419487951806324,1.0676696732336595,1.0766992256427153,1.1096915687001503,0.8620143679140241,1.2414514647341033
2018-06-25,1.1338875044307906,1.0661571908830216,1.073544071084617,1.0908957460856277,0.8423090835693001,1.2248137184852517
2018-06-26,1.1359230719253248,1.0667104016630862,1.0745327382439307,1.099999537943846,0.8492267776538548,1.2271103398999703
2018-06-27,1.1323133561155365,1.0668622425127376,1.0737451998188212,1.090136182371547,0.8440606212939019,1.2190466469327355
2018-06-28,1.1351624764550372,1.0671837525279444,1.0744606070223808,1.098169005515577,0.8480109600232383,1.2240481780136787
2018-06-29,1.1378953494600605,1.0675547663410223,1.0753082401313616,1.1010812618000088,0.8486718933679084,1.2260385832397684
2018-07-02,1.1347047730551423,1.0663874215902507,1.073700410642798,1.0992515030045662,0.84908676068302,1.228284168623049
2018-07-03,1.1354340806973318,1.0674447871037618,1.0749092483981273,1.096571087431341,0.8427442506353874,1.2239461059508026
2018-07-05,1.141688173540205,1.069146631998319,1.0780902473255338,1.1036095651042446,0.8400947761803912,1.2335919158926214
2018-07-06,1.1476930262037812,1.0707451153612664,1.0808741146029417,1.1088529617914624,0.8399293340440673,1.244156374400328
2018-07-09,1.152371164372566,1.0710095868972533,1.0821503735184144,1.1194336482800638,0.8532286243338103,1.2556394814739218
2018-07-10,1.1546501057403382,1.0712768833108464,1.082877952821622,1.12173469139623,0.8518344421979162,1.2597734000204157
2018-07-11,1.1458175857588895,1.069547265222497,1.07952633218961,1.1113466941023067,0.8505699207645052,1.251199346738799
2018-07-12,1.1511642098708832,1.0707468914284655,1.0819518488425288,1.1153927032555808,0.8510180801072202,1.26191691334082
2018-07-13,1.1523446337581746,1.0712979570543242,1.0826853632184767,1.1177003256711935,0.8497133872946786,1.2631417780953367
2018-07-16,1.1487073102878407,1.0700361863690284,1.0807496822641098,1.1098895813023069,0.8450880546076818,1.2623762376237637
2018-07-17,1.1502376752299703,1.0699486677669547,1.081016114009686,1.1112176480047693,0.8434272863642265,1.2670715525160776
2018-07-18,1.151085460319159,1.0699793841426175,1.0811080022063337,1.1131592513947683,0.8474158154571513,1.2699295702766167
2018-07-19,1.149761534484368,1.070406655409291,1.0812552754892781,1.1122619311261195,0.8510247072312775,1.2649790752271117
2018-07-20,1.1491963954588644,1.0698473699134121,1.0805250827978503,1.1120318688216075,0.8489758480103948,1.2638562825354713
2018-07-23,1.146791188234917,1.0682301941594154,1.078469081184033,1.1118007363944415,0.8495749287983083,1.2662039399816285
2018-07-24,1.1515785402677061,1.0694742009355296,1.0806837048716988,1.116804017821734,0.8469104622468807,1.272124119628459
2018-07-25,1.1593738186328113,1.0710597416492833,1.0838668807511973,1.1241969978491637,0.8468206088698611,1.283862406859244
2018-07-26,1.1589405361053917,1.0708484569577834,1.0836139248406522,1.1193979966723688,0.8466606472137029,1.2800347045013794
2018-07-27,1.1565736589155362,1.0706492385920952,1.0829349934439687,1.112237264912866,0.8387294599266832,1.2717668674083915
2018-07-30,1.1544227574014965,1.0700409842982639,1.0818932677725852,1.1058728086915668,0.835372524669022,1.2646728590384824
2018-07-31,1.1595698220418738,1.071436802700465,1.084548707730489,1.1081749171595618,0.8330775631335523,1.2705420026538747
2018-08-01,1.154206884224801,1.0697603060892935,1.0819265248857781,1.1042938834351443,0.8378700433244393,1.2691640298050435
2018-08-02,1.1546205514105288,1.070488147387307,1.0825844579251243,1.1104769787845314,0.8444966420094463,1.2759518219863233
2018-08-03,1.1597848967983537,1.0720609006296633,1.0852197998623583,1.1118231771927751,0.8414352037617046,1.2815147494130865
2018-08-06,1.1605552341006273,1.072471210980523,1.0857546208131499,1.1166979614779475,0.847397577904124,1.2862100643054004
2018-08-07,1.1628869974994642,1.072503187648349,1.0861472493206235,1.1223200131143547,0.8514307036802984,1.2903439828518943
2018-08-08,1.1605566731835273,1.0720128217636995,1.0851646679125977,1.1174524840019224,0.8496047088453033,1.2897315504746358
2018-08-09,1.159994006074713,1.0726536029614757,1.0855596036687924,1.1152676214251243,0.8497694904277083,1.2881494335000518
2018-08-10,1.1541352925678148,1.0723624131008958,1.0838921611562768,1.1121415387692384,0.8524833453324513,1.2794222721241204
2018-08-13,1.1488829897527477,1.0708765956547137,1.0815594993120754,1.1079913187351456,0.8527482114964008,1.2745228131060535
2018-08-14,1.153157791338798,1.071785023793315,1.0833611571572581,1.1134742324752969,0.8563170778119245,1.2823823619475359
2018-08-15,1.1447295738590144,1.0704333489438544,1.0805138005709662,1.091541489391061,0.840115631286373,1.273042768194346
2018-08-16,1.1515969677341642,1.0718162048953488,1.0832812705670387,1.0983832624940373,0.8413963099586346,1.283556190670614
2018-08-17,1.156461579481952,1.0733415802341573,1.0856830897713097,1.1010898404279281,0.8378464039436551,1.2878432173114225
2018-08-20,1.15997697368567,1.0748714515127946,1.0878021368303201,1.1046394767861676,0.8386181107733192,1.290803307134838
2018-08-21,1.161700235621663,1.0748073111523282,1.088088582395455,1.1092352696145873,0.8399673023753139,1.293457180769624
2018-08-22,1.1626216999899222,1.075390654858628,1.0886792300451034,1.117757249357115,0.8473164596738515,1.293202000612433
2018-08-23,1.1590059710438907,1.074460344930482,1.0871839411907107,1.1169642962472301,0.8530354029912761,1.2913136674492198
2018-08-24,1.1659887109811484,1.0763590997635704,1.0903822361317557,1.1233467780490116,0.8491676871275614,1.2991221802592638
2018-08-27,1.1710150671605404,1.0767968258383982,1.0917585288782015,1.127561765265453,0.8481438009300054,1.30912524242115
2018-08-28,1.169307488572688,1.0757786313480464,1.0904565724790718,1.1315841872898316,0.8535877047049114,1.309584566704094
2018-08-29,1.1740096071680977,1.0766729951340928,1.0921546445301842,1.1376989462622678,0.8548180821347339,1.3168827191997554
2018-08-30,1.1687875493147817,1.0762667073165253,1.0906465794534774,1.1328552965635907,0.8595155714901939,1.3117791160559358
2018-08-31,1.1680731833977533,1.0762572929993701,1.0904589746051763,1.1312607765299623,0.8588553748627751,1.3115239358987452
2018-09-04,1.1634019438864258,1.0747628725095164,1.0879997283964962,1.1314964708089916,0.8650509606090139,1.3095845667040937
2018-09-05,1.163204478980251,1.0747938674283053,1.0879432922672163,1.1243702026245617,0.85867376219453,1.3061141165662964
2018-09-06,1.1623053995733441,1.0752657611948837,1.0883375304115839,1.1159730701798474,0.8501590123051017,1.3020312340512408
2018-09-07,1.1580531696681953,1.07293903342347,1.0854025993186216,1.1150083493055765,0.8534406362806111,1.299173216290702
2018-09-10,1.1599722228489588,1.0737981581039087,1.0867800180329508,1.1175981078898398,0.8554326489013365,1.3016739818311736
2018-09-11,1.1611935376850249,1.0732294985411002,1.0864878807729568,1.1257942856165692,0.8611865308226667,1.3064203327549255
2018-09-12,1.1640761384610794,1.0742256684949563,1.0882074525076157,1.1238941761998713,0.854443419612538,1.3066244768806783
2018-09-13,1.1676231645688415,1.075104056500307,1.0898805251918768,1.1288414084308365,0.8560667510445246,1.3139226293763402
2018-09-14,1.166030404119493,1.0741275925169178,1.0887166562250086,1.1257728328740362,0.8556354009438688,1.3144840257221606
2018-09-17,1.164660145167129,1.0738133658103137,1.0881798983869955,1.1213131382322583,0.8499264904600883,1.307594161478004
2018-09-18,1.167449281170471,1.0736990302037623,1.0884585137668659,1.1293793784273383,0.8527764086718345,1.3144840257221604
2018-09-19,1.1678864793674968,1.0732255263244828,1.0879094316513196,1.1324730331622015,0.8500502614715728,1.315964070633868
2018-09-20,1.174395026794905,1.0750878721262596,1.0907859850914836,1.1393623312770482,0.8508055067140122,1.3262733489843832
2018-09-21,1.1749845203895906,1.0751085269015626,1.0911105813584034,1.1384250422918782,0.850899413395579,1.3255078085128105
2018-09-24,1.1702301654330287,1.0738257336877362,1.0888720707347979,1.135870394529009,0.8547686792013702,1.3211697458405638
2018-09-25,1.1692512586730346,1.0735082073114302,1.0883864536547547,1.1323081620904751,0.8506156991480393,1.319434520771665
2018-09-26,1.1666192274627758,1.073353891483047,1.088039630671811,1.1288105881310218,0.8485976761131552,1.3153516382566095
2018-09-27,1.1677460000725395,1.0736743697243494,1.0886125241216718,1.1318692306706841,0.8520963762872817,1.3193324487087887
2018-09-28,1.168707867832805,1.0743809031377827,1.0893520922527378,1.1281884361679544,0.8507512432292337,1.318822088394407
2018-10-01,1.1712513080999345,1.074561246324623,1.0899978995740132,1.1326313227981137,0.8569207823853638,1.3239767275696648
2018-10-02,1.1722693376099291,1.0755185784135035,1.0908948160342178,1.1294690350325254,0.8555953539958828,1.323568439318159
2018-10-03,1.1685998024532522,1.073317744807938,1.0878932778667763,1.1329377721794,0.8623451458496633,1.3242319077268558
2018-10-04,1.161239817408759,1.0710680604235594,1.084175298361711,1.1202280346816442,0.8580253877936532,1.314126773502093
2018-10-05,1.15800582380694,1.0699220329553456,1.0821630585525084,1.113977301048482,0.8546622962027861,1.3063182606920491
2018-10-08,1.1586743427422246,1.0697335769387053,1.0820118333012234,1.11328802743294,0.8564876021523935,1.3062672246606108
2018-10-09,1.157485606965958,1.0702031922195474,1.0821890757698445,1.1157327337248537,0.8575409920656197,1.3048382157803413
2018-10-10,1.1367630898183354,1.0654307148233848,1.073827575900887,1.079548645650432,0.8333140761687229,1.2630397060324594
2018-10-11,1.1236516388952609,1.0636177747283846,1.069949770626744,1.059856778810856,0.81255107791783,1.2370113299989798
2018-10-12,1.1304042824789948,1.064830185617041,1.0725936229709432,1.0790272754999746,0.8223140123968488,1.252781463713382
2018-10-15,1.1287531264710753,1.0648983108890548,1.072190038604397,1.0709983399727667,0.816735451034791,1.2458405634377876
2018-10-16,1.1425158779021234,1.0677298498258423,1.0775530743753112,1.092154237093077,0.823645632211608,1.2719710115341434
2018-10-17,1.1387335776195926,1.0664421472535108,1.07545576364261,1.0877571597721758,0.8253083972637106,1.2727875880371546
2018-10-18,1.1293930237835828,1.0651514830828328,1.0723247095342483,1.0767338532384,0.8227929074212267,1.2544656527508427
2018-10-19,1.1311000790120873,1.0651915993053163,1.0727420935074163,1.072333123845495,0.812025783289125,1.2535470041849552
2018-10-22,1.1272395716934986,1.0639605571919155,1.071004509598488,1.0728803564820892,0.8135206458018047,1.2482902929468211
2018-10-23,1.1215489762417457,1.063533354443217,1.0695836034778168,1.0573988733959279,0.8049631024607015,1.241451464734103
2018-10-24,1.106486276406502,1.0624715715351147,1.0654141161590922,1.0268997019654318,0.7846993534695755,1.2037358375012768
2018-10-25,1.11526095470648,1.0634518386661813,1.0680965748161806,1.048352776565761,0.7967719622692668,1.2255282229253863
2018-10-26,1.1060107049158032,1.0624383424346804,1.0651782484040015,1.035861201787873,0.7957182226917058,1.203786873532715
2018-10-29,1.1028871069215305,1.0621292210890068,1.064248294283983,1.0277349285510518,0.792749806633849,1.1968459732571204
2018-10-30,1.1129057563762215,1.0632932500925996,1.0673325507839748,1.0415620061447828,0.7957017885161785,1.2158824129835673
2018-10-31,1.114883757581491,1.0626202012561197,1.0669936127172268,1.0500197327008678,0.8007634407023507,1.2285903848116777
2018-11-01,1.1251751724397019,1.0650694630808686,1.0714118784717233,1.054678378338604,0.7915340463712862,1.2407879963254065
2018-11-02,1.1212850344470413,1.0628099932464659,1.0686410760696017,1.049134525806675,0.7860206679152819,1.233642951924059
2018-11-05,1.1271517795425396,1.064414637675175,1.0711775542289144,1.0532942655786235,0.7846142595218596,1.2412473206083503
2018-11-06,1.1311829783490814,1.0650692815080625,1.072729503585819,1.056691371269296,0.7837732532955896,1.2486985811983267
2018-11-07,1.1440860045462167,1.067402487593051,1.077578163980061,1.0697504816529366,0.7893958115717902,1.2753904256405029
2018-11-08,1.1395694714461337,1.066208161822327,1.0755537502769559,1.067587822655725,0.7959236345218632,1.2730427681943457
2018-11-09,1.1334186176755912,1.0655134332250278,1.073704868658109,1.0615064117667827,0.7957551019661232,1.2609982647749316
2018-11-12,1.1224273958007414,1.0641059231860228,1.0701717326312168,1.0512754593411149,0.7895995781262827,1.2367561498417887
2018-11-13,1.1203813629314647,1.0636153923210416,1.069240890889874,1.0442341096435972,0.7814822544379895,1.234765744615699
2018-11-14,1.1177273215710024,1.0638042872939497,1.0685796430662637,1.0420065323008283,0.7776113322850502,1.226140655302644
2018-11-15,1.1233968788661215,1.0648944147923316,1.0703226222138276,1.0521717943222764,0.7800983057575357,1.239154843319384
2018-11-16,1.1281353804221477,1.066854394821346,1.0727697623128913,1.0545782589695563,0.7781548279954417,1.2424211493314283
2018-11-19,1.1208043138090948,1.066353465186013,1.0706695233545211,1.034501184247299,0.7697717761487091,1.2214963764417681
2018-11-20,1.1058176321517745,1.0630323277387765,1.0648851619918105,1.0144812651037383,0.7684295892676841,1.1989384505460856
2018-11-21,1.110009198193607,1.0638491255261988,1.0666279734265067,1.016242429632655,0.7623858258362036,1.2029192609982648
2018-11-23,1.103412561299069,1.0623504529447898,1.0641161913826704,1.0091973142003057,0.7658285865375912,1.1951617842196594
2018-11-26,1.112150995519773,1.0640148394182503,1.0672529010435798,1.021806862664756,0.7695045963232597,1.2138409717260388
2018-11-27,1.112984961606179,1.064244947302491,1.067560935905408,1.0259883099057687,0.7732744160963886,1.2177197101153414
2018-11-28,1.1262239351311936,1.0671499631414347,1.0727784275825814,1.0328235231875893,0.7725149011537521,1.245279167091967
2018-11-29,1.1259548402821156,1.067534414941985,1.0729470549330764,1.0352959649793891,0.7746791242081069,1.2433908339287536
2018-11-30,1.130459083835381,1.0689140283949856,1.0747892619769723,1.037851833919313,0.7770408270800783,1.2513014188016738
2018-12-03,1.1419044387901434,1.0715252527385855,1.0792562094405456,1.046955804119251,0.7721420056052798,1.26753087679902
2018-12-04,1.1242011647747754,1.0696373414997813,1.074161253932321,1.038831562759992,0.7702805249780116,1.2272634479942839
2018-12-06,1.121605616050465,1.0701775515724188,1.0741896850708583,1.0400187181168041,0.7774830598779066,1.2244564662651831
2018-12-07,1.1102340595612046,1.0696144235429392,1.071321457718822,1.0203659870408661,0.7701096797534018,1.1966928651628048
2018-12-10,1.1079412189050748,1.069240974530098,1.070790864589735,1.0227415334421732,0.7753736480216519,1.1985811983260182
2018-12-11,1.1087998018019243,1.0686623538885802,1.0707802643264634,1.0253439850231678,0.775315954600184,1.1987343064203326
2018-12-12,1.1118428246224927,1.0687797576807552,1.0715940158186728,1.0301414391093708,0.7740497643235847,1.2052158824129835
2018-12-13,1.1126921840583262,1.0698864319752892,1.0727812594685069,1.031223516526034,0.7774540626379585,1.2045013779728486
2018-12-14,1.1011545412100308,1.0680698294821007,1.0687926484173427,1.017225081042943,0.7688459947355517,1.182657956517301
2018-12-17,1.0873150075039533,1.0663511108948196,1.0642535673107216,0.996993227702152,0.7633232536543705,1.1581606614269673
2018-12-18,1.0862612357261514,1.0668124655432056,1.0644947583221247,0.9957638348368466,0.7600627135014774,1.1579054812697762
2018-12-19,1.077472519763992,1.0657860547818063,1.061500626977784,0.9896102257796731,0.7564920149987098,1.1394304378891493
2018-12-20,1.0683579372325431,1.0639558638789157,1.0576208223953978,0.9803275787116894,0.7500041810713183,1.121567826885781
2018-12-21,1.0574011210799914,1.062240697962953,1.053731514763505,0.9705720526092869,0.7469155826164813,1.0984485046442785
2018-12-24,1.0397402578888733,1.0598238510260316,1.0475250094616202,0.9493774067511782,0.7426257427082593,1.0699703991017655
2018-12-26,1.0677427859110158,1.0634410914065444,1.0570127227212243,0.9682024285916295,0.7468681505771022,1.122639583545983
2018-12-27,1.0730137275255265,1.0654245100802824,1.0595873014591777,0.9729803194219543,0.7490179995926732,1.1331530060222514
2018-12-28,1.074064415044256,1.0676054027431428,1.0618119753211668,0.9753196748951032,0.7513972860609347,1.130958456670409
2018-12-31,1.0792861990350726,1.069250257651776,1.064384333292898,0.9774139131765884,0.7533108576764932,1.14167602327243
2019-01-02,1.0790881550155211,1.069599024189582,1.0645800016714337,0.9684003379126909,0.7376338583292704,1.1423905277125648
2019-01-03,1.0695109058321282,1.0709994607377158,1.0636646810302501,0.9674821860583172,0.7456551481857384,1.1146269266101865
2019-01-04,1.089938776940914,1.072092981173168,1.0696110632475304,0.9860379981308919,0.7409932929517055,1.1522404817801366
2019-01-07,1.0947544991736637,1.072240864294945,1.0711040781987808,0.9861618223313884,0.7377049196170291,1.1609166071246297
2019-01-08,1.1019842429368107,1.0729448800508332,1.0737859504912326,0.9900783333916887,0.7373267216669873,1.1715831376952126
2019-01-09,1.107369982241248,1.0744560645051007,1.0763228201863564,0.9895272488311646,0.7290032116408753,1.1775033173420433
2019-01-10,1.1107270857019467,1.0746773890484036,1.077253029601995,0.9913401360653136,0.7277422841728584,1.1823517403286719
2019-01-11,1.110038838645818,1.0753905488066677,1.0776489385240149,0.992349878198677,0.7305276757098933,1.1815351638256608
2019-01-14,1.1046885744417612,1.0741257480279722,1.0751390100836629,0.9830758597538416,0.7267536419046489,1.1749004797386955
2019-01-15,1.1103131694065491,1.0752530944788952,1.0774076181073209,0.9895953717412421,0.7334121835551458,1.1880167398183117
2019-01-16,1.1134672794616762,1.0758376416886404,1.0787268111912767,0.9902883140061675,0.727078331119572,1.1913851178932324
2019-01-17,1.118969924360469,1.0765411428206932,1.080705875152637,0.9928146848457695,0.7248603975407929,1.2006736756149838
2019-01-18,1.1275014936859447,1.0766933071946134,1.0830140680755447,0.9914623167562928,0.718709695605326,1.2162907012350717
2019-01-22,1.1187173323181618,1.0765036562212291,1.0807535101577996,0.9941180500357956,0.7271302222596152,1.200418495457793
2019-01-23,1.1204833336296052,1.0768155123623318,1.0817224008899446,0.9959758332561119,0.7303830089806699,1.2023068286210061
2019-01-24,1.1224237999798161,1.0782432252663847,1.0833020444153116,0.9988293946499451,0.7273890307061635,1.2034296213126463
2019-01-25,1.1292271385548618,1.0788903431941084,1.085460299293551,1.0027953034472752,0.7253949606910226,1.2133816474430943
2019-01-28,1.1247831208967691,1.0783382582687715,1.0840133973033959,0.9987780983291222,0.7279236797753753,1.2042461978156573
2019-01-29,1.1280386165038905,1.0800187949618076,1.0862073281956663,1.0026553347254128,0.7248571595227153,1.2030723690925786
2019-01-30,1.1394128025353467,1.0833578597685578,1.091733314513918,1.0083704348924818,0.7232618564449818,1.220934980095947
2019-01-31,1.145024396932173,1.0861380281182227,1.0956600513138826,1.0202022788203342,0.730384826078066,1.2317546187608444
2019-02-01,1.1442798452662526,1.084322619283028,1.0939711126437646,1.016089672611911,0.7271134630980328,1.2330305195467992
2019-02-04,1.1473007620714983,1.0842570021866276,1.0945925505391492,1.0155688586408476,0.7230832631215531,1.2418087169541687
2019-02-05,1.1516963171689258,1.085661666041043,1.096970319699313,1.0181108845571947,0.7224954090026875,1.2470654281923028
2019-02-06,1.1491332446823723,1.0852167156968275,1.095904670298149,1.0160182433436422,0.7244359820859598,1.2455853832805952
2019-02-07,1.1438319580734673,1.0855066202541686,1.0948198456774259,1.0182340925648263,0.7298379850007232,1.2334388077983047
2019-02-08,1.144164783346398,1.0863283533305725,1.0956176171783747,1.0205076126209562,0.728827911436035,1.235122996835765
2019-02-11,1.1441023160328876,1.085439208969195,1.0948733018933252,1.019078075618568,0.7282164382640778,1.2357864652444617
2019-02-12,1.1525764308963529,1.0868773491600134,1.098049029939286,1.022010323529281,0.722897881364982,1.2511993467387967
2019-02-13,1.153776568569529,1.0859571192853488,1.0974651764970111,1.0222046687320263,0.7243388209182521,1.255231193222414
2019-02-14,1.153572357638307,1.0876179710577858,1.0986145058641668,1.026058958682241,0.7310792299038532,1.2529856078391335
2019-02-15,1.1629554508431286,1.0896112956663815,1.1023786540011489,1.028413199071802,0.7286093689036333,1.2663570480759405
2019-02-19,1.1665672022313252,1.091646742732905,1.1046871177169555,1.030979766489454,0.7272897367325298,1.268602633459221
2019-02-20,1.1688155291192732,1.0917503004257052,1.1052176007560417,1.02959608309015,0.7214945569134986,1.2711033989996927
2019-02-21,1.1654271344804963,1.0898428621404674,1.1029785021141976,1.028025000987792,0.7254230658556734,1.266714300296008
2019-02-22,1.1705297304823776,1.0920525705244954,1.106016991975779,1.0340291020079635,0.7259444647729858,1.2744717770746135
2019-02-25,1.1701103070759253,1.0913834462346497,1.105379015493918,1.031154961984747,0.7220475569299291,1.2764111462692649
2019-02-26,1.1701438756289666,1.0923272868990448,1.1062125500848046,1.0309591337615818,0.7225269983381957,1.2752883535776245
2019-02-27,1.168059835476425,1.0907166035299856,1.1043897874759276,1.0239369400160323,0.7220501076978624,1.2745738491374898
2019-02-28,1.1645760302635837,1.0893671074499123,1.102604488223946,1.0214481044299244,0.7234017008534116,1.2721241196284563
2019-03-01,1.1655907612230525,1.087777535429262,1.101669762900852,1.0161373351085143,0.7216791244447294,1.2801878125956911
2019-03-04,1.1649342412919503,1.0884045397818942,1.102039538319391,1.0187403104897734,0.7206137834144836,1.275441461671939
2019-03-05,1.1649920211110316,1.08870277272457,1.1023063455382598,1.0198427908609276,0.7227633589024289,1.2740124527916694
2019-03-06,1.1610612315274715,1.0887897465684233,1.1014734130937593,1.015744918317143,0.723090550157874,1.2661529039501873
2019-03-07,1.1557119850765012,1.0889566551445322,1.1004812752630198,1.0146743816809676,0.7260850443127282,1.2560477697254246
2019-03-08,1.1549534143543754,1.0897202358262459,1.1009244551998547,1.017378150448353,0.729076172713015,1.2531387159334475
2019-03-11,1.1642067628538555,1.0912029712941018,1.1043283481048651,1.0264669134803062,0.730672169222972,1.2713585791568833
2019-03-12,1.1681467473576992,1.0930272309194655,1.1067454317488055,1.0315462915805398,0.7309470585830415,1.2757476778605679
2019-03-13,1.173342858329692,1.0942288625515693,1.1088125360730168,1.0348078496655315,0.732517655241028,1.2843727671736227
2019-03-14,1.170831281205172,1.0931221104882756,1.1072742484870406,1.0312628883227082,0.7308169661433308,1.2837603347963644
2019-03-15,1.1756714370373726,1.095022632491903,1.1100545648837274,1.0353134803145583,0.7289934493842577,1.2900888026947008
2019-03-18,1.1792746611912943,1.0953887144291292,1.1110201517277625,1.0324851608412886,0.723743602978894,1.2950392977442058
2019-03-19,1.178677220263116,1.0950332587796812,1.1106774934912076,1.0283809780240394,0.7247681414683831,1.2954475859957113
2019-03-20,1.1798988702358637,1.0976581442524898,1.1134198331390195,1.033618525658349,0.7276485215641527,1.2908033071348355
2019-03-21,1.186230582628256,1.098832694296987,1.1158348246463656,1.042266968204995,0.7334997859073892,1.3049402878432157
2019-03-22,1.1738970430605158,1.0990712967171303,1.1134691162706338,1.0416090540040015,0.7406732501882607,1.2809023170358258
2019-03-25,1.175334113490446,1.1005593327863148,1.1149978673040097,1.0423655457522798,0.7404746618184032,1.2793202000612418
2019-03-26,1.1805979214733182,1.1014333864058665,1.1169894940821665,1.0484790596195157,0.7437010078027853,1.2887108298458696
2019-03-27,1.177682392284317,1.1018520188210033,1.1166654229288029,1.0431478931330505,0.7443473644718169,1.2818720016331515
2019-03-28,1.1800610332348576,1.1020475580358418,1.1174547774145147,1.0437632031073507,0.7454794093382175,1.287179748902724
2019-03-29,1.1847113103466866,1.10239338128559,1.1189004106694946,1.0508234630340987,0.7491222302316096,1.2951413698070824
2019-04-01,1.1907555811887325,1.1015440139190016,1.1193957629645925,1.050262370464384,0.7391731415155869,1.3102480351127883
2019-04-02,1.191024732873433,1.102244047249696,1.1200409975435253,1.0519207583638115,0.74069009151014,1.3113708278044283
2019-04-03,1.1917357715383912,1.1014025587782104,1.1195069268043663,1.049936593841346,0.7358103255498595,1.3135143411248325
2019-04-04,1.194531785958138,1.1024518741609508,1.1209927254682526,1.0488500754528933,0.7322682081011048,1.3168316831683151
2019-04-05,1.1993420771475056,1.1035014516098878,1.1230823933681318,1.0550876931142987,0.7361249696187538,1.323007042972337
2019-04-08,1.199444446799862,1.1030991173996978,1.122693827927926,1.0508226266770242,0.7340457096650357,1.324282943758292
2019-04-09,1.1955820243283393,1.102906379429992,1.1217731986199797,1.0500319753343548,0.7338759195815013,1.3175461876084502
2019-04-10,1.1995632123697677,1.1049135260651672,1.1245994646763997,1.0517764285712423,0.7345904513426834,1.3219352863121347
2019-04-11,1.1976939659870316,1.1034532332787863,1.1231230313995066,1.0500773298716364,0.7370908477407146,1.3216801061549441
2019-04-12,1.202054893965954,1.1033465092678094,1.1240596188727152,1.050945224596306,0.737725083244163,1.330356231499437
2019-04-15,1.2005337088184733,1.1032003104496118,1.1235454352426737,1.05107251413769,0.7403460569955269,1.3296927630907405
2019-04-16,1.1985456120450322,1.1016941913767553,1.121603442645623,1.035440102019429,0.7286254782061277,1.3305603756251896
2019-04-17,1.1963812576821327,1.1014305821770762,1.1207067134432485,1.024909919808296,0.7210978758799177,1.3273451056445833
2019-04-18,1.1982502129254229,1.1024326621189147,1.1219582716449343,1.0285327962066289,0.7246720043998818,1.3297437991221788
2019-04-22,1.1971998543599773,1.101889554159759,1.1210878210711372,1.024453545168011,0.7210133322781208,1.331172808002448
2019-04-23,1.2025582501328775,1.1036040583217754,1.1239383211556981,1.0334964991409061,0.7284716400366242,1.3430131672961092
2019-04-24,1.2013233143428506,1.1045430255451179,1.1244941687260575,1.0386205021450183,0.7369712196814694,1.3398999693783795
2019-04-25,1.1988726337379811,1.1039229734801785,1.1234420472064657,1.0402063884042942,0.7388185198955786,1.3395427171583123
2019-04-26,1.202680947927628,1.1061658624035904,1.1262808780270348,1.046293509886842,0.742070324468897,1.3454118607737047
2019-04-29,1.2014356399965307,1.1049716347809644,1.1248835205981926,1.0426288279642921,0.7380233504967528,1.347096049811165
2019-04-30,1.2058002286625065,1.1070158939752777,1.1274610253234976,1.0518802236367202,0.7437833537707376,1.3475043380626706
2019-05-01,1.1985724234119055,1.104652138521516,1.1239807701807794,1.048994659333672,0.7422905330005348,1.3381137082780428
2019-05-02,1.1954089372492869,1.1029240337758612,1.121974814146915,1.0466969866027842,0.7402845002109188,1.3349494743288746
2019-05-03,1.2036687756298454,1.1056379854929663,1.1261185764464456,1.0548159392962715,0.7416674509658192,1.3480146983770525
2019-05-06,1.1992900327966258,1.1053948051579534,1.1249955688348667,1.0501529484378898,0.7435564842243556,1.3427579871389184
2019-05-07,1.1873053599449808,1.103474206490034,1.120592108514301,1.0374102854639555,0.7424011363334214,1.3208635296519324
2019-05-08,1.1855907038959572,1.1023631020255162,1.1192895775701515,1.0331107503075698,0.738813540781543,1.3193834847402246
2019-05-09,1.1830325725985915,1.1025762269517145,1.1188163567336622,1.0313670781898368,0.7383807008486492,1.3145350617535962
2019-05-10,1.1888318810358662,1.1042984067395756,1.1216050923412193,1.0414344948525271,0.7423968119925993,1.3207614575890563
2019-05-13,1.17444229084672,1.1027031059947723,1.1169461542116697,1.0263016995052912,0.737495167621088,1.2884556496886785
2019-05-14,1.181036295143273,1.1040101011932688,1.119528656206844,1.0313706133220253,0.7355343980181368,1.2994283964478908
2019-05-15,1.184921870513653,1.1060838207825332,1.1220763614826694,1.0363106997349931,0.7360036827686806,1.3075431254465637
2019-05-16,1.1900034547538147,1.106373417050843,1.1235336694252467,1.0422271653969102,0.7386694615105626,1.3191283045830342
2019-05-17,1.1843347378955873,1.105217606402491,1.1214526998165568,1.0394398904547408,0.7408021289276056,1.3111666836786757
2019-05-20,1.180160778042315,1.1037879997016329,1.1193371463025887,1.0327686395399418,0.7371336412363776,1.3020822700826769
2019-05-21,1.1865439297939746,1.1046874089704295,1.1215127780066247,1.0359845351729553,0.737164046081598,1.313616413187709
2019-05-22,1.183825210071674,1.1050320818887764,1.1212788111390444,1.039279278406162,0.742023724330057,1.3096866387669681
2019-05-23,1.1762925601339609,1.10566652223924,1.1200072711444435,1.0347500197707435,0.7487382364991246,1.293967541084004
2019-05-24,1.179165733143144,1.1063656515607472,1.1212172735181034,1.034391290696805,0.7455063654860479,1.2974379912218013
2019-05-28,1.1730098995766052,1.1059386656297783,1.1192848556514736,1.0252027447450358,0.7414578233711818,1.2853424517709489
2019-05-29,1.1686186367142672,1.1049067776953077,1.1173149413568595,1.0164984530212837,0.7344071956530024,1.2759518219863208
2019-05-30,1.1710651787844202,1.1070344239775731,1.1197985068062186,1.0200283982149758,0.7375219472380549,1.2792691640298035
2019-05-31,1.1650355519164046,1.1082260312578467,1.1190019096688233,1.0148061301951314,0.7360543730989602,1.26268245381239
2019-06-03,1.1712724631424485,1.1122314818259258,1.1234994945093049,1.0166030961907897,0.7278758429099624,1.2592120036745926
2019-06-04,1.1831453736289876,1.1140642268836216,1.1279453627227942,1.0284565274857598,0.7312161671507055,1.2861590282739597
2019-06-05,1.1872022771320878,1.1151863954933587,1.1300189350210246,1.045072477962498,0.7466861615502767,1.2970807390017334
2019-06-06,1.1937635159593951,1.1169808883646866,1.1328420534014467,1.0511783691346923,0.7474230583876579,1.3058589364091029
2019-06-07,1.2012425982322184,1.1204917148396194,1.1373778607704723,1.0585615974780478,0.7531861493763524,1.31866898030009
2019-06-10,1.2018651058721064,1.1185876046202596,1.136100651310007,1.0541924387397046,0.7494039689280406,1.32489537613555
2019-06-11,1.2031154270233233,1.1188562937477196,1.136711984450995,1.0542220029574,0.7499728081383246,1.3247933040726734
2019-06-12,1.2015343400628162,1.1193291077825753,1.136804690786674,1.0589136947705284,0.7568914353519117,1.3219863223435726
2019-06-13,1.2063296300153916,1.1219315348213585,1.1398506873279444,1.0619095628881032,0.7563632520226871,1.3278554659589652
2019-06-14,1.2049442443630192,1.1218459825957745,1.1394204444902096,1.065433241663531,0.7637671314570649,1.3262733489843812
2019-06-17,1.2047353949945216,1.1213912909783246,1.1390771542215237,1.0679606803385076,0.7658169124773787,1.327345105644583
2019-06-18,1.2143753534991792,1.1249561151641598,1.1441883318173791,1.0720823065376013,0.7631689649671534,1.3404103296927612
2019-06-19,1.2181737052835635,1.1280462998657859,1.1478289361717942,1.0761676068477546,0.7650979656858654,1.3435745636419292
2019-06-20,1.2299248139726568,1.132960049784252,1.1543431037336742,1.0817935455749226,0.7615566636671709,1.3567418597529834
2019-06-21,1.2274415159989944,1.130837541408294,1.1521053105896544,1.0757694842200984,0.7551321319239305,1.3547004184954559
2019-06-24,1.2282602451396034,1.1326888747196546,1.1536363805346546,1.0771791175983676,0.7562684811325423,1.3531183015208716
2019-06-25,1.2227179959539294,1.1314385834253262,1.1511351736155795,1.072267851408934,0.7537556724079222,1.3398489333469408
2019-06-26,1.2196268355063378,1.1284645062026954,1.1480967096096717,1.0588780047125161,0.7397064450362958,1.338573032560986
2019-06-27,1.2238203367622433,1.131109280062242,1.1512554922332736,1.0645981861274982,0.7444726485308829,1.3432683474532998
2019-06-28,1.2272178771037026,1.1321779825180103,1.1529210224196418,1.0660436550010297,0.7443197990742363,1.3505154639175236
2019-07-01,1.2305589847793048,1.1320622455002862,1.153713459134468,1.0692667527988802,0.7458658343336778,1.3619475349596792
2019-07-02,1.2338955979987722,1.1348309231012343,1.1567423188980366,1.083979827224199,0.7620127750742929,1.3659283454118583
2019-07-03,1.2411065406496649,1.1379636713673462,1.1608186719364402,1.091375715665486,0.7693597319840615,1.3767990201081939
2019-07-05,1.235938894844255,1.1334760212855306,1.1559544031438567,1.0833932603267866,0.7618706174085347,1.3743492905991608
2019-07-08,1.2324259771323307,1.1319321355544327,1.1539292947676898,1.0826641031249502,0.760300194815912,1.3678677146065097
2019-07-09,1.2317912690927453,1.1315293970382592,1.1532509990306663,1.0830915690958334,0.7600179013570193,1.3695519036439703
2019-07-10,1.2373509473002509,1.1346268248862335,1.1568339279751312,1.0833287419899018,0.7544326317025751,1.3759314075737445
2019-07-11,1.2358814718406297,1.1321209606752454,1.1546297303854023,1.0804660214687496,0.7520276054353474,1.379197713585789
2019-07-12,1.2396396415437332,1.1335823397843061,1.1565226482500144,1.0791490422188061,0.7511250408230733,1.3853220373583721
2019-07-15,1.239650965702916,1.1342356333068269,1.157114568980511,1.082176367773177,0.7572659919967394,1.3861896498928215
2019-07-16,1.2355010703261222,1.131862357240923,1.1545523843055292,1.0790564202384185,0.7583767450405431,1.3812901908747546
2019-07-17,1.2329689257121161,1.133081625074703,1.1549257916827784,1.0825815548116924,0.7643023922802145,1.3721037052158795
2019-07-18,1.2372054208482741,1.1356818363881112,1.157841373084189,1.086449240553469,0.7673145726839126,1.3771052362968226
2019-07-19,1.232263127454928,1.1327403013948778,1.154459094960824,1.0755884970539826,0.7582766055975153,1.3697050117382843
2019-07-22,1.2330687912035927,1.133272607210137,1.1551884948968436,1.0739702692887116,0.7586807381245546,1.372256813310194
2019-07-23,1.2382906828408384,1.134333605702341,1.1573501082959758,1.0783264334937768,0.756668917783222,1.382208839440642
2019-07-24,1.2408930911012277,1.1358290857006568,1.1589558490902383,1.0784121753731246,0.7564719380050248,1.3887924874961695
2019-07-25,1.2348877991076777,1.13277634901795,1.155407969478301,1.074178622327332,0.7559592136385207,1.3822088394406422
2019-07-26,1.2378975490810769,1.1342222839613894,1.1572776943424825,1.079414972300693,0.7618658030542235,1.3913442890680792
2019-07-29,1.2381355976598634,1.1345931281347508,1.1575090535302037,1.083139384895006,0.7650301613707485,1.389200775747675
2019-07-30,1.2379714759681286,1.134826865279574,1.157482558577178,1.0822030669167015,0.761116171779802,1.3859855057670687
2019-07-31,1.229526990182084,1.132452437425117,1.153723002869482,1.0759375213955775,0.7562895492979248,1.3703684801469809
2019-08-01,1.2253177435915301,1.135240158970172,1.154992069113194,1.0835768787285918,0.7738070245442189,1.3592936613248923
2019-08-02,1.2211721503633337,1.1347955833540766,1.1535345861014055,1.0779901315586295,0.7723800106060961,1.3483209145656805
2019-08-05,1.2018622438964675,1.1308192350124981,1.1455681118549814,1.0598093180456762,0.7663883097865993,1.3088190262325172
2019-08-06,1.2116922538056811,1.135422469394072,1.151547413329497,1.0717702710196861,0.7772185441942856,1.325762988669998
2019-08-07,1.214177668780502,1.1361789707905308,1.1529752454918252,1.0804283478450118,0.7859308341242026,1.327753393896088
2019-08-08,1.2284143445094016,1.141112014007971,1.1599380074282108,1.092176108510829,0.7899787652475665,1.3528120853322416
2019-08-09,1.2234264105492907,1.1390103349285838,1.1570624792122046,1.087513342187797,0.789335856941774,1.3436255996733664
2019-08-12,1.216659500881779,1.13959162566659,1.1555715730844804,1.0846808915115176,0.7901193611226779,1.3267326732673237
2019-08-13,1.2265763324784063,1.141914513702681,1.1596090193500694,1.0881689800697227,0.7939524179901821,1.3474022659997928
2019-08-14,1.2068846597557763,1.1383201924774489,1.151645134571577,1.0861683760464156,0.7982516909411487,1.3087169541696408
2019-08-15,1.211432027189951,1.1426459291540108,1.1560057643033104,1.0944918095181029,0.8056755185708885,1.3115749719301797
2019-08-16,1.2210090959222997,1.1447493924238077,1.1603677976478282,1.0994595843367492,0.8080795146715573,1.330764519750941
2019-08-19,1.2270179481358339,1.1443371333469887,1.1619343364694916,1.1022542945543656,0.8070035123918409,1.346942941716849
2019-08-20,1.2243986165106775,1.1455338842468161,1.1619823938569496,1.1068081702331676,0.8138206911397294,1.3363274471777042
2019-08-21,1.2298633893953586,1.1461862383966166,1.164270999779501,1.1105959278598458,0.815853048458283,1.3473512299683543
2019-08-22,1.2278688580874666,1.1445069460887876,1.1628399296490743,1.1076618559309397,0.8179401383713363,1.3469939777482869
2019-08-23,1.213280177112592,1.1429260292318113,1.1576932272232787,1.1098651213804747,0.8253981331729874,1.3126467285903816
2019-08-26,1.2199035959548277,1.1445487447403935,1.1609259843059392,1.1157971420972403,0.8279084584460689,1.326783709298762
2019-08-27,1.220379988320858,1.1469854004135798,1.1623346089636577,1.120916298658984,0.827862380512425,1.3210166377462456
2019-08-28,1.2260737711389582,1.1491435715675393,1.165165415739824,1.1232161340308537,0.8272461792738975,1.3309176278452552
2019-08-29,1.2339588952880676,1.1506023947667676,1.1681326854341885,1.1282790433467125,0.8274077900582385,1.348116770439927
2019-08-30,1.2340739479902376,1.1504551463800994,1.168187810790599,1.1269852083844756,0.8275649241964252,1.347555374094107
2019-09-03,1.2324335149156833,1.1509635766978354,1.1681622365126065,1.1376767931815723,0.8366708910474738,1.339695825252625
2019-09-04,1.243091128960331,1.15551233773242,1.173822424520314,1.1470145787193797,0.8348568805610308,1.3545473104011398
2019-09-05,1.2455606540433233,1.1520206440915493,1.1722845205530814,1.1294201685813754,0.820376075555218,1.3719505971215642
2019-09-06,1.2475331607402733,1.1532765251986186,1.17366138446269,1.1287063530358603,0.8187222238227141,1.3733285699703954
2019-09-09,1.2467978150094485,1.1504736104910716,1.1715797612097816,1.120632007076776,0.8036935576409956,1.3740430744105305
2019-09-10,1.245153628521166,1.1468121287303596,1.168748429959705,1.1112427715385373,0.7931522071475454,1.3735327140961486
2019-09-11,1.2496789715782635,1.1480367490659877,1.1708401175468213,1.1153131613352518,0.7973670079043771,1.3837399203837877
2019-09-12,1.2517632423102474,1.1479344097508108,1.171592985002788,1.116196386645659,0.7992387937354006,1.388588343370416
2019-09-13,1.2490359039088683,1.1434360154952308,1.1679403016269354,1.1029122213717661,0.7840624025897363,1.3869041543329557
2019-09-16,1.2528329694456322,1.1475076844224066,1.1709698417115644,1.110644824568095,0.7821198349205264,1.3832805961008439
2019-09-17,1.2546840767873093,1.1488650575332997,1.1727187807426935,1.1165240411792063,0.793116985531653,1.3867000102072027
2019-09-18,1.2538822689796327,1.1485186607566216,1.1723341750461207,1.1164841348665266,0.7949818342775344,1.3874145146473376
2019-09-19,1.2549596081433363,1.1493969682983796,1.1732420117418583,1.118765587770408,0.796265415087747,1.3872614065530229
2019-09-20,1.2553610372586754,1.151902266736446,1.1749928817853506,1.121426400260912,0.7960316915339866,1.3798101459630465
2019-09-23,1.2563329621683539,1.1527781230812986,1.1757227709258853,1.1247966455255987,0.7994751619171666,1.3808308665918103
2019-09-24,1.2526623819104599,1.1533531700439774,1.1751907295734942,1.127286241050634,0.8032705898600493,1.36980708380116
2019-09-25,1.251448370338921,1.1501922060412786,1.1728932926866167,1.121714317020593,0.8016156879709617,1.3776666326426423
2019-09-26,1.251870442462226,1.1511850401415438,1.1737911887960037,1.1244499591218484,0.8062020441977081,1.3748086148821035
2019-09-27,1.2480651763384953,1.1503048908343256,1.1721186176292215,1.120328427314907,0.8048767715944899,1.3674594263550033
2019-09-30,1.2499734106688234,1.1511080965540785,1.1735654961319826,1.1183175334795281,0.8073320490838487,1.3738389302847778
2019-10-01,1.2407015371849697,1.1489224817233576,1.169729588290908,1.1171432684250198,0.8090913910860167,1.3577625803817464
2019-10-02,1.22796240884517,1.1453657995366044,1.1636358859150644,1.116353632397175,0.8109421673375147,1.333877717668671
2019-10-03,1.2353227664676525,1.1499108249268488,1.168662755388624,1.1237206574203413,0.8134294000672203,1.3444932122078155
2019-10-04,1.2454051479985235,1.1543291891646879,1.174403275276933,1.1334344715127749,0.81837465985384,1.3623047871797458
2019-10-07,1.2396711918775365,1.1507904917264056,1.1705566169302084,1.126276578661669,0.8139916754088741,1.3567418597529823
2019-10-08,1.2299762803967627,1.148105962191042,1.165929684392415,1.1222051003913196,0.8124938769449771,1.336225375114828
2019-10-09,1.2361474867960975,1.1495784002083653,1.1687581552467003,1.125418665503711,0.813656770015397,1.3476064101255456
2019-10-10,1.2394919520802037,1.1485102409215935,1.1689862175696637,1.1177632290289212,0.8059297390298553,1.35766050831887
2019-10-11,1.2469834083880136,1.1493651411360224,1.1717635203931718,1.111467589026736,0.7937564272307561,1.3713381647443061
2019-10-14,1.245969996965408,1.149780912795602,1.1717000867256118,1.112874914630068,0.795894335711845,1.3703174441155423
2019-10-15,1.2496377288998046,1.1495721274303126,1.1728304405816463,1.1071031873259312,0.7899202919070192,1.383535776258035
2019-10-16,1.2498478194257912,1.1504430855836139,1.1735219961140981,1.1096785135047478,0.7937855658378162,1.3815964070633835
2019-10-17,1.2525603035182302,1.151440996059951,1.1751415481305343,1.111850606490368,0.7933788710091096,1.3850668572011808
2019-10-18,1.2512761971860678,1.1514095785586433,1.175000079785927,1.1146672579799717,0.7965425885668491,1.379861181994485
2019-10-21,1.255083784827539,1.15159390355733,1.176214159251075,1.1150291924027822,0.7952470918128349,1.3888435235276073
2019-10-22,1.2557709870544973,1.1526593475327664,1.1769614486390674,1.1149137176348094,0.7918274250111018,1.384046136572417
2019-10-23,1.2594308137540204,1.154304979833307,1.1789967002911939,1.1159165707787977,0.7876227059994605,1.3879248749617197
2019-10-24,1.2612139130390272,1.1551214106620606,1.180090674147004,1.1216088332780312,0.7916680302060377,1.390629784627944
2019-10-25,1.2629346993556916,1.1548188439836078,1.1800485516130272,1.11977741571186,0.7879915608337402,1.396090639991831
2019-10-28,1.2624185287931644,1.1532240737382387,1.1789542021616732,1.113962917375774,0.7840192821599393,1.4041543329590656
2019-10-29,1.2629760392306024,1.153386194058688,1.1791069826515874,1.1148493379280184,0.7805712035017841,1.403235684393178
2019-10-30,1.266192262617776,1.156069341146936,1.181746709967919,1.1238677361684066,0.7921176052283851,1.4081861794426829
2019-10-31,1.2650017167003273,1.1579487044667087,1.1825223992056635,1.1297085703115601,0.7975553215020356,1.4041032969276273
2019-11-01,1.2738768407486205,1.1607052852991475,1.186571246866221,1.1290617755404702,0.7955234524613601,1.4172705930386815
2019-11-04,1.2759205880906586,1.1597572447278686,1.1861689189148599,1.120078764302847,0.7853196857299577,1.4228335204654452
2019-11-05,1.272337189259914,1.1566213670724497,1.1829542611635695,1.1072560613847504,0.7764318414458499,1.4213024395222993
2019-11-06,1.2723455542837148,1.1575549987637588,1.183907818247451,1.1116310676178203,0.785534436983492,1.4214555476166135
2019-11-07,1.2701712474935607,1.1541115610192305,1.1808740928191186,1.0957481259208617,0.7705213080289219,1.4267122588547476
2019-11-08,1.2694218347110802,1.1535116239230556,1.1803749795362097,1.09109833666288,0.7701308227346444,1.4300296008982303
2019-11-11,1.2669710940031345,1.1526048495905736,1.1791538637703727,1.0894547359839075,0.7711125494464562,1.4274267632948823
2019-11-12,1.2677583136205754,1.1532857401446484,1.179796161874154,1.0900530687887267,0.7710114017564548,1.430182708992545
2019-11-13,1.2688732043526525,1.1546135548469434,1.1811012068270625,1.0982248587683956,0.7759520891566731,1.431050321526994
2019-11-14,1.2717220161596934,1.1569795458819458,1.183434564195226,1.1035484512557492,0.7819339338633962,1.4328876186587691
2019-11-15,1.2767370155078732,1.1585730544287833,1.186061846799081,1.1066265223136083,0.7801138271116558,1.443350005103599
2019-11-18,1.27642959608402,1.158819748858284,1.1863393324682776,1.1094131792943904,0.785027859339445,1.44416658160661
2019-11-19,1.275096448677163,1.1585367207525552,1.1857026619955555,1.1107097034627236,0.7854679468435866,1.443860365417981
2019-11-20,1.2752154133809828,1.1597150289756426,1.1861211974632913,1.1111755645533297,0.7844469685162125,1.4387567622741615
2019-11-21,1.27317604101895,1.1582438935922565,1.1843176915258555,1.105751401337715,0.7765744245629085,1.4364091048280043
2019-11-22,1.274697002708574,1.1589335761810142,1.1854576916715145,1.1054403911176696,0.777223773792863,1.4397264468714872
2019-11-25,1.2801463308337564,1.1610513025947398,1.1885790433311938,1.1113128993900987,0.7803885396451391,1.4503929774420699
2019-11-26,1.2833440966704048,1.1630814620994623,1.1910045964493015,1.1177044528318132,0.7880980626437096,1.4534551393283617
2019-11-27,1.2851336223254683,1.1629449759519397,1.1916463492617362,1.1193943274606672,0.7884774056252756,1.4600898234153268
2019-11-29,1.2795386157269741,1.1606935642041054,1.1886681572143654,1.119086237045422,0.7890967117768137,1.4550372563029457
2019-12-02,1.272226308597034,1.1572044905796914,1.1843691175981923,1.10944774933752,0.7787317954552248,1.4426865366949022
2019-12-03,1.2708348994761598,1.159185858639365,1.1853611817991763,1.1120608698382366,0.7830920588434493,1.4327345105644542
2019-12-04,1.2766208634079417,1.1607190309254551,1.1881062008528114,1.1109724101666674,0.7804030311821786,1.4419209962233293
2019-12-05,1.2771412505442998,1.1603471162367316,1.1881083004140058,1.1105687770006858,0.7806961080705755,1.4446769419209917
2019-12-06,1.2829795365315353,1.1616942959915706,1.1906048100204312,1.11724094774159,0.7814276306537015,1.4573338777176643
2019-12-09,1.2810325547328703,1.1611155829985838,1.189642299707222,1.1149712529847535,0.7801628559285668,1.4529958150454176
2019-12-10,1.280906295152442,1.1609029176177534,1.1894541230015363,1.1156863584959678,0.7790918110310882,1.4515668061651483
2019-12-11,1.2846203594253731,1.1634795552598476,1.192235816459809,1.123454047947379,0.7844448675197083,1.4550372563029457
2019-12-12,1.2896585349562137,1.163601618988466,1.193506992079758,1.1236276627734083,0.7779648050403436,1.4677452281310561
2019-12-13,1.292224345108381,1.166344386258099,1.1962412996758507,1.1283592577120802,0.7825471489946785,1.4687659487598204
2019-12-16,1.2977239461699395,1.1675391533899828,1.1987433890974557,1.131267131643513,0.7792428773355907,1.478922119016021
2019-12-17,1.2982287384008597,1.1680013850405615,1.1991802043661162,1.128904990571111,0.7751693691193275,1.4791772991732122
2019-12-18,1.298586905705916,1.1677488827953173,1.1993908809773106,1.1283916116775143,0.7722389470915995,1.4792283352046502
2019-12-19,1.3016205959638218,1.1691337727993818,1.2011424643164683,1.1328099036812025,0.7752431842236395,1.4853016229457956
2019-12-20,1.3054675511843357,1.1704736958417192,1.2029998371879298,1.1362407180471792,0.7764038504387503,1.4925487394100194
2019-12-23,1.3061420021863588,1.1704676913784657,1.2029992756845809,1.1383583492522855,0.7746248642557213,1.4944881086046709
2019-12-24,1.307671840002742,1.1716460439101395,1.2041146286127313,1.1390431616926002,0.774829138290108,1.4943350005103564
2019-12-26,1.3127040557604643,1.1741573842552542,1.207122937651959,1.1440900529056224,0.7798037852292113,1.5022455853832768
2019-12-27,1.31339999337076,1.174948590864952,1.2079933923993074,1.1437255961689772,0.7804026856628042,1.501837297131771
2019-12-30,1.309808926542796,1.1737221253150008,1.2062155610574947,1.140123447045791,0.7776070706035931,1.4938246401959745
2019-12-31,1.31109066985676,1.1734829295172737,1.2065469113349503,1.1426073388554179,0.7795672094082,1.4971930182708955
2020-01-02,1.3171876000220966,1.1767515556622492,1.210110466909447,1.1586513268556322,0.7860917390188099,1.5112279269163993
2020-01-03,1.3148926235207614,1.177751085556676,1.2097689169384451,1.1542698761652017,0.7834007051328877,1.4998979279371198
2020-01-06,1.3164354367067623,1.1780077840442156,1.2101897242218864,1.1537094340500313,0.7829739280487685,1.5059201796468271
2020-01-07,1.3131370756463348,1.1764528396719747,1.2081069607983737,1.1479326456062857,0.7773874331436789,1.5013269368173896
2020-01-08,1.313104977550141,1.175520120038609,1.207987597054132,1.1546283841695006,0.7867889407348428,1.5091354496274332
2020-01-09,1.3175713970340668,1.1774338454402171,1.210747780404268,1.1588038718446214,0.7911513659687103,1.5192405838521958
2020-01-10,1.3175845201676495,1.1781086573473774,1.211206449844676,1.1575568162657273,0.7905088933235151,1.5148004491170728
2020-01-13,1.3220664711754928,1.1792356701711078,1.2132825451635385,1.164261582615105,0.7956479497587076,1.5254159436562174
2020-01-14,1.3221823311812215,1.179721498684174,1.2136209254718742,1.1644549197493002,0.7957772030181841,1.5230682862100606
2020-01-15,1.3248732273247263,1.181537603242508,1.2157553419475304,1.167399393533089,0.8018275295356735,1.526538736347858
2020-01-16,1.3300766253618868,1.1831493574914567,1.2183615178030385,1.1760943705979876,0.8083352011059268,1.5390936000816537
2020-01-17,1.3317061483997077,1.183690357959376,1.2192783388692643,1.1795635752742595,0.811087289046484,1.5444523833826642
2020-01-21,1.328310547415379,1.1832423850229188,1.218325429505019,1.18062798271404,0.81553961085796,1.5410840053077433
2020-01-22,1.3275201869430233,1.1830562933062447,1.2182683875414007,1.1840599371714018,0.8206234421157445,1.5413902214963726
2020-01-23,1.32829974026747,1.1837407235128987,1.218813474887248,1.1887667093311074,0.8258045861022215,1.5434826987853387
2020-01-24,1.3218889949227475,1.1818975588762297,1.215728677172339,1.181291493265564,0.821053331668901,1.5292946820455202
2020-01-27,1.3086827862606127,1.1784127452312616,1.2098118383345138,1.1656158532257512,0.8123179434696617,1.5048994590180629
2020-01-28,1.3147692273551643,1.1799124630562432,1.2129792865471514,1.17633277261691,0.8195712093804032,1.5205675206695886
2020-01-29,1.315708181046329,1.1814873851216339,1.2141737160701012,1.1761970070743104,0.8219355075353917,1.5193426559150718
2020-01-30,1.3167728761924327,1.1821451107023941,1.215053325940921,1.1834072496554182,0.8272614523874746,1.5240379708073857
2020-01-31,1.3032432788445265,1.1787529753094546,1.2092171066625825,1.165897516540163,0.8198307327815443,1.496733693987951
2020-02-03,1.3056936547165159,1.1788465622939108,1.2101969249669189,1.174278517691641,0.8344223229344392,1.5077574767786015
2020-02-04,1.3148029212066938,1.1802027002954985,1.2140784835745002,1.1822675930518725,0.8367071512676897,1.5307236909257893
2020-02-05,1.3255493322032512,1.183079362018221,1.218804347188027,1.189673028431103,0.8396697536373358,1.5482800857405283
2020-02-06,1.3271145741041783,1.1840310381533945,1.2198657167832685,1.195072379544525,0.8455537370004967,1.553383688884348
2020-02-07,1.3227869272865527,1.1838873179172118,1.218583518316844,1.194909779506126,0.8513466007149458,1.5455241400428659
2020-02-10,1.32714110222315,1.185871969809469,1.2213631837821968,1.201692349998411,0.8584148755400883,1.5571603552107744
2020-02-11,1.3308929114103971,1.1864652439536305,1.2227598946694167,1.2011940603036462,0.8541957230347096,1.5596100847198078
2020-02-12,1.336603922117768,1.1877692359919865,1.2251234656885928,1.2025506220641433,0.8503997192462542,1.5697152189445704
2020-02-13,1.3360538815328844,1.188211792772966,1.2253550354445684,1.2064617654491536,0.8568532403916054,1.5684393181586156
2020-02-14,1.3381598821798286,1.1896737985090087,1.2270036746400195,1.2105564542072744,0.8614276186195226,1.5704297233847053
2020-02-18,1.3371686994936653,1.1903316441652627,1.2269946448488236,1.2104524172966704,0.8617200784943012,1.5663978769010882
2020-02-19,1.340309164944267,1.1914300972961656,1.228076048730922,1.2159631882390045,0.8626473908459958,1.5737981014596265
2020-02-20,1.3397246554324918,1.1921543804683687,1.228573879063134,1.2129041702285965,0.8611436700828399,1.567622741655605
2020-02-21,1.3361858248132594,1.192533126910902,1.2278556080672482,1.2031559230791116,0.8559193860071722,1.5511381035010678
2020-02-24,1.3105507208396965,1.185973323759275,1.2160323441791159,1.1696817671157054,0.8382659228945867,1.4998468919056815
2020-02-25,1.284697483276906,1.1784772679249396,1.203794992199642,1.1415319969942115,0.8278811205203334,1.4541186077370587
2020-02-26,1.2790826730623899,1.177036478714754,1.201237377383523,1.1380678439068264,0.829618816709836,1.449525364907621
2020-02-27,1.2441007568287938,1.168628795881219,1.1841363776096518,1.105252964350656,0.8091041978770716,1.3848116770439893
2020-02-28,1.2339191172825466,1.1701073751127116,1.1819361093216827,1.0951005640012776,0.7974267180604454,1.3780238848627093
2020-03-02,1.2680715179811408,1.1783255053703603,1.1985231431580923,1.1275195926843764,0.814788236658643,1.4369194651423869
2020-03-03,1.2572108264866526,1.1813340968244224,1.19746241621148,1.1259680605796991,0.8101664876949898,1.397009288557718
2020-03-04,1.2882277990732125,1.1887232880325336,1.2128661119890054,1.1515093680326807,0.8234991564929338,1.4562621210574624
2020-03-05,1.2662284751179864,1.186947124141463,1.2043477084185992,1.1421629364430428,0.8244960772259767,1.407216494845357
2020-03-06,1.252328298489833,1.1877083275680789,1.1997817907175394,1.1414548963163453,0.8425858642635934,1.3835868122894726
2020-03-09,1.1815219051997499,1.1725931528329325,1.1657988114664732,1.1016579575020706,0.8826096866806742,1.285393487802385
2020-03-10,1.2072561003568265,1.1699750571594185,1.1725046917090607,1.106829211440036,0.8807367829413482,1.341635194447276
2020-03-11,1.160439396353832,1.1579995623169428,1.1453454808300039,1.069958203475403,0.859233517403363,1.2757476778605659
2020-03-12,1.0838013045194848,1.1421237457713607,1.1034564321380733,1.0187101520953854,0.8418051495018535,1.1873022353781735
2020-03-13,1.133694011427369,1.1509229804678123,1.1274288446630514,1.0430818965063016,0.8647233794912792,1.256915382259872
2020-03-16,1.044828172677885,1.1371517137936293,1.0888084879714142,1.005343938109481,0.875450797954764,1.1213636827600255
2020-03-17,1.0769832418514833,1.13443631205482,1.0997865515065488,1.03541238120643,0.9155770269855287,1.1824538123915451
2020-03-18,1.017547155167716,1.1137233734697316,1.0701117837619694,0.994011424856266,0.9345544272139338,1.09635602735531
2020-03-19,1.0201831238900978,1.1155932537696005,1.0693214381170624,1.0047217193170663,0.9326906924001868,1.1189649892824305
2020-03-20,1.0030632129166792,1.120829968936558,1.0657529268424883,1.0158003666998805,0.9139984067570717,1.073389813208122
2020-03-23,0.9884224786985369,1.1235798712611251,1.063905352397502,1.0286887016060928,0.906910230617817,1.041951617842194
2020-03-24,1.056970567607713,1.1372474717292484,1.094758362759139,1.0566046519201417,0.905305872641305,1.1323364295192377
2020-03-25,1.0787980279066143,1.1424412656171432,1.1056768185349803,1.0628537428151672,0.8935502940946936,1.1547412473206056
2020-03-26,1.1226585149891515,1.1523874373941572,1.1252108314681926,1.0948450433433115,0.907943046936299,1.2209349800959448
2020-03-27,1.1028265641581854,1.1508543313990809,1.1184970620705919,1.0969206026410812,0.9362456395476516,1.1884760641012526
2020-03-30,1.1221056120186679,1.1549545592826056,1.1267957870493526,1.1050036707187498,0.950386136742897,1.22389506991936
2020-03-31,1.10885222507335,1.1515047004078751,1.1205257632850913,1.0908747992232017,0.9298476506442301,1.2041951617842166
2020-04-01,1.0735407352053064,1.146340964783676,1.1066623776766322,1.0850985638148296,0.9411824744666929,1.1512707971828082
2020-04-02,1.0941479924060558,1.1510466979470586,1.1153419816962948,1.0970301654025725,0.9221602773338804,1.1788302541594335
2020-04-03,1.083507773681243,1.149546303188428,1.1114056748598988,1.0951648088067767,0.9097190145900224,1.1602021026844924
2020-04-06,1.132143110182407,1.157851156111019,1.130772430746379,1.1217640421244024,0.9307014628930449,1.238746555067875
2020-04-07,1.1342591332120011,1.1569107019815446,1.130881176223469,1.1130251261899984,0.9191048618747022,1.240787996325403
2020-04-08,1.1626739919878428,1.1614821530974868,1.141687528339659,1.1274992954691097,0.9175643527177383,1.282076145758903
2020-04-09,1.1875274902549489,1.1677542081040166,1.1540691296381864,1.1377736773827436,0.9122873121076267,1.3018270899254847
2020-04-13,1.175690175329709,1.1657103498755967,1.1500132132219574,1.1398259248366203,0.9250553633342307,1.2897315504746325
2020-04-14,1.1933229978283224,1.1689239908704325,1.1567647054581593,1.1494930937024463,0.9469099512313195,1.3279575380218405
2020-04-15,1.1714889824879107,1.1679237359521712,1.1501226720463473,1.1539648153613586,0.9736389136849017,1.2996325405736422
2020-04-16,1.169856977495149,1.168590741579703,1.1502018627942638,1.1582871716289986,0.9834004309760064,1.3052975400632818
2020-04-17,1.1952856848864817,1.1708458447945496,1.1577891127380138,1.1513504941469366,0.9713240167726227,1.3407675819128275
2020-04-20,1.1774168063951993,1.1685981086538986,1.1514759292158434,1.1505903337100176,0.9684833825293551,1.318413800142898
2020-04-21,1.1550801362544099,1.1650678317049923,1.1425949393363415,1.151064503969587,0.9700427870429268,1.2781974073696
2020-04-22,1.1721579013254984,1.1672609879930913,1.1487811477859184,1.1611641314315995,0.9754800178843134,1.3056547922833492
2020-04-23,1.17327075642354,1.167778696228374,1.1492718045496368,1.164032393369982,0.9648682754117921,1.3055016841890346
2020-04-24,1.179380354702735,1.1685429067155064,1.1509734277910086,1.1682298249344822,0.9691633217525485,1.323670511381032
2020-04-27,1.1902170449215765,1.1680603038877906,1.1533461773305251,1.1606901316920417,0.9533949974071175,1.3433704195161755
2020-04-28,1.1956824179339547,1.1702055280617696,1.1557769506209339,1.1614590898531696,0.9350606369155259,1.3367867714606483
2020-04-29,1.2151249281820098,1.173182882180742,1.162742676063464,1.1631299350666973,0.9162213572817293,1.3716954169643738
2020-04-30,1.2016352691196261,1.1714681645961145,1.158735666859065,1.1521853286281112,0.9166993796101045,1.3599060937021508
2020-05-01,1.1782447019785278,1.1672974796291078,1.1498041550597338,1.1526546228091568,0.9301101953955823,1.3234153312238413
2020-05-04,1.181827163543415,1.167857706422558,1.1511032831554255,1.1522020403724502,0.9302361221126052,1.3269368173930767
2020-05-05,1.187754491542774,1.168919700511887,1.1537457396984474,1.1575200614164889,0.9333197178643978,1.3389302847810525
2020-05-06,1.1738207600892772,1.165080171779532,1.1477630475308753,1.1448174691426642,0.9269130612049902,1.3304583035623119
2020-05-07,1.1862033909680927,1.169466597362295,1.1535815065278932,1.1562027710359737,0.9309683615648922,1.3461774012452759
2020-05-08,1.20262940964439,1.1709047508364818,1.158804949839619,1.1548709341501284,0.9160746988727868,1.36868429110952
2020-05-11,1.1954652275101796,1.168596448743761,1.1554691179060967,1.1519682965141491,0.9229236526423625,1.369194651423902
2020-05-12,1.1824527534825118,1.1676995410073026,1.1516300689952312,1.158390260906961,0.933443179810212,1.3408186179442658
2020-05-13,1.1692844931160846,1.1664363091970957,1.1476316842661172,1.1614521688928028,0.9389172909187327,1.317137899356943
2020-05-14,1.1781732384046522,1.1687825133396,1.1513773378342531,1.1698545152598026,0.9431515665715616,1.3337246095743562
2020-05-15,1.179220681503523,1.1695275237405252,1.152481926224288,1.1720013986173747,0.9498860723316036,1.3395937531897488
2020-05-18,1.2118389229816555,1.1723328176793821,1.1628522417586094,1.1680565005479715,0.9289182752791915,1.3800653261202376
2020-05-19,1.2024675201514372,1.1721140803159802,1.1605892635720636,1.1699440995217079,0.9344169350450291,1.3673063182606886
2020-05-20,1.217460297120841,1.1749188234738148,1.1663231051907565,1.1723218637365846,0.9285693253874059,1.3898642441563709
2020-05-21,1.210704217818982,1.1736160818518269,1.1636325715976925,1.1667386549982488,0.9227414236910116,1.3795549658058555
2020-05-22,1.2111346682510993,1.1742445863848197,1.1640638152299403,1.171370022650226,0.9285332357694377,1.3825660916607088
2020-05-26,1.226952543277008,1.1753681944052023,1.1687279696697916,1.1620211631377242,0.8975590025969631,1.3999693783811333
2020-05-27,1.2391863528891862,1.1768935891195587,1.172575525127234,1.1656274415954488,0.883052280192849,1.4203327549249731
2020-05-28,1.2396629283340819,1.177306523917446,1.173364855223786,1.164756749379149,0.8972782325006557,1.4180871695416926
2020-05-29,1.2438270342547284,1.179280552531675,1.1759748504950644,1.1736036124810123,0.9127492888813489,1.424721853628658
2020-06-01,1.252595465754007,1.1802857746410396,1.1789713726170936,1.172745435324868,0.9034768432902885,1.4292130243952192
2020-06-02,1.2627946797166894,1.1814229696458634,1.1823251894567393,1.1720664488549093,0.8995903189691933,1.4415637440032625
2020-06-03,1.276754988864276,1.1808171201416116,1.1850945782993256,1.1633080419545168,0.8802764521564991,1.4602939675410802
2020-06-04,1.2739805403642117,1.1796282307594663,1.1838634639778072,1.1586273458786178,0.8793478778224475,1.4567724813718448
2020-06-05,1.2974849291228718,1.1814817899486405,1.190554722392914,1.1567574727954457,0.8579903500200317,1.4944881086046709
2020-06-08,1.3115504665761037,1.1836123517159203,1.195021166898213,1.1626641598560135,0.8503639290462737,1.51204450341941
2020-06-09,1.300881879842713,1.183626085344276,1.1925711402025478,1.1709791746069482,0.8673061726344493,1.501735225068895
2020-06-10,1.294279950626668,1.1856003619861486,1.1927527677131462,1.1839997859144575,0.8968616167502083,1.4928039195672107
2020-06-11,1.2405225158704356,1.1782477515870922,1.1745619805759955,1.1710639412168269,0.904618823017218,1.4069613146881663
2020-06-12,1.2537459389116543,1.1797676569313469,1.1789577164275078,1.1711271532461327,0.8970753090989848,1.4242114933142764
2020-06-15,1.2615547481577598,1.180904927670097,1.181844702082848,1.1726693681996316,0.8980101667155389,1.4370215372052633
2020-06-16,1.2749307402241141,1.18182481151975,1.1857657701961617,1.1761327944416071,0.901741191894123,1.4634071654588103
2020-06-17,1.26966177995536,1.1818585439298492,1.1846902756586561,1.1778369361468468,0.9050081208645491,1.458303562314991
2020-06-18,1.270513570642581,1.1827656225184946,1.1852388660921487,1.181780401483749,0.909423124672886,1.4587628865979345
2020-06-19,1.26540767462695,1.1827429797954203,1.1843250917928962,1.1865412526475152,0.9133148258862903,1.4500357252220033
2020-06-22,1.2703502211079885,1.1833705899335885,1.1859711772946486,1.1908207525721053,0.9218415634302658,1.4600387873838896
2020-06-23,1.2718038994587637,1.1835594807985674,1.1866396865377828,1.1874802656215397,0.9176152451065998,1.4663162192507877
2020-06-24,1.2486389729433864,1.1806948051448116,1.179146051415963,1.183734024992077,0.9214961935241142,1.4297233847096016
2020-06-25,1.257313452331789,1.1821888723790275,1.1820192276576873,1.188948138076456,0.9173982384466933,1.4440134735122965
2020-06-26,1.2410565623143441,1.180888641197782,1.1772828534212059,1.1864753098285303,0.9219821853956915,1.4103296927630875
2020-06-29,1.2542231851211938,1.1832478133345867,1.1819693154868394,1.1901929155133029,0.920341835086001,1.4313565377156239
2020-06-30,1.2631178717604845,1.1841612233070244,1.184812128446825,1.1957892442324214,0.931544430598028,1.4519240583852167
2020-07-01,1.266767823948781,1.184321888062926,1.1861139044792155,1.1941963074096629,0.9277551287348158,1.459579463100946
2020-07-02,1.274317184263611,1.1861516948019357,1.1892353766841552,1.1971846964624118,0.9297223852737934,1.467183831785237
2020-07-06,1.2858272092345147,1.1874707692141682,1.1930936483165842,1.2025744101162235,0.9360059724370718,1.489843829743796
2020-07-07,1.2768637799649016,1.1878257136735675,1.191241769281542,1.2063930140019243,0.9441098872965208,1.4746350923752136
2020-07-08,1.2819176429910377,1.1884358019225676,1.1930651975487034,1.2115509384026284,0.9388838746752342,1.4858630192916165
2020-07-09,1.2726859778096329,1.1885947183073078,1.1910652141907394,1.21775014854854,0.9458071048978993,1.4785138307645165
2020-07-10,1.2826516326671888,1.1890845352200679,1.193506886935352,1.214665098952848,0.938643644308927,1.4928039195672111
2020-07-13,1.2783768733296828,1.1886469431306776,1.1919909954364571,1.2146163617679095,0.9388249143565427,1.4795345513932803
2020-07-14,1.291919236323318,1.191023796301427,1.196757482995941,1.220050520961385,0.9421638551949214,1.4988772073083565
2020-07-15,1.3022967757193749,1.192474930016411,1.2001999150309053,1.220463574404931,0.9398092020603097,1.5132183321424895
2020-07-16,1.2994384160846295,1.1921573447038003,1.1991647117038713,1.2154887772989222,0.9300477217143646,1.5079616209043556
2020-07-17,1.3042733306420338,1.1932518466945061,1.2013311250727476,1.2187026949706992,0.9382256825178367,1.5118913953250965
2020-07-20,1.3040658871399853,1.1934882380206349,1.2016829818557635,1.228807328759718,0.9609375211022494,1.523986934775949
2020-07-21,1.3146707264830084,1.195691354257055,1.205398092688051,1.2300483345021056,0.9457454580293299,1.526947024599364
2020-07-22,1.3215527739302848,1.1972912102450088,1.2082398487856496,1.2382973926001635,0.9562982947320355,1.5359804021639245
2020-07-23,1.318210004777828,1.1977434785930492,1.2076413437400975,1.2350313215256785,0.9478353913198002,1.517760538940489
2020-07-24,1.314389846316955,1.1974161324506796,1.206699539681055,1.230988072882443,0.9452647741406502,1.5081657650301084
2020-07-27,1.3209576404797125,1.198188869487624,1.2090088091395437,1.2350264847515546,0.9511029548378981,1.519291619883635
2020-07-28,1.3182449051331582,1.198864170263937,1.2087923556978395,1.2337699356731857,0.9482266486801472,1.5100030621618836
2020-07-29,1.3303417376035522,1.2011353058750138,1.2131339271017942,1.2398848831013223,0.9481065182612999,1.5274573849137465
2020-07-30,1.3211659329753276,1.2004410183922638,1.2106697058122935,1.2434812018217891,0.9589340995370407,1.5226089619271177
2020-07-31,1.321624550104096,1.2009023386067335,1.211197236151262,1.2529092406635036,0.9632725017642426,1.5339899969378354
2020-08-03,1.3245534103386274,1.2011473863574533,1.212220708928321,1.253859696709966,0.9640707637531474,1.5446565275084183
2020-08-04,1.3344768580802089,1.2041582737680334,1.2163481624998256,1.2685494030963194,0.9710531619107956,1.5508829233438781
2020-08-05,1.3401083690177478,1.204027475403389,1.2177143895422387,1.2705033656750717,0.9764435949069026,1.5604266612228206
2020-08-06,1.3436904433458838,1.2054066189420714,1.2195842462872553,1.2753264865622402,0.9773854565258309,1.5711952638562798
2020-08-07,1.343827450467879,1.2040702690923692,1.2184303026136534,1.2691760142133428,0.968198362228482,1.572369092579358
2020-08-10,1.34978928115841,1.2042403031177975,1.2196929268739471,1.2648209304240283,0.9535881768802902,1.5770133714402341
2020-08-11,1.3387235799842407,1.1999744502303364,1.2139033016291818,1.2367927089678394,0.9396980662552741,1.564152291517809
2020-08-12,1.3480445243942478,1.2002511359682693,1.2163599198901538,1.2406089834227392,0.9481981637342124,1.5852812085332215
2020-08-13,1.3444804370484287,1.1992582142904091,1.2152204615132547,1.244095436856438,0.9568716490448306,1.5829335510870646
2020-08-14,1.3434351539836196,1.19891652118342,1.2146212810369108,1.2410909728352404,0.9504519439851022,1.5830866591813788
2020-08-17,1.3495387507436014,1.2009136931620292,1.217749819376188,1.2515262990270009,0.9670889371194987,1.5881392262937601
2020-08-18,1.349401117025988,1.201893350632594,1.2185262466017077,1.2584566636421886,0.9731397891659683,1.5913034602429283
2020-08-19,1.3410550339173193,1.1996842022126404,1.2151201551681805,1.2519382620345487,0.9767991420528847,1.584413595998772
2020-08-20,1.3399692165220027,1.2005829021477472,1.215572735279859,1.2598455742958736,0.9821901925595118,1.5899765234255354
2020-08-21,1.3402436068791757,1.200702015998991,1.2155546367381291,1.258446701170104,0.9841775770090376,1.5953353067265457
2020-08-24,1.3511277415170688,1.2016874869358487,1.2184409786633121,1.2602516514819369,0.9821415779152416,1.6115137286924535
2020-08-25,1.3508338228450423,1.2011586934833525,1.218314616744087,1.259981723149584,0.9833546131246278,1.617382872307846
2020-08-26,1.3518522356107479,1.2013736651343785,1.2189685716365926,1.2632537030954354,0.9949983120016469,1.6336633663366302
2020-08-27,1.3505646115463443,1.199457165087829,1.2173780813089303,1.2558246130121578,0.9808427769922821,1.637082780442989
2020-08-28,1.3597432472228534,1.2015457219585188,1.2208978487558257,1.2627160189819973,0.9860610812942621,1.6475962029192575
2020-08-31,1.3534947361535523,1.2015128782646487,1.219649910937245,1.2674353614923393,0.9962375844870481,1.644074716750022
2020-09-01,1.3602468271371824,1.203434501861354,1.222386165821231,1.2779239462806382,1.011447482789892,1.6574971930182674
2020-09-02,1.3716686467769528,1.2053784746431446,1.2259841206805848,1.282696450921123,1.0154387105817992,1.6814841277942194
2020-09-03,1.3500826813987026,1.2025041946269595,1.2191243268515146,1.2665431094883122,0.9932320986853443,1.623915484331935
2020-09-04,1.3442830067797158,1.199579375232208,1.215886582806431,1.2556071482076154,0.987686893128594,1.6089619271205438
2020-09-08,1.325547260853622,1.1974994815875974,1.2103609976231355,1.2380889183317074,0.9770263717477407,1.5662958048382123
2020-09-09,1.3411008545159626,1.199853352883512,1.2155865601614784,1.2549625371436093,0.9889563808849039,1.596815351638253
2020-09-10,1.3266069590877383,1.1980993767949726,1.2112652060499907,1.2449126175339325,0.9861278744019006,1.5703276513218298
2020-09-11,1.3313581723429402,1.1993719951491761,1.213229769805942,1.243644095624215,0.9859739128698352,1.5701235071960769
2020-09-14,1.343226758328453,1.2008511845483416,1.2167463702941208,1.2546308221837275,0.9915427936297441,1.5905889558027935
2020-09-15,1.346239789374648,1.2011490807771512,1.217815009833089,1.2576776325613612,0.9898497869405452,1.5984485046442753
2020-09-16,1.35025290739755,1.2016592092952463,1.2189336779481739,1.252173834641733,0.9781168577332928,1.592630397060321
2020-09-17,1.3463939386257646,1.201228805240837,1.2177894800980784,1.2441608341457067,0.971439709387187,1.578493416351941
2020-09-18,1.336420926824484,1.1998397338790068,1.2148598716345929,1.233908169363199,0.9668874739229418,1.560732877411449
2020-09-21,1.3171201679003606,1.1971165639368744,1.2086413079151765,1.2273396050290863,0.9761588171696536,1.5435337348167772
2020-09-22,1.3196659189686215,1.197458324891449,1.2095208225770278,1.2369139428567226,0.9857787188303376,1.5585383280596068
2020-09-23,1.2983867552534087,1.1942251858466428,1.2027162554727207,1.2159842956074418,0.9795775643604461,1.5218944574869826
2020-09-24,1.3011259516704015,1.1948900832916458,1.2036553318337566,1.2199302870139264,0.9785717144272663,1.5260794120649148
2020-09-25,1.3099218138474091,1.1961198452753916,1.2062516764065565,1.2262683008748534,0.9836592120421068,1.5510870674696307
2020-09-28,1.324978759876789,1.1983513822302785,1.2111169715201038,1.235696266938034,0.9885240557110534,1.5771664795345481
2020-09-29,1.3189670668503957,1.197699461576934,1.209514627438191,1.237982624762816,0.9930128957623718,1.5685924262529316
2020-09-30,1.3243812373873756,1.1978359565294536,1.2110926267894724,1.2393127844342686,0.9957956776243304,1.5775237317546158
2020-10-01,1.3267673740655714,1.1983537846508068,1.2121390590814687,1.2465824736899094,0.9902237999094043,1.5900275594569737
2020-10-02,1.3260443360917904,1.1977200336673564,1.2114304101738902,1.246507470331032,0.9746054198351696,1.5754312544656497
2020-10-05,1.3400855911211826,1.1978849627826689,1.214835422632555,1.250657769495944,0.9792955371820548,1.602990711442275
2020-10-06,1.3320365289498408,1.1972888263581327,1.212649114192931,1.2404632220969847,0.9682316889328844,1.580483821578031
2020-10-07,1.3441459697409428,1.198087777632411,1.215832910873918,1.249115693697836,0.9788746790658847,1.6078391344289036
2020-10-08,1.3562782066864394,1.200240412721914,1.219578217023363,1.2546399821913288,0.9671483718536417,1.62151679085434
2020-10-09,1.3615946854455647,1.2012430671274663,1.2216582553032493,1.2678418105799463,0.9846804506322917,1.6360620598142253
2020-10-12,1.3690925743780427,1.2026944492874247,1.2242366144188956,1.276547106686214,0.9951787541087349,1.6626007961620868
2020-10-13,1.3604669101723497,1.2019634702294733,1.221847454397545,1.27371286898461,0.9972406011760507,1.6522915178115714
2020-10-14,1.358022260779706,1.2018584730735038,1.2212250636887687,1.2734065434023711,0.9956817618367009,1.641727059303865
2020-10-15,1.3580765122665477,1.2018319340956802,1.2211584249325753,1.2727473053435068,0.9905929902832898,1.63988976217209
2020-10-16,1.3569759986741616,1.2013447487637423,1.220684059921129,1.2750035914678066,0.9974639087423247,1.638818005511888
2020-10-19,1.3455112168473897,1.1994655789176274,1.2172115046200724,1.266229452989995,0.9932860302974547,1.6143717464529923
2020-10-20,1.350737509392536,1.1994323610995348,1.2184221672361115,1.2681400146544557,0.9901106508434558,1.6198836378483172
2020-10-21,1.3463174904507926,1.1985855388622362,1.2170787665682836,1.2644264990500809,0.9942560428281575,1.6168214759620256
2020-10-22,1.3520075110377487,1.1978503384988504,1.2175909837247716,1.2591715637024807,0.9862874405365978,1.6262121057466534
2020-10-23,1.3549733089129135,1.198772063360234,1.2188166022528686,1.2629493864142962,0.990300878744472,1.6308053485760914
2020-10-26,1.3387672659017795,1.1974886200205364,1.2145544360005147,1.256037542601167,0.9877813674641535,1.6015106665305672
2020-10-27,1.3341587149374945,1.1977318086202355,1.213909849794199,1.2582186110213058,0.9922521283229041,1.5964070633867478
2020-10-28,1.3041753154499856,1.1932918074245513,1.204555255745203,1.2308623805776637,0.9848566842225355,1.541543329590688
2020-10-29,1.3103428067382954,1.1929457604164928,1.2054619036447627,1.2343930748089165,0.9878685433323141,1.557517607430843
2020-10-30,1.304496555511231,1.1911966352312449,1.2031503131078798,1.2219090629018152,0.978817057186576,1.5414922935592497
2020-11-02,1.323141173107002,1.194455064467286,1.2090731864626172,1.227873846979851,0.9719215688281392,1.5580279677452247
2020-11-03,1.3376530006101428,1.1957612130986073,1.2132147049704036,1.239555331010326,0.9817497823521792,1.5850260283760302
2020-11-04,1.349081799958732,1.1999078495741387,1.2186687810576546,1.264679046946503,1.0185074782133359,1.6215678268857783
2020-11-05,1.3660770547112493,1.2021307515760127,1.2236977457698954,1.281210599880321,1.0378859993155345,1.6523935898744482
2020-11-06,1.3626950377614517,1.2009615996462413,1.2224107408690155,1.2759571870107147,1.04308337240521,1.65234255384301
2020-11-09,1.3847531536296855,1.2006605606432736,1.225605373281859,1.2516019986521114,0.9786613012200337,1.6732673267326703
2020-11-10,1.3922078704809544,1.2010018468536992,1.2272081876789702,1.2469469933892785,0.966185652623409,1.6707155251607606
2020-11-11,1.394143835185686,1.2014375222590021,1.2279921086993169,1.2550817790801017,0.97155440912612,1.6832193528631183
2020-11-12,1.3836414274323,1.2016156652135368,1.2260917408241503,1.25576929824725,0.9785220854121406,1.6672450750229633
2020-11-13,1.3992483461901806,1.2032209994888952,1.2301044296922448,1.2651579479687267,0.973398689668633,1.6897009288557692
2020-11-16,1.4156502101816721,1.205118943823628,1.2342990628277781,1.271483910076776,0.958618098064276,1.7108298458711821
2020-11-17,1.413319200745067,1.2052472695665872,1.2338286240277858,1.2695904173543222,0.9516118229913324,1.7025620087781945
2020-11-18,1.4020518639794137,1.2040004807421723,1.230949442675624,1.2595812687944723,0.9506334499868785,1.680973767479838
2020-11-19,1.4062672516505565,1.2050404906621055,1.2324888500482756,1.261049555157111,0.9462701729259074,1.6890374604470726
2020-11-20,1.4042398211441185,1.2055401953222933,1.2324217611283343,1.2609592976941726,0.9463125400562091,1.6767377768704679
2020-11-23,1.4121101122519422,1.2056219828999564,1.233467526268677,1.2524983399187504,0.9287913025794282,1.6869960191895452
2020-11-24,1.4274235783597415,1.2067559602087394,1.2369124493148569,1.2509339762301006,0.9150956008746156,1.7134837195059687
2020-11-25,1.4241226921781596,1.2065444664003695,1.2364280515321415,1.249443601495175,0.9170861067069861,1.7104215576196768
2020-11-27,1.4250918948412656,1.2073388261861924,1.2372567410231008,1.2515493292169273,0.9225226506300103,1.716188629172193
2020-11-30,1.411972315554951,1.205885659460202,1.2342251242568116,1.2503674403431322,0.9368190892751108,1.7090946208022841
2020-12-01,1.4213626746002939,1.2055326691951243,1.2359268568811057,1.258070917287428,0.9448419274787786,1.7262427273655176
2020-12-02,1.42310080382953,1.205489756039845,1.2360509549613774,1.2553413079361349,0.9374140345837011,1.7308359701949552
2020-12-03,1.426495597847145,1.206835221836448,1.2376144119683998,1.2576696498367264,0.9394587041975145,1.7301214657548205
2020-12-04,1.4364797315143825,1.2066386252596388,1.239087430626872,1.2583831677245034,0.9326884296008877,1.744819842809021
2020-12-07,1.4339214559941496,1.2075319820130284,1.2393387116343384,1.261085905851263,0.9426625912300658,1.7419107890170438
2020-12-08,1.437204589543202,1.207960916162689,1.2400528461393092,1.2637252212762686,0.9431213274001795,1.7467592120036721
2020-12-09,1.4320826360760484,1.2067423090653826,1.2381554695878791,1.2563810897108731,0.9375969054862958,1.7306318260692024
2020-12-10,1.4358738024894229,1.2080630751825985,1.2396862779505775,1.2585212528141383,0.9284440477381004,1.7310911503521458
2020-12-11,1.4328363847467045,1.208584402831897,1.2395840118647588,1.2579848326805212,0.9292737550334852,1.7276207002143484
2020-12-14,1.42548327474168,1.2075194141062233,1.2377874476391268,1.253811371138333,0.9324027165477986,1.7218025926303941
2020-12-15,1.4401738552417498,1.2091264361011738,1.2416560784641275,1.2681247151695973,0.9396018987647242,1.7437991221802562
2020-12-16,1.4403391919191995,1.209034776263988,1.2417111557229428,1.2702555239842932,0.9383614219035783,1.7461467796264132
2020-12-17,1.4480093412489887,1.2099780698067648,1.2440356410292674,1.2783629567265793,0.9402205796649514,1.7562008778197378
2020-12-18,1.4429838458228232,1.20929620092528,1.2428396701640927,1.2772111176654573,0.9447972336699947,1.7492599775441433
2020-12-21,1.4350032629935487,1.208449521799593,1.2405321829613276,1.274011097724735,0.9423687351452747,1.7421659691742342
2020-12-22,1.4307203456343662,1.2082357068764082,1.2396314160158868,1.2737329720794024,0.9432068866702813,1.7404817801367736
2020-12-23,1.4359246830700554,1.2085924779217074,1.2409479481119898,1.276721187750085,0.9411613715978164,1.741400428702661
2020-12-24,1.4396195796762983,1.2093507698047579,1.2422469068295567,1.2785867490519507,0.9417719355383903,1.748698581198323
2020-12-28,1.4429293950460733,1.209714304591589,1.2432071731368255,1.2819782193809797,0.9437644868340166,1.7638052465040293
2020-12-29,1.4424323693288088,1.2096929972449542,1.2432561987934478,1.2865762680348884,0.9471380496202984,1.7609982647749285
2020-12-30,1.449468078212788,1.2108515078481774,1.24531107280604,1.2960190507703495,0.9499640290569593,1.7629376339695797
2020-12-31,1.4541045400761576,1.2115104320836592,1.2466638625175646,1.2976713451778517,0.9530969641491336,1.773451056445848
2021-01-04,1.444506260741441,1.2106978593360813,1.2443001566721246,1.2933940370736667,0.9555187246415376,1.7484434010411323
2021-01-05,1.4564410853975853,1.211545867748641,1.246953258930512,1.3000676485807194,0.9497190316259465,1.7599265081147262
2021-01-06,1.4660458355233998,1.2103395996506057,1.2474762555538845,1.291743827093608,0.9444244014643536,1.7694702459936686
2021-01-07,1.4727379455443348,1.210508925257489,1.2488798897253222,1.302760173777751,0.9517822034273143,1.7965703786873501
2021-01-08,1.4765048263410907,1.2100401210452,1.2494522324956256,1.2993578769644127,0.959082492485858,1.806777584974989
2021-01-11,1.4701896168723776,1.2087313407243314,1.246969297569988,1.291880064539327,0.9474959520725154,1.7945289374298223
2021-01-12,1.4781273875162413,1.209638837259291,1.2488666025469906,1.2968499214245082,0.9454113208607379,1.7943247933040694
2021-01-13,1.480691501767715,1.210700025478486,1.2501930716952694,1.3002151186218684,0.9445469537044802,1.7992752883535745
2021-01-14,1.4824474108459724,1.2103215223779793,1.25007372316132,1.2931688067227922,0.9306681979326902,1.7939675410840021
2021-01-15,1.4723963458179365,1.2097064555333075,1.248083093440773,1.2826597627961978,0.9237895922189231,1.7801878125956894
2021-01-19,1.4793408674359865,1.2109512324131513,1.2501656699522554,1.2913641781061254,0.9295046211888752,1.7942227212411932
2021-01-20,1.4888978584053842,1.2122097505191582,1.2527994073821958,1.304832444282799,0.9356763086919814,1.8186689803000888
2021-01-21,1.4828646064735922,1.211159739305738,1.251270404598793,1.299668005278691,0.9423692378978966,1.8203531693375494
2021-01-22,1.4773814884601268,1.210650628328453,1.2498236015962858,1.296731247727936,0.9388227823284183,1.8140247014392132
2021-01-25,1.4825284710419249,1.2123972413251982,1.2521496494753779,1.3010553956271402,0.9337527823291052,1.8221904664693247
2021-01-26,1.4777449177225568,1.2117222900504943,1.2510681162943589,1.2951070171946655,0.9294568862745968,1.8184648361743363
2021-01-27,1.4550629771872485,1.2093482534869697,1.2452546692604207,1.2716550805605928,0.9165428681010489,1.7753393896090615
2021-01-28,1.4631104464286064,1.2096944272703163,1.246873366352186,1.2790366183700312,0.9215981245180892,1.788914973971621
2021-01-29,1.4442935206818135,1.2075411490066625,1.2422504341948664,1.2558673125557904,0.9079143175384425,1.7539552924364574
2021-02-01,1.4596156337136998,1.209631631861265,1.2465648257805153,1.2802731037028354,0.9171648549732936,1.781820965601712
2021-02-02,1.4701240679529268,1.209753031077972,1.2484118938849542,1.2952281817309073,0.9239580790749478,1.8066244768806752
2021-02-03,1.4724783082659387,1.209452791119599,1.248360677952516,1.2901836547941739,0.9214118251088643,1.8093804225783374
2021-02-04,1.4787472626933587,1.2097941207705118,1.249677915102133,1.2904511044368179,0.9167217984799427,1.8296417270593008
2021-02-05,1.4847206091853158,1.210264100057717,1.251129103765188,1.2959517613057354,0.9223603642848548,1.8368378074920866
2021-02-08,1.4953663218949735,1.2115646847535309,1.2536907480725785,1.3045921819648096,0.9169049835379393,1.8505154639175228
2021-02-09,1.49583658275768,1.2115403408685181,1.253776957597734,1.3067458513244605,0.9171064981373857,1.849545779320197
2021-02-10,1.4980097268395125,1.2123691306923916,1.2545797037006614,1.305359618948951,0.9091599675821787,1.8488823109115005
2021-02-11,1.496635473453906,1.2118653844356353,1.2541096456125798,1.3031937499837112,0.9185348228730819,1.8514341124834102
2021-02-12,1.5005450264507314,1.2116099336033674,1.2545991140585149,1.3029744318969252,0.9206177602988808,1.861028886393791
2021-02-16,1.498717796212127,1.2097115365353162,1.2526451114705444,1.2920835924532421,0.9105232245997376,1.8593446973563306
2021-02-17,1.5001972645821697,1.2101885163702382,1.2532143739612032,1.29222259365016,0.904021367189855,1.859701949576398
2021-02-18,1.4938189241216508,1.2094272254652558,1.2516939950538617,1.2888197109990325,0.9045810998097497,1.8519444727977925
2021-02-19,1.494734638810949,1.2086602492521725,1.2509774164751495,1.290576474711348,0.9043315716888101,1.8483209145656807
2021-02-22,1.49362281074817,1.208032382511615,1.2498927242040494,1.2710993856343342,0.8764053957178042,1.8342349698887386
2021-02-23,1.4967441478524808,1.2084759674467005,1.2507344347024067,1.2691549723784765,0.8696692718785586,1.836327447177705
2021-02-24,1.505776587971208,1.208801709057878,1.25227390108445,1.2750055025864515,0.8693501666581649,1.8567928957844213
2021-02-25,1.4802511865145311,1.2027339734703588,1.2431454457968119,1.2438968576968992,0.8516867496750321,1.8119322241502476
2021-02-26,1.4693770237403587,1.2041924583027679,1.2424384582869608,1.2425360719387484,0.8551116220000042,1.8007553332652828
2021-03-01,1.4889345209041094,1.2059354876541033,1.2472744531625226,1.2703971523975581,0.8702594025689104,1.8453608247422655
2021-03-02,1.4848247904679708,1.2059299250463835,1.2465810572024827,1.2660979901476395,0.8699459246093965,1.8317852403797057
2021-03-03,1.4761254772839338,1.2032387679661007,1.2429208071110633,1.2562480241211547,0.8630217791145336,1.80733898132081
2021-03-04,1.4648135169522392,1.2010286904302718,1.2391623949465973,1.2409171118112183,0.8469823791875275,1.7849341635194425
2021-03-05,1.4832441707188904,1.2035002962782753,1.2437644549266382,1.256716003690953,0.8473623743244264,1.8175461876084493
2021-03-08,1.4798169133069767,1.2016937677141413,1.2416095595448615,1.2405321595338605,0.8359883714141731,1.8088190262325181
2021-03-09,1.491958676114941,1.2044300570375903,1.2456672909159943,1.2695494847532687,0.8519314887676153,1.8344901500459303
2021-03-10,1.5024862097329352,1.206573656300654,1.248690721415994,1.270440271242861,0.8467219884665584,1.8452077166479517
2021-03-11,1.5105098947813198,1.207406176089454,1.2506074476362141,1.2912639758656161,0.8597424681450554,1.864448300500151
2021-03-12,1.51061804241853,1.205750495686372,1.2495151509973004,1.2844523237908458,0.8510553716338687,1.8670511381034989
2021-03-15,1.516198844646475,1.206963356636079,1.2512606138046463,1.2843955441418813,0.8427828990643661,1.8787894253342838
2021-03-16,1.510494122113679,1.2061296101936478,1.2500891178032212,1.2738721218232383,0.8351274289307947,1.8758293355108686
2021-03-17,1.5133253456393285,1.206252673436436,1.2506476621425788,1.2782829060090732,0.8431892856150732,1.882259875472081
2021-03-18,1.4950183917023028,1.2024917044960213,1.2455708647861536,1.240082972331646,0.8298491647235111,1.8553128508727137
2021-03-19,1.4969127794643822,1.2031948635565954,1.2464128349056212,1.2480821620241032,0.8347381791615142,1.8520975808921074
2021-03-22,1.5007729948196313,1.2043631112165714,1.2479806365156068,1.2511172980956988,0.834215023540036,1.8662345616004878
2021-03-23,1.4908611624596777,1.2036235686665488,1.2463071553063312,1.2329979585817827,0.8222371694068821,1.8523527610492985
2021-03-24,1.4925287493842396,1.2045344972597583,1.246927743257782,1.2470554972240095,0.8296597601976081,1.842860059201794
2021-03-25,1.4979193317369706,1.2049082017908959,1.248107248050875,1.2556729872890764,0.8342425727039023,1.8528120853322423
2021-03-26,1.5167678097111263,1.2072454754528503,1.2521391142079537,1.2840306288011265,0.8527730727502474,1.8822088394406429
2021-03-29,1.5127453238002848,1.2060159379550988,1.2509419452779915,1.2770856431329725,0.8454530442093591,1.8814943350005082
2021-03-30,1.5084559680859646,1.2052382854141952,1.249822276078642,1.273531049227112,0.8462726309395029,1.8764417678881269
2021-03-31,1.5101836061502854,1.205229595264305,1.250170382230384,1.280882411436333,0.8516514717637945,1.8841992446667326
2021-04-01,1.5237057388861652,1.2079296123357917,1.2535484905964402,1.2992719372857309,0.8636144641077628,1.9045626212105726
2021-04-05,1.5299055152053658,1.2081626269147294,1.2546917578559336,1.3015454591369664,0.8640059660854045,1.9319179340614456
2021-04-06,1.532354139987559,1.2094457871859479,1.2560694389382485,1.3016342277486226,0.8613965829202144,1.9307441053383672
2021-04-07,1.5292076269606234,1.20875629071681,1.2551524306119097,1.2990356914304715,0.8612691024513642,1.9329896907216477
2021-04-08,1.5335922790173357,1.210315210535454,1.2569537530587724,1.2971871739169878,0.8541150300734198,1.942176176380523
2021-04-09,1.535240445759602,1.2097945499020082,1.256767338730853,1.2986870686970167,0.8564439472829612,1.956313157088903
2021-04-12,1.5351832770908407,1.2096129659267767,1.2566560125587847,1.2955169952536452,0.8544624850951967,1.9570276615290374
2021-04-13,1.540403183795069,1.2111749964517562,1.258509983121074,1.2971990900399704,0.8517904672371626,1.9627947330815534
2021-04-14,1.5435465168792297,1.2114056077548867,1.2588083449252443,1.3103235989035669,0.8607874944285103,1.9561090129631498
2021-04-15,1.556363025106029,1.2146741336492495,1.2630182537538162,1.311421621010091,0.8505854289047006,1.9771358579156861
2021-04-16,1.5596047079472095,1.2146304461714874,1.2633334738405715,1.3125693173854496,0.8496867192376966,1.9837195059712134
2021-04-19,1.5550797352882675,1.213670507837313,1.2619907094322165,1.3068645720857257,0.8477072187931056,1.973971623966518
2021-04-20,1.549174868720896,1.2136408861661692,1.2614647036402213,1.2870914960015853,0.8295221451749228,1.9595284270695086
2021-04-21,1.5596449182313994,1.2155061185595974,1.2642490857410194,1.3040396915603827,0.8400533030129558,1.9780545064815733
2021-04-22,1.5520100155653958,1.2144733948240336,1.2625371588063639,1.2924951321679188,0.8351645377074849,1.9599877513524524
2021-04-23,1.5616206495577891,1.2153992619947187,1.2643337336076037,1.309632060824014,0.8469009448912517,1.9812697764621794
2021-04-26,1.5626747636858702,1.2150708470187301,1.2640275445711477,1.3160755101889619,0.8519662418634538,1.9854036950086733
2021-04-27,1.5619740753425166,1.214330823920032,1.2631866767010893,1.3245743159653538,0.8607614800478348,1.9849443707257297
2021-04-28,1.5654263545797382,1.2149738514562165,1.2639242733293123,1.323688820340634,0.8566854019493875,1.9843829743799095
2021-04-29,1.5704819036227862,1.2157977731969905,1.2650855172321935,1.329660620860906,0.8629969438371575,1.9970399101765823
2021-04-30,1.5631975703224255,1.215153302049291,1.2639569609328332,1.3167745247539588,0.8581471232415181,1.9839236500969664
2021-05-03,1.5720743267083874,1.216617505848848,1.2659647429828187,1.3241102054458702,0.8568966575414682,1.9882106767377745
2021-05-04,1.5696845535668742,1.2165380608476573,1.2654463290473537,1.3197089174298668,0.8585040133498695,1.9759109931611696
2021-05-05,1.5737219339204533,1.217344653807504,1.2664248135525795,1.3211719448265582,0.8539408690698878,1.9765234255384276
2021-05-06,1.583473276802054,1.2189896655648365,1.2687258265847245,1.3304612664831417,0.8581918648290772,1.9923445952842684
2021-05-07,1.5936354559651782,1.2206591073737099,1.2711509032171864,1.3419810033517263,0.8646467478594262,2.006838828212716
2021-05-10,1.5872475337335856,1.2191343009353075,1.2691943294219075,1.3292433601641893,0.8558104662961205,1.9869347759518197
2021-05-11,1.5763316478625757,1.2171177459336173,1.2664730791220211,1.317649466581539,0.8547877649659709,1.969225273042766
2021-05-12,1.5540650872087574,1.2129553754945948,1.260605863511917,1.2878223737039614,0.8333682340168723,1.9273757272634455
2021-05-13,1.5629893319168249,1.214865825607473,1.2634583047803885,1.3056549339656827,0.8460306661967422,1.9505460855363863
2021-05-14,1.5802750943819674,1.2177791654716335,1.2674715050200287,1.3248940604528243,0.8597501014135308,1.980504235990607
2021-05-17,1.5824303944640916,1.2179513159254383,1.267540904109329,1.3270698837302854,0.8584017735408486,1.9752475247524728
2021-05-18,1.5761333035716727,1.21711563003146,1.2663335001628175,1.3132824057439008,0.8558216631774974,1.9588139226293741
2021-05-19,1.5670176629056578,1.215154535119483,1.2639092674981713,1.2967595761594226,0.8496786022669678,1.9528937429825435
2021-05-20,1.576259586548104,1.217594597582016,1.2671718346827932,1.2952269860499757,0.8445183545562109,1.9737164438093273
2021-05-21,1.5776410391989137,1.2178519006153705,1.2674111750395916,1.3026783444001822,0.8500494099594782,1.972899867306316
2021-05-24,1.5866587006184347,1.219605746329825,1.2696917594486539,1.3136188756650529,0.8580541774494757,1.9928039195672123
2021-05-25,1.5850044068368585,1.2199167253633774,1.2699391913580256,1.3055134518943121,0.8487023196223468,1.9888231091150328
2021-05-26,1.5869977102224204,1.2202155180914867,1.2703317227960993,1.308460740999311,0.8517658577874966,1.9921914871899538
2021-05-27,1.5891215022622756,1.2202871094366614,1.2704324210364202,1.3246879947011536,0.8616532462534513,1.9928549555986501
2021-05-28,1.5915739038904477,1.2206673120629723,1.2710173818548933,1.3261503726096908,0.8636920160660054,1.9976523425538404
2021-06-01,1.5990469628765254,1.221399665750946,1.272033958061551,1.337154060903721,0.8658601310920504,1.9952026130448068
2021-06-02,1.6033983425334903,1.2223814555620296,1.2731672929307172,1.3370376491950031,0.8618188523308639,1.9986220271511659
2021-06-03,1.5981008333087703,1.2208383572694472,1.2713466816888963,1.332459725928927,0.859052749119874,1.9911707665611893
2021-06-04,1.6078356610582665,1.2235257529898416,1.2744983514291328,1.3439726196505801,0.8639010972544006,2.0083699091558613
2021-06-07,1.6065702676923528,1.2232021473762185,1.2741685898951798,1.3375158580571007,0.8591266362982071,2.0075022966214124
2021-06-08,1.6084606032206399,1.2239879346448221,1.274954535959011,1.341214893677795,0.8582119151667024,2.007706440747165
2021-06-09,1.6068984846256604,1.2240695153423948,1.2749140115966398,1.330769663626888,0.8496792946322227,2.0046953148923117
2021-06-10,1.6119792390589924,1.2258471062525809,1.277036488455398,1.3249693030340826,0.8437657183836319,2.013932836582625
2021-06-11,1.6114717464499781,1.2253090085003697,1.276590002869876,1.3276947754020227,0.8481212693316532,2.017250178626108
2021-06-14,1.6082612805072647,1.2239346098503303,1.275205180708852,1.3168074246261867,0.8416248547244788,2.021741349392669
2021-06-15,1.6071938229792004,1.2235751659439011,1.274707408553074,1.3167094766047354,0.8436128093549189,2.018066755129119
2021-06-16,1.5965614936272081,1.2202802503147268,1.2708878272232413,1.3076849365375016,0.8399932744536247,2.0067877921812776
2021-06-17,1.5878629238235222,1.2192287795283934,1.269714136851466,1.2775145714385268,0.8167427059325666,2.006124323772581
2021-06-18,1.5741416836765165,1.2169351281447418,1.2664583487231134,1.26127234367389,0.8069986672983326,1.9790752271103373
2021-06-21,1.5909235826234813,1.2195179743704774,1.2700624845945376,1.2908961023612484,0.8311635494710444,2.007400224558536
2021-06-22,1.5929680620289455,1.2204278623600897,1.271033691021464,1.292802560270457,0.8294602968598215,2.018117791160557
2021-06-23,1.5910227676753266,1.2191478422668711,1.2696621998007875,1.293171632422532,0.8295769178238444,2.0156680616515232
2021-06-24,1.5975365057561743,1.220672865706724,1.2715565657065397,1.302150478744019,0.8356204895266666,2.027610493008061
2021-06-25,1.6016848517605426,1.2209312168651447,1.2723098164782136,1.3093571533231152,0.8402188700295526,2.034806573440847
2021-06-28,1.600212114007576,1.2217942297551947,1.272944159655933,1.306160282498255,0.8435778950021547,2.038889455955903
2021-06-29,1.5980477093077432,1.221269013890961,1.2724122886430935,1.3040316988026726,0.8441344355767019,2.0400122486475434
2021-06-30,1.6009361185609827,1.222404896301173,1.2733811223410643,1.3134596720216014,0.8482838780395772,2.041747473716442
2021-07-01,1.6069437833123716,1.2233855087902368,1.2745707746824984,1.3233090742057232,0.8551305476838319,2.053026436664283
2021-07-02,1.612962797157852,1.2256322492119294,1.276968421858183,1.3229133047837927,0.8514176924224687,2.068745534347247
2021-07-06,1.6055000557302712,1.225208229320345,1.2761645067771008,1.3029501195559974,0.8325375204191717,2.064968868020821
2021-07-07,1.6092685022967346,1.2267353828296124,1.2778550688002885,1.2952747467404444,0.8257320897798354,2.072267020516483
2021-07-08,1.6006838657121063,1.2258098419314314,1.276196016073109,1.2827266715258778,0.8169042444114699,2.05537409411044
2021-07-09,1.61403364806851,1.2271753977703572,1.278611753030838,1.3075139923799775,0.8379200996905318,2.0773195876288635
2021-07-12,1.61701299653416,1.2274416646811048,1.279094120226295,1.3110581741438374,0.8402431122176033,2.0847708482188403
2021-07-13,1.6101556277568674,1.224958150819872,1.2763046632178308,1.3063265401935207,0.8394821843156897,2.077625803817493
2021-07-14,1.6120658935738699,1.2269139672181173,1.2783192410812187,1.2971161066551111,0.8286277409251159,2.080739001735223
2021-07-15,1.6116737407943262,1.227756314690909,1.2788108931920037,1.292677150115099,0.821971128081512,2.073644993365314
2021-07-16,1.6028375451156642,1.226016881901878,1.2766912188112987,1.278491120003882,0.8129502378507916,2.0573644993365297
2021-07-19,1.584218335828548,1.2237246524102723,1.2730657326466188,1.2401584702960387,0.7859235590524786,2.0269980606308033
2021-07-20,1.5982391657654265,1.2264456014254046,1.276999016907078,1.2630952362786025,0.8042874370324967,2.0560375625191365
2021-07-21,1.6064829375232235,1.226706143838576,1.2780326844226129,1.2887597377718316,0.8258425470887691,2.072675308767988
2021-07-22,1.607684287292346,1.227846353775087,1.2789716820793913,1.2876327787838469,0.8231081395471809,2.0770133714402346
2021-07-23,1.612752964796742,1.2287639936805634,1.280565125725893,1.2908430135304119,0.8239701124390076,2.0983974686128386
2021-07-26,1.614485442381147,1.2286017531296514,1.280337529136006,1.3003616630773709,0.826044849380582,2.1035521077880963
2021-07-27,1.6133175196671554,1.229540241037944,1.2807468399462747,1.2945650970341769,0.8221057000163261,2.0939573338777158
2021-07-28,1.6161253184236262,1.2302503345481988,1.2815276030919516,1.2950770155468625,0.8235320404929793,2.0930897213432664
2021-07-29,1.624323171438151,1.2315642725884175,1.2833918560539628,1.3054278726953554,0.8258300352751925,2.1017658466877593
2021-07-30,1.6185596101455486,1.2309905125419736,1.2824098473466492,1.299625065134317,0.824002905813803,2.09155864040012
2021-08-02,1.6176349816699973,1.2317656511592423,1.2827882869470546,1.296582223447781,0.8223608630513674,2.087169541696435
2021-08-03,1.6261668447551767,1.2334882816701473,1.28505602871315,1.3083541740084674,0.8290735547983976,2.1041645401653546
2021-08-04,1.6174419364146455,1.2314128178939028,1.2826050548774992,1.2967528663455714,0.8177640984385118,2.093804225783401
2021-08-05,1.6233094088712159,1.2318010428509012,1.2834398727344483,1.31176833985136,0.8286530232769522,2.107073593957332
2021-08-06,1.6198756320574075,1.2290936227521159,1.2811806654756501,1.3116651119873282,0.8370839989865667,2.1105440440951293
2021-08-09,1.6147287322798298,1.2272942878382067,1.2794142346814812,1.300482377917297,0.8309979492542651,2.1088598550576685
2021-08-10,1.6195083673117028,1.227571019780948,1.2797827162258513,1.3060400310602778,0.835391644614525,2.111462692661017
2021-08-11,1.6276128865044217,1.2297350770371749,1.2822426077285605,1.3123482099084014,0.834553456008951,2.116719403899151
2021-08-12,1.6277072640738257,1.2297460205767914,1.2824488613481961,1.3161239412035857,0.8374337090213,2.123047871797487
2021-08-13,1.6320207167635845,1.2322882618864943,1.2848515037295445,1.3176565272242717,0.8335936314396796,2.12692661018679
2021-08-16,1.631486814741617,1.232922471276054,1.2854713789913614,1.3115431121706465,0.8279110429291815,2.1319281412677333
2021-08-17,1.6224438803420558,1.2309040226945338,1.2829798477486802,1.3022348391968253,0.8214639870505162,2.117944268653668
2021-08-18,1.6120974959216838,1.2286236455346649,1.2801594416367745,1.2847032744124633,0.8105029560025866,2.0947739103807272
2021-08-19,1.6073203745023985,1.228320148686655,1.2796170291547477,1.2715616243437797,0.8025722936613572,2.0979891803613335
2021-08-20,1.6112914598870143,1.2290833061035487,1.2808845487212173,1.2688007132718724,0.8006184770025374,2.1146779626416237
2021-08-23,1.623719675610738,1.2316133341724202,1.2837298770525412,1.2939597109299328,0.8175185191915494,2.1333061141165652
2021-08-24,1.6281346922282558,1.2316976897195437,1.2841055092496747,1.3061221330448813,0.8264468793852171,2.1366744921914864
2021-08-25,1.6299022515381945,1.2313378004863027,1.2840466949318197,1.3112646552522922,0.8312541625150727,2.1411656629580476
2021-08-26,1.6232557513626562,1.2301131022689518,1.2824768282467234,1.3064427689257874,0.8309654344852437,2.128508727161375
2021-08-27,1.636863302423727,1.2339994859776338,1.286694348654484,1.3144920575408112,0.8308869051482242,2.1475451668878223
2021-08-30,1.6386445755270675,1.2349847305790427,1.2878487689219036,1.3172947596637692,0.8351196022393683,2.1569868327038884
2021-08-31,1.63752712408995,1.2342387157866481,1.287367704969409,1.3160090702381662,0.8298811037320921,2.15382259875472
2021-09-01,1.6400695182390117,1.2350745277328148,1.2884299847838365,1.3116642808646781,0.8247089606127884,2.1549453914463603
2021-09-02,1.6478801773686416,1.2371078782914682,1.2905128718095664,1.3279772422577563,0.8375333936348723,2.1615800755333257
2021-09-03,1.6459243014243428,1.2361098304536793,1.289804239608387,1.3252825914714548,0.8327604565332933,2.1610697152189435
2021-09-07,1.6355848196536205,1.2325135820134827,1.2861175180671742,1.3163297994040573,0.8296446084804842,2.153312238440338
2021-09-08,1.6357253648702421,1.2336141437316823,1.2869755815845114,1.316630790951861,0.8334070103781387,2.15070940083699
2021-09-09,1.6330024067009759,1.2339245178275604,1.2867790455036765,1.3150769419107171,0.8335785913714822,2.1415229151781148
2021-09-10,1.6258863921772166,1.2313507541695219,1.284042702035669,1.3054301929629475,0.8291315843822253,2.1246299887720723
2021-09-13,1.6328249418494218,1.2333149985413883,1.2860339826264982,1.3169890383097724,0.8359945304760347,2.130039808104521
2021-09-14,1.628201465457678,1.2332626120160708,1.2854417703537855,1.311457770526597,0.8268636411322058,2.118556701030927
2021-09-15,1.6371384552376194,1.2347513403416668,1.287260422650704,1.320309815556305,0.8360405377836059,2.1362662039399805
2021-09-16,1.629105412888928,1.2321778006625796,1.28473243435955,1.3189594144141183,0.8398961637490491,2.1328978258650597
2021-09-17,1.6180467205151179,1.2291790778465361,1.2814335960365169,1.3085702419438754,0.83072622427989,2.1120751250382757
2021-09-20,1.6021042274591946,1.2266721528263151,1.2778649061555623,1.286957050103528,0.8161142206736969,2.076860263345921
2021-09-21,1.603726183752416,1.2272264846480974,1.278566303816393,1.2868049406366024,0.8137873896858371,2.0749208941512696
2021-09-22,1.6157408384046248,1.2296226065810942,1.281194617205747,1.3027599068353732,0.8233672036328582,2.0951821986322328
2021-09-23,1.6242302374572677,1.2290172299328272,1.2816348254421814,1.3248365388065109,0.8432176776887951,2.120598142288454
2021-09-24,1.621476051939327,1.227527450253391,1.2801608846559196,1.3208777342382207,0.843035119056794,2.1241196284576893
2021-09-27,1.6235159299856565,1.227100622914953,1.2796011946621415,1.3155426061165798,0.8340664052354023,2.118046340716544
2021-09-28,1.6045983845486849,1.2216937738719202,1.273456872641202,1.2958139536436826,0.8239694283739583,2.0753291824027746
2021-09-29,1.606676568545106,1.2226273402698626,1.2745658866712566,1.3000104779989892,0.8285595239637406,2.0788506685720103
2021-09-30,1.5965723184852965,1.220816738611539,1.2718819535425678,1.288890739897446,0.8188088619719305,2.053434724915789
2021-10-01,1.6098945185291595,1.224382817473772,1.275959504808127,1.304202517885391,0.828766843229835,2.077829947943246
2021-10-04,1.6055459230758287,1.2228464621290336,1.2737744676726706,1.2910304084204554,0.8244527113833703,2.0510360314381937
2021-10-05,1.6114485130241085,1.223295654733893,1.274712832906491,1.3058854398158444,0.8358931944585956,2.0723690925793594
2021-10-06,1.6126801149794125,1.2237095566613079,1.2752422861189874,1.308868235810863,0.8320844918295562,2.0809941818924145
2021-10-07,1.620329583278375,1.224381610414496,1.2765968266150527,1.3193771630313191,0.8424010938412801,2.0990099009900973
2021-10-08,1.6193793731771937,1.2231183297619939,1.2750954256148914,1.3171028709685382,0.8419727226161727,2.0951821986322328
2021-10-11,1.6141446727973396,1.2210101747147946,1.27270871055015,1.3146850660641745,0.8433491648371875,2.0799734612636507
2021-10-12,1.617893444029881,1.2232262239555312,1.2747874806667556,1.3212719043346894,0.8445319562094064,2.0748698581198313
2021-10-13,1.6266096719344174,1.2256885711382548,1.2775211223233245,1.3231697535004763,0.8376109533308282,2.0823211187098076
2021-10-14,1.6435514009827021,1.2298336525514488,1.2828322206121527,1.343328396147767,0.8470069659383891,2.1173828723078483
2021-10-15,1.647920062255756,1.2294778601358718,1.2828953186670544,1.3550415601053494,0.8569867862585648,2.133510258242318
2021-10-18,1.646837277443388,1.2283946744366847,1.2818077409113666,1.3509960665790333,0.8529882426240089,2.139787690109216
2021-10-19,1.652873059410573,1.2292963828081271,1.2832248581229126,1.363389564723672,0.862383864798933,2.156323364295192
2021-10-20,1.6609290804470374,1.231262828773914,1.2856622438778589,1.377731151987584,0.8685088678830345,2.1647953455139324
2021-10-21,1.6576904395806837,1.2293540447122322,1.2838626967996971,1.3654668569571644,0.8611742345463308,2.170409308972134
2021-10-22,1.6636793774086323,1.2310952433440023,1.285522114682689,1.376278972747427,0.8667082438892459,2.168163723588853
2021-10-25,1.6698900606027587,1.2328342181245984,1.2875994940069098,1.384778600047682,0.8657130576088308,2.1797999387567617
2021-10-26,1.6723218463805276,1.2336060834058262,1.2883945512007262,1.388746293307321,0.8687341475537486,2.1817903439828514
2021-10-27,1.6636934285641676,1.2326265202214017,1.2866912870330525,1.3660696621412587,0.8539221178804844,2.1720934980095943
2021-10-28,1.6731550283190348,1.2345223911358683,1.289437498863247,1.378951502964244,0.861844318336051,2.1930693069306924
2021-10-29,1.6687640568970183,1.233583253041359,1.2881950059779832,1.3732606732464028,0.8576477760133788,2.1975094416658156
2021-11-01,1.674748704379184,1.2342902548006682,1.289275461149039,1.3833033921198663,0.8601055040500842,2.2012861079922423
2021-11-02,1.6775884546887472,1.2361346112293679,1.291362364915561,1.3834715905699326,0.8626905010567878,2.2101663774624885
2021-11-03,1.6782139674979109,1.2355508339119499,1.2916192075102497,1.374229025182241,0.8576805312776322,2.22369092579361
2021-11-04,1.6805721082556755,1.237617917903827,1.2936298010160225,1.3675947001152653,0.850424019490013,2.23415331223844
2021-11-05,1.690428911631239,1.2413680299388965,1.297517843246336,1.3786564353586794,0.8512272208374346,2.2419107890170453
2021-11-08,1.6915103845110075,1.2401794341633423,1.296375490589199,1.3853630006181572,0.8548634755370629,2.243850158211697
2021-11-09,1.6931719058697499,1.241875087304584,1.297733354533531,1.3882979328473501,0.8511131032914635,2.2363988976217204
2021-11-10,1.6830389569605793,1.2368702092618062,1.2925314682437203,1.3761871755875865,0.8418960067359146,2.218434214555476
2021-11-11,1.6854852367316024,1.2366073938541033,1.2923249038528335,1.3776708758202307,0.8417145746131556,2.2191487189956103
2021-11-12,1.6891156216645313,1.23804232426781,1.2940997010966253,1.381870117908304,0.8420058462482897,2.2358885373073383
2021-11-15,1.688285153534909,1.2367916458402097,1.293052507804614,1.3862444293082465,0.8465593955675359,2.236654077778911
2021-11-16,1.6879658471557129,1.236308364345647,1.2926731164331435,1.3950513997934115,0.8534384161571935,2.245483311217719
2021-11-17,1.6858634961774495,1.2367910990464044,1.2928010727729975,1.3863663397290098,0.8454308463292566,2.24007349188527
2021-11-18,1.6849763293360132,1.2365191315114716,1.2925051745909681,1.3833716031049794,0.8488114803578304,2.247677860569561
2021-11-19,1.6785285441659596,1.2352609525677998,1.2909295106632626,1.3584409919695901,0.8349607392336005,2.243646014085943
2021-11-22,1.675417763289993,1.2321011754753157,1.2878242694622,1.3699481779371698,0.847856613285182,2.2373175461876067
2021-11-23,1.6786812332361378,1.2318464696247773,1.2878040965346387,1.3949426328983103,0.8655943760937369,2.240277636011022
2021-11-24,1.681158077263906,1.233014269800177,1.28864710730557,1.4033247327199363,0.8674810929160968,2.2462488516892907
2021-11-26,1.6537623224243894,1.2280137176184063,1.2816365275415549,1.3571392607706243,0.834099775046371,2.196182504848421
2021-11-29,1.6613997703229606,1.2300716779522414,1.284969470688803,1.3723652395516588,0.8427527048636193,2.2231295294477884
2021-11-30,1.6405553815043812,1.2246208308871547,1.2772195271959739,1.3481675323248286,0.8308463543176215,2.1798509747881987
2021-12-01,1.6321588921313241,1.2231167470958553,1.2746806317602566,1.331012191915194,0.8160803399028744,2.155659895886494
2021-12-02,1.6515635267360012,1.2273993766208153,1.280971493718602,1.358179815536839,0.829763982680911,2.1886802082270065
2021-12-03,1.6493545647318204,1.2287423168009328,1.2816697396644083,1.3444438769690985,0.8197003844559017,2.1695927324691215
2021-12-06,1.6624931601074087,1.2305777348342626,1.2856050701372133,1.3636660914812884,0.8311512346488884,2.195314892313972
2021-12-07,1.680852495986068,1.233693708091463,1.2912500796605795,1.395284406062919,0.8465401517148324,2.2407369602939657
2021-12-08,1.6819192839246524,1.2330414039485629,1.29121063250041,1.3989858681123362,0.8481664917718775,2.246657139940796
2021-12-09,1.674005238016335,1.2314095997576826,1.2883328142092243,1.3865778708354968,0.8418731591070134,2.2314994386036524
2021-12-10,1.6824037699738126,1.2337367676081306,1.2917390267039173,1.3947822976560573,0.8470892988204914,2.2524752475247505
2021-12-13,1.6775773294833616,1.2345635425309875,1.2916893078734073,1.3831570349379674,0.8430336160059213,2.2326222312952924
2021-12-14,1.6696719154522244,1.2319600601598102,1.2882588381786586,1.3789965384823997,0.8403768247306083,2.217158313769519
2021-12-15,1.6804731492192702,1.2346639690078287,1.2928858526469662,1.3928406248590994,0.8465637145397895,2.2518117791160543
2021-12-16,1.6822171380663071,1.2362321671644085,1.29426395435854,1.3852736397512642,0.8372471099714351,2.2319587628865962
2021-12-17,1.6695693315224847,1.2335044781435216,1.2898822995823593,1.368966554594854,0.832475458179012,2.2082270082678357
2021-12-20,1.6564570141955632,1.2300051499135958,1.2854038693533947,1.3520730136273835,0.8277576699465452,2.1847504338062658
2021-12-21,1.6732859736169052,1.2330290406795783,1.2905182114016165,1.3859094559286853,0.8463712255990444,2.2235378176992944
2021-12-22,1.684836926625333,1.2360927219298545,1.294758969334349,1.398958429065421,0.850040378000071,2.2457895274063477
2021-12-23,1.6902644771437898,1.2367589903175389,1.2965433353465692,1.406446641854865,0.8524949731971121,2.2597734000204133
2021-12-27,1.7049483356930972,1.2399321475660814,1.301303559071155,1.4239417427918666,0.8626026934163746,2.291721955700724
2021-12-28,1.7055725611506367,1.239837209357487,1.3014699967914798,1.4267524995463303,0.8646884474518353,2.2898336225375107
2021-12-29,1.7055343889827232,1.2387282785755191,1.3008606159802711,1.4307624062311548,0.8681874900212665,2.292793712360926
2021-12-30,1.7063694880553664,1.2402855091662661,1.302053299866887,1.4302359056754845,0.863402381305423,2.2864652444625895
2021-12-31,1.7069177402108526,1.2402904086741375,1.302157699548768,1.4285623653768917,0.8601247112399403,2.2806981729100735
2022-01-03,1.7056501813594611,1.2366430718441197,1.2991067039646718,1.4438720035765382,0.8809046133378644,2.2938654690211275
2022-01-04,1.712973526085817,1.238159266090528,1.3011185037911812,1.4412295574737561,0.8803616009806614,2.293099928549555
2022-01-05,1.6973390497708276,1.2328490449322669,1.2941858002057198,1.4153693108947165,0.8682863990767535,2.2491068694498306
2022-01-06,1.6966182016923654,1.231587392164609,1.2926187303163803,1.4114081529120053,0.8687623681682658,2.2469633561294264
2022-01-07,1.696234127576811,1.2306737793439675,1.2916860678907809,1.402562373068473,0.8579672487582142,2.2380830866591803
2022-01-10,1.6915596343597175,1.229393783160617,1.2898646592508447,1.4023513798244185,0.8579997060285515,2.235327140961518
2022-01-11,1.7060354514257778,1.2337413781857516,1.2950974684334018,1.413296519573271,0.8584739942394594,2.255588445442481
2022-01-12,1.7117197962782473,1.2348791824236047,1.2969447945297656,1.4187625683261336,0.8571695748378685,2.261763805246503
2022-01-13,1.7031733221576242,1.2336901871841914,1.294511312059483,1.4020349554829477,0.8501501255969247,2.2305807900377657
2022-01-14,1.699762176772321,1.2304688494073013,1.2914073938672896,1.4009577631665218,0.8525890084016503,2.2314994386036533
2022-01-18,1.6818300981693035,1.223219116817556,1.2829065000874413,1.3746400567011265,0.8412602326133575,2.1919975502704903
2022-01-19,1.6781640993106988,1.2235857418843545,1.2825223035599342,1.3608464434699121,0.8278960918114685,2.169235480249055
2022-01-20,1.6695090749488828,1.2216230368121688,1.2794293316324739,1.3474219363325046,0.8177769240566618,2.145248545473103
2022-01-21,1.6570447668951764,1.2202284610149765,1.2765358701115124,1.3274915386579011,0.8096481014704666,2.103092783505154
2022-01-24,1.655759357231984,1.2194238408816231,1.275725335976778,1.3328962790277277,0.8167077153786432,2.112024089006838
2022-01-25,1.6506810973515278,1.2173456506043137,1.2726724795267488,1.3381941097679408,0.821113887014547,2.0862508931305492
2022-01-26,1.6406328301284525,1.2119401708029587,1.266868391172423,1.3334145449187558,0.8260864031452599,2.0810452179238537
2022-01-27,1.6373925662790296,1.2116524337537604,1.2653602537400803,1.3278546370038509,0.8250264887312936,2.0707359395733382
2022-01-28,1.6526599722613844,1.2162676162398767,1.2713954119324127,1.3537378885102163,0.8413169913596652,2.122180259263039
2022-01-31,1.669626412922147,1.2206951992186947,1.277259296343789,1.362337347602744,0.8385474619309857,2.1604062468102474
2022-02-01,1.6778613061845518,1.2226711055415769,1.2799593689586548,1.3721749588728698,0.8446075024952088,2.175002551801571
2022-02-02,1.6863384608760739,1.225761314198344,1.2836603400969078,1.3829727503162483,0.8515668042815551,2.196131468816984
2022-02-03,1.6696085293237246,1.2197957003688673,1.2763722046057373,1.3759777873934156,0.8559918617973578,2.1444830050015304
2022-02-04,1.6678415061784517,1.216264683055371,1.2727949372629144,1.3743871284439613,0.8556166777445947,2.154588139226293
2022-02-07,1.6688759070992312,1.2169092295935204,1.2732617634221954,1.3784214799722256,0.8574353588463346,2.1476982749821367
2022-02-08,1.672839947774089,1.2167165076208937,1.2740022591728273,1.372719152999102,0.8497695880906861,2.1653567418597524
2022-02-09,1.688485037268341,1.2213301563937482,1.279985767635418,1.395149455262617,0.8566949192994314,2.197050117382872
2022-02-10,1.6670806720821383,1.2101960840223218,1.267583236938593,1.3771143411392441,0.8506526594787298,2.1575482290497083
2022-02-11,1.6614004889026763,1.2122113181481424,1.2673319263704397,1.3878306461004823,0.8642614770780209,2.1150352148616918
2022-02-14,1.6519541013513412,1.2066033223222545,1.2617353621831102,1.3756205263635795,0.859700036483175,2.108094314586097
2022-02-15,1.6606535405735858,1.2081637446891833,1.2650190300723554,1.3800146895304393,0.8578927696954542,2.142084311523935
2022-02-16,1.6670106729779974,1.2118041529859473,1.2688370170378933,1.3838978269819129,0.8542349161424377,2.1444830050015304
2022-02-17,1.6553106124951114,1.2096910569411592,1.264956687206995,1.365052850369305,0.8455300650605404,2.0987036848014693
2022-02-18,1.651877827422368,1.2096691095702639,1.2642154548035536,1.359557466025061,0.8439552233925219,2.0851281004389093
2022-02-22,1.6423565317798152,1.206388351623669,1.2600420892091995,1.3557377149772352,0.8501124298493066,2.0627232826375415
2022-02-23,1.6268261885726623,1.1997105450230536,1.2526022295816486,1.3499633884621856,0.852548054513138,2.0266918444421758
2022-02-24,1.6300402347708831,1.2009489989178583,1.2543764762347778,1.3540722501252016,0.8611666067312783,2.0551189139532506
2022-02-25,1.6561639628900153,1.2103490317503152,1.2661633645009855,1.3876421846967268,0.8711878381216774,2.102021026844952
2022-02-28,1.6581733624699166,1.2147058681791623,1.268586968064283,1.3952180967661583,0.8740153975219119,2.0966112075125034
2022-03-01,1.6514258779923632,1.2163283954072095,1.2675580902560823,1.3970693834508052,0.880381873770722,2.064713687863631
2022-03-02,1.6654730665254387,1.2164718380926978,1.2698903660888683,1.4282694372628457,0.899302902460244,2.1026844952536483
2022-03-03,1.6658719858457576,1.2181210875893875,1.27073900019609,1.434819502576477,0.9072242507489191,2.092222108808818
2022-03-04,1.668861998017698,1.222237947345778,1.272595636524111,1.4491447612820176,0.9149795677934829,2.075227110339899
2022-03-07,1.6444324634089282,1.212790114617598,1.2606441249605367,1.435825786050579,0.9176649872107089,2.0140349086455025
2022-03-08,1.6407082261139758,1.2107102305424529,1.257178301862454,1.4359954402051047,0.9158275338346821,1.9987751352454821
2022-03-09,1.6506313819029235,1.21007521025245,1.261297225427299,1.413042007006234,0.9022641492841075,2.0523629682555873
2022-03-10,1.6448715510735274,1.2058091707707013,1.2568256812920005,1.4091195352392674,0.9025028753413485,2.0430744105338356
2022-03-11,1.6341229135194981,1.2018132871295641,1.251636718240511,1.4020894869682266,0.905027893437715,2.0170970705317943
2022-03-14,1.6193823171521866,1.1919164188927796,1.2428816504076694,1.3776184503611635,0.899154348412626,2.0023476574461556
2022-03-15,1.6291745089354779,1.194912560630877,1.2484942730887916,1.3711939326629732,0.8899337636092328,2.0463917525773185
2022-03-16,1.6536876173836201,1.2040449607265615,1.2593862742249033,1.3707633945471291,0.8644356262214782,2.0917627845258737
2022-03-17,1.6718211192899655,1.211330830801684,1.2668816136351233,1.4032619475255244,0.8818517032050323,2.1179442686536682
2022-03-18,1.6800136992316497,1.2141134077687574,1.2701533618991083,1.4048126920986745,0.8802868909233256,2.141165662958047
2022-03-21,1.6799651609803141,1.2111085906148227,1.2659467114799627,1.4332370179652572,0.9043110379409103,2.1405021945493505
2022-03-22,1.6862820816077408,1.2115449617282454,1.2677672463358511,1.43250946390497,0.8972169793120299,2.1655608859855047
2022-03-23,1.6835259430996412,1.2132594671948578,1.2670425293240977,1.4423069116030425,0.9013317724332393,2.13769521282025
2022-03-24,1.6931534845126686,1.215947536325905,1.2709151334950455,1.4487005099615244,0.9080228364987226,2.169898948657752
2022-03-25,1.6970007669571667,1.214598145657425,1.2699814788130308,1.4597626177954977,0.9209310544686089,2.180514443196896
2022-03-28,1.6966311315859235,1.213204334107949,1.270680503428099,1.4435931937142399,0.913509196722172,2.1956721445340404
2022-03-29,1.713383465072578,1.2203173635235625,1.2793987444113326,1.4460507849325328,0.9089537675967171,2.223078493416351
2022-03-30,1.7138488494142459,1.2223827292087746,1.2801950120973071,1.4566635502011087,0.917076985956545,2.2098601612738586
2022-03-31,1.6979445427821147,1.2170207161647388,1.2739277186352893,1.439750185989816,0.9107910194933792,2.175461876084515
2022-04-01,1.7053018698812397,1.2184136955455156,1.2761129856699145,1.4417577011449798,0.9051678146777593,2.1815861998570982
2022-04-04,1.7109196308617312,1.220478438046776,1.2783148812244736,1.4483021117676294,0.9064672492561541,2.2003164233949164
2022-04-05,1.6931553482080095,1.2113375765256227,1.2685896541604482,1.4380058944261904,0.9086002072915441,2.1725017862611002
2022-04-06,1.6873109839776492,1.2099897720494828,1.2667404271434592,1.4284925798395467,0.9133164881924624,2.150760436868429
2022-04-07,1.690303002011214,1.2113494758566952,1.2680551707046808,1.4356083866809042,0.9206383455074983,2.161631111564765
2022-04-08,1.691997279966544,1.2112268943474864,1.2672221422409982,1.4470107151181204,0.9303362728895308,2.1558130039808105
2022-04-11,1.6743893126255311,1.2041900786567195,1.2593232927159916,1.4212700526822148,0.9184931241122997,2.1189649892824334
2022-04-12,1.6775747320534262,1.207575951841229,1.2619407162244605,1.4377800275527757,0.9293580437991406,2.1111564764723894
2022-04-13,1.6918715190657585,1.2132949084030553,1.2683210675116736,1.455024054524,0.9335260006513771,2.1352965193426554
2022-04-14,1.6809943861444023,1.2074212843455636,1.2618102455334324,1.4536056539392135,0.9333331554310773,2.108706746963356
2022-04-18,1.6795490119477798,1.2062375066322348,1.2599302726834605,1.4550689278305438,0.9385838309244939,2.109574359497805
2022-04-19,1.6855349482953188,1.2053674574314388,1.2611449356792817,1.457540544415334,0.9457489999299133,2.1436664284985194
2022-04-20,1.6953388685442163,1.2113316311864641,1.2674303593910918,1.466915528554037,0.9537210232999375,2.1420843115239356
2022-04-21,1.6772201055846825,1.2031896848703683,1.258243115591177,1.4441014141210264,0.9415548666589229,2.1100336837807485
2022-04-22,1.6488198594072636,1.1918521707888616,1.245473521913605,1.407239012085139,0.925611440946892,2.0521077880983967
2022-04-25,1.6480059326347904,1.1924224575024054,1.2471229775775805,1.3927668117974636,0.9108558913578365,2.0640502194549346
2022-04-26,1.6279246734348474,1.18730684868943,1.2393306365056047,1.387512285227494,0.912471355430823,2.0042359906093696
2022-04-27,1.629583147947106,1.1859759391715248,1.2382794189096074,1.3926407545141775,0.9212342830036157,2.0099009900990095
2022-04-28,1.6500829935042043,1.1929249735500007,1.2468050056539226,1.4171259718511788,0.9345496354801399,2.060681841380014
2022-04-29,1.616438424194892,1.179539571489739,1.2303126989402142,1.3810158137534603,0.9120357270573163,1.9844850464427881
2022-05-02,1.6125013160783621,1.175739084092302,1.2265984765764653,1.3769868779727281,0.9165928830956905,1.996427477799326
2022-05-03,1.620733751272303,1.178645452738413,1.2304562209564902,1.3788846839642703,0.9142066877429105,2.005613963458201
2022-05-04,1.6532032365027134,1.1924717805861555,1.2461929154451439,1.4084368761255301,0.9216981303676823,2.0667040930897205
2022-05-05,1.615686718225269,1.1769802248594141,1.227917705964029,1.3872168888375194,0.930118749372256,1.9932122078187193
2022-05-06,1.6087667791967997,1.1737805451961212,1.223847084369847,1.387096799417127,0.9350256319268854,1.9813208124936197
2022-05-09,1.5725062127414677,1.1624601298265294,1.210888999734007,1.3417606634572457,0.9146265242471034,1.917883025415943
2022-05-10,1.5712979299385015,1.1617931089278641,1.2103377184610462,1.3429987389763682,0.914177202308124,1.9223231601510657
2022-05-11,1.5685853170558377,1.1630430475194125,1.2100160589511637,1.3528129852243655,0.9123506228341646,1.891803613351025
2022-05-12,1.5671844013292489,1.1626395224747597,1.2097718305920575,1.3552308578159324,0.914595916224248,1.8898132081249355
2022-05-13,1.587785024642697,1.1676471754777344,1.2170513239915886,1.385772222089685,0.9276728121817421,1.9349800959477381
2022-05-16,1.5894542010800545,1.1696849479632307,1.2184217198811387,1.4007916470618902,0.934468929421988,1.9271205471062562
2022-05-17,1.6037897786238824,1.171238071627131,1.2223128943667048,1.3974809301560482,0.9336396307210157,1.9667755435337337
2022-05-18,1.5695168498422096,1.1616621082265095,1.2085857066052155,1.3612299552697582,0.9151095857305915,1.8875165867102162
2022-05-19,1.5715823541146312,1.1643915671621523,1.2108512370987017,1.3596444584303435,0.9083085628573506,1.875931407573746
2022-05-20,1.5742007728834349,1.1667067558596904,1.213050722053016,1.3627193342443438,0.9010800614371967,1.8767479840767574
2022-05-23,1.5899793645630058,1.1706221504105692,1.218931583624206,1.3849317188001384,0.9095280102507773,1.9118607737062359
2022-05-24,1.5933666586378377,1.175709685016815,1.223764069480217,1.3966576736297296,0.908272900315532,1.8972644687149118
2022-05-25,1.6038322837009102,1.1796386127048155,1.2290194844230249,1.4078968182711284,0.9138759391805769,1.9140553230580784
2022-05-26,1.6215947368117303,1.1849938278392922,1.2364537361425612,1.419514364784527,0.9187883102692102,1.9522813106052865
2022-05-27,1.6447618244017859,1.1926290223558378,1.2465477797669398,1.4348232521218682,0.9208589657177575,2.0002041441257523
2022-05-31,1.631996100123563,1.1852121201964094,1.2386252303911174,1.417500146870755,0.9138035980775866,1.9889762172093495
2022-06-01,1.6241588784554146,1.1814474077642392,1.2337118989446039,1.4202322994239802,0.9195653151819491,1.9728998673063178
2022-06-02,1.6442708424316388,1.1886720119117022,1.24240151228094,1.4342778436676238,0.9159043380579065,2.010207206287639
2022-06-03,1.6309221430487946,1.1837132181318784,1.236093457384736,1.4366113074129467,0.9272463088642047,1.9774931101357558
2022-06-06,1.6304628525616864,1.1811218256348472,1.2339573447029208,1.4382697078169708,0.9280356300474706,1.9835153618454624
2022-06-07,1.6431660044598737,1.186357776723734,1.239919448682359,1.458064366767393,0.9368780046602446,2.0025007655404714
2022-06-08,1.6290689106479834,1.180683495589531,1.2324313586423923,1.4464991026890612,0.9366944007208794,1.9807594161478002
2022-06-09,1.6051159095909489,1.1724780872284704,1.2215264028706014,1.427063986145135,0.9309210954814907,1.9336531591303456
2022-06-10,1.5780323270126795,1.1616661112783353,1.2078182321595945,1.4106650558183056,0.9329672781861901,1.8775645605797688
2022-06-13,1.527714336105147,1.1377454153976605,1.1806903022786275,1.36759877104289,0.9316944977406728,1.8062672246606102
2022-06-14,1.5195388638698686,1.132110657973291,1.1752109115666192,1.3549321950784277,0.9288295305948521,1.8008574053281614
2022-06-15,1.5360468481342198,1.1424285114047723,1.1863427699829983,1.3507925395355171,0.9066396209250461,1.8265285291415736
2022-06-16,1.5081655223972004,1.1346202221295123,1.175547127591797,1.321819843466692,0.8959115583023226,1.7660508318873123
2022-06-17,1.502014667529062,1.1313523950656248,1.1730475627906154,1.2887964571161008,0.8756905507252661,1.7698785342451768
2022-06-21,1.520775517844563,1.1362948615216857,1.1799151350931292,1.3106196909767662,0.8873860003715601,1.8144329896907212
2022-06-22,1.5192367028645901,1.1391194241521052,1.1823733063461217,1.2958523183202477,0.8731218902246513,1.8111156476472385
2022-06-23,1.5239464138573346,1.1418420391276765,1.1863874284766942,1.2847651610269206,0.8519531717796871,1.8288761865877305
2022-06-24,1.5500596072945652,1.1503344284585577,1.1976919464587994,1.2949354045404564,0.8506822671874061,1.887057262427273
2022-06-27,1.5475250160756393,1.147849180392404,1.1950151106412756,1.3028263890814302,0.8591795302188342,1.8798101459630492
2022-06-28,1.5369173335225959,1.1445809300342151,1.1899378727107535,1.314902056719524,0.8759985604932097,1.8414310503215263
2022-06-29,1.5337275607789551,1.1451036789693203,1.1903222917744714,1.2983097109911108,0.8631230983925517,1.8398999693783804
2022-06-30,1.5268909073795833,1.1438026353449617,1.189171405458033,1.2800347537330257,0.8505168936798898,1.8249974481984272
2022-07-01,1.5412721428698986,1.1518807685355577,1.1982209458740962,1.2870894515714213,0.8504001656044048,1.8442890680820652
2022-07-05,1.5251035997707756,1.143366996794936,1.1903518439290242,1.2524419040437242,0.8387419950641964,1.8477595182198623
2022-07-06,1.5205503170764616,1.138158871905536,1.186441702243304,1.2406977284095755,0.8389564103389061,1.853985914055322
2022-07-07,1.5367211665319098,1.1435308507428112,1.1926647792085079,1.2644368184991455,0.8472311758084287,1.8817495151577004
2022-07-08,1.534773601008501,1.1418010047652083,1.1908119703612912,1.2692583154179204,0.851677275251214,1.880218434214555
2022-07-11,1.5270676358430222,1.140368250565414,1.188300019969059,1.2660906187683019,0.8603813943574312,1.8587322649790745
2022-07-12,1.5179049964448168,1.1370735215550265,1.1851984802657731,1.2429253441186094,0.8481673369800763,1.8422986628559759
2022-07-13,1.5169863740249485,1.137639401126849,1.1848773334124911,1.244299767702077,0.8485596607875718,1.8326018168827185
2022-07-14,1.506276289630765,1.1318002956708615,1.1789761615908212,1.237221099991437,0.8493642884154508,1.8281616821475954
2022-07-15,1.5240020574685968,1.1392755067081028,1.1880348997335186,1.246647542759253,0.8497175060334203,1.8630703276513212
2022-07-18,1.5205819682234538,1.136779795620626,1.1846034836414199,1.256345851201503,0.8574423034047955,1.8477084821884244
2022-07-19,1.544843619782374,1.1445309851962748,1.1950255524843931,1.268158048239204,0.8522349816515237,1.8976217209349795
2022-07-20,1.5453550640510927,1.1436545486506484,1.1943116051765392,1.2583116080686791,0.8404003830024016,1.909717260385832
2022-07-21,1.557766536914163,1.1516856727168683,1.2031659390870433,1.2592137503120493,0.8281795527838229,1.9291619883637843
2022-07-22,1.5571561063089314,1.1544067937840454,1.205406545405127,1.2623259572552723,0.8280471965128023,1.9112993773604159
2022-07-25,1.5624644574883082,1.1553872948299753,1.2066044736188448,1.274813922883231,0.8389217329546641,1.9135959987751348
2022-07-26,1.554151610104592,1.1525981005092278,1.2030489914516682,1.276074506972193,0.8512785827229633,1.890936000816576
2022-07-27,1.5751765322259363,1.1613744949031366,1.2130784505558998,1.292037698768644,0.857370820462973,1.94003266306012
2022-07-28,1.5945333446384966,1.1712972970646474,1.2243918973663823,1.2996316635754823,0.8531288970389527,1.9642237419618245
2022-07-29,1.6087875857203813,1.1758783126694141,1.229856847583538,1.300844842994457,0.8489746424760163,1.9930080636929666
2022-08-01,1.6067150947500974,1.1767399568458832,1.2301535364371146,1.2969004572620677,0.8388860714802455,1.9871389200775742
2022-08-02,1.5930744376054706,1.167827916721226,1.2210166206685351,1.2909636353979637,0.8432581329617233,1.974022659997958
2022-08-03,1.603103497076004,1.1728565135430957,1.2270297382148994,1.2895494269389052,0.8269943706705076,2.0049504950495045
2022-08-04,1.6022418410852965,1.174056056428615,1.2283516837418524,1.2730763321995864,0.8117561617834858,2.003572522200673
2022-08-05,1.5961352832363989,1.1672702536449373,1.2221130924724848,1.2763541591428322,0.823255160602021,2.0002041441257523
2022-08-08,1.602014998941609,1.1715705959995752,1.225873021856791,1.2823164628933845,0.8247321351327914,1.9978564866795951
2022-08-09,1.6005476474319216,1.1705565951414356,1.2243063925835274,1.2889363256899362,0.8328204893548695,1.9899459018066752
2022-08-10,1.6207410194200054,1.1784727868848686,1.2343735828519629,1.2983334121359307,0.8304724575402627,2.0317444115545573
2022-08-11,1.6214931922715012,1.1769661534979776,1.2327853880045743,1.3078285268039054,0.8318176473201957,2.0317444115545573
2022-08-12,1.63954880780695,1.185086479316884,1.242327597611829,1.319146556590087,0.8320373637760462,2.0661426967439005
2022-08-15,1.638440756367733,1.1843232189108535,1.242269842101041,1.3192928339721695,0.8352722164125042,2.074614677962641
2022-08-16,1.6395183481453524,1.1840063242006482,1.242211272433183,1.3169178741410033,0.8304052164606028,2.0786975604776967
2022-08-17,1.630483850442365,1.1789449331420134,1.236375972219243,1.316349929920787,0.8349158996948634,2.0639481473920585
2022-08-18,1.6346078297859077,1.181376340026354,1.2383918984476427,1.3189469067354123,0.8406757376253075,2.069970399101765
2022-08-19,1.618792397368646,1.1736143684923308,1.2296976378777846,1.315276828486679,0.8513076752713495,2.0421557619679485
2022-08-22,1.5996805901085467,1.1654903292584673,1.219522743387424,1.3100010896357404,0.8512687462649567,1.9995917117484938
2022-08-23,1.6023817995004308,1.1668804059286715,1.2202291494130997,1.3084128730583784,0.8480907722262774,1.9947943247933033
2022-08-24,1.605897211095377,1.167545914791407,1.221014700176184,1.311537545316024,0.8525327799694791,2.001173828723078
2022-08-25,1.6218518101677017,1.1747244498583476,1.2297118272329917,1.3184069488793055,0.8470671152636502,2.0293967541084
2022-08-26,1.592262648536895,1.163401453949851,1.2151544100262965,1.3012868112212503,0.8394554921388153,1.960702255792589
2022-08-29,1.5876008082957211,1.1610291343027646,1.2118799012350483,1.30165551854827,0.8418483585691218,1.9477391038072873
2022-08-30,1.5711385306247836,1.1537931494755003,1.2043046461173856,1.2868735867196548,0.8365461723787084,1.9263550066346835
2022-08-31,1.559368976811373,1.147684544194321,1.1980938594436845,1.276086139742988,0.8357193462946126,1.9117076656119214
2022-09-01,1.5534276302652104,1.1432841081339324,1.1949242689129653,1.2676805012096504,0.8372551030245157,1.9177299173216282
2022-09-02,1.548409813531211,1.1431717566024011,1.1933703827327482,1.270476744472719,0.8407887980128692,1.8974686128406648
2022-09-06,1.5406063770446807,1.137033108202127,1.1877889242687603,1.262680779549856,0.8452138175934031,1.8903235684393174
2022-09-07,1.5600723014098072,1.1462606079468578,1.1993433383917727,1.258426582015729,0.8314257247700078,1.9242625293457174
2022-09-08,1.563666679671113,1.1462201097169415,1.2000752697869628,1.2597406618186693,0.8315048681808113,1.9368684291109515
2022-09-09,1.5814221090585288,1.153383095600524,1.2078005139682195,1.2792839633721158,0.8355359341473987,1.966979687659487
2022-09-12,1.5929848057987885,1.1574792683396293,1.212623603404235,1.2908310512140482,0.8370353132030789,1.9881086046748997
2022-09-13,1.5517081874469203,1.1401890445064247,1.1914489467780618,1.2628092257524597,0.8388262952261203,1.9016535674185968
2022-09-14,1.5551624843077263,1.1414784596832976,1.1924424366573863,1.2720438484251915,0.8435062960231444,1.9089006838828202
2022-09-15,1.5384815934661702,1.1330696625327712,1.1838663896334405,1.2556364057936504,0.8358878675741359,1.887210370521587
2022-09-16,1.530052167676269,1.1301454124614798,1.1806449288090284,1.251353375824067,0.8378474805611299,1.872818209656016
2022-09-19,1.5374586721967773,1.1323999656606725,1.1835982372371119,1.2589205336541536,0.8424821357685678,1.887363478615902
2022-09-20,1.5213925278547076,1.1249588539896167,1.1748984593061371,1.2485866713530431,0.8455499851474295,1.865673165254669
2022-09-21,1.5077476648427135,1.1209551272567095,1.1692043271353116,1.2329134981189147,0.8399226443560606,1.8331632132285385
2022-09-22,1.494979074822989,1.1134914856680482,1.1614133532929811,1.2309907374989701,0.8468938802359145,1.8177503317342036
2022-09-23,1.4692542283848824,1.1021314296072418,1.149212705829211,1.1990412043195715,0.8421810075237305,1.7872818209656007
2022-09-26,1.4486789807958582,1.0901949572948892,1.1369592071161356,1.1792577532452422,0.8456089491985989,1.7696233540879853
2022-09-27,1.44211923845605,1.0857446328248714,1.1322413584448607,1.1796360439355114,0.8546709317486747,1.765081147289986
2022-09-28,1.4721073062172596,1.1031002306854067,1.1499787411765916,1.2030730000609142,0.8498616117596313,1.799836684699397
2022-09-29,1.4513275821074167,1.0935490884187795,1.1388974661477806,1.1860167145694909,0.8487913902730062,1.7622231295294468
2022-09-30,1.4395011902544548,1.0875713342139623,1.132713075066385,1.1727441943186738,0.8461085874012019,1.7349698887414504
2022-10-03,1.470432884307488,1.10368593920024,1.149834852077944,1.193409713010935,0.8466267979565911,1.78080024497295
2022-10-04,1.5044845650346745,1.1183846377118618,1.166588147603019,1.2123862355199744,0.8394493555743939,1.8359701949576392
2022-10-05,1.498151473038312,1.1144272213530881,1.1618346698223911,1.2090185110919085,0.8435152630263569,1.8316831683168306
2022-10-06,1.4857126074646718,1.1083571821998353,1.1545522228200342,1.1958450198009254,0.8435177732230261,1.8127998366846985
2022-10-07,1.4616747038163982,1.0976703171678457,1.14200099896708,1.1849048771937527,0.8479403831949248,1.762223129529447
2022-10-10,1.4507882766831057,1.091479814257995,1.1358485900323698,1.181146303469386,0.8561781299235584,1.7488006532612017
2022-10-11,1.4456476797977524,1.0899161227976293,1.1341898166655264,1.1812337857256328,0.8633200762296686,1.7377258344391133
2022-10-12,1.4425683114807712,1.0895230475635573,1.1332168783848435,1.17312246038414,0.8549832356854713,1.7319587628865973
2022-10-13,1.4635438917953316,1.0959615254969342,1.1412447214645904,1.1974407274901997,0.8709172747797974,1.7776870470552202
2022-10-14,1.438221276335379,1.0850477130417058,1.1291154872443347,1.180749130290528,0.8690355293843183,1.737164438093293
2022-10-17,1.4615621381313615,1.0941896489994283,1.1405736540826088,1.1899507789849972,0.8591142718656313,1.7818209656017139
2022-10-18,1.4734905496332544,1.0990369380950509,1.1467379056477782,1.193915293944609,0.8564609740526189,1.802745738491374
2022-10-19,1.4599736893959612,1.0909587150531734,1.1377021472927102,1.191729028456504,0.8683160883980778,1.7899867306318253
2022-10-20,1.4484850780328116,1.0848663781388235,1.130994594789154,1.1868029535685518,0.8662585796332707,1.7749821373889958
2022-10-21,1.470740199465382,1.0942170243067384,1.1424276995138822,1.1979731851021664,0.8646349591927679,1.8181075839542706
2022-10-24,1.473984524340039,1.0948859819566061,1.1436329721354437,1.2053099633461337,0.8790081120621615,1.8403592936613238
2022-10-25,1.4955882878224236,1.1055854124179456,1.1553323703386493,1.216237608035019,0.8697399938841026,1.869705011738286
2022-10-26,1.502806313138166,1.1105409526332806,1.159937166044405,1.223808636790022,0.8814320036829488,1.855619067061344
2022-10-27,1.504824133190388,1.1130651923519657,1.1623434234771859,1.2289275195829987,0.8866411996567299,1.845718076962334
2022-10-28,1.518405909654128,1.1166445373530296,1.167861482509123,1.224078146350414,0.8828498328468594,1.8896601000306201
2022-10-31,1.509805431164164,1.1116084870919742,1.1622742429952084,1.22136169595872,0.887401176941029,1.8759824436051837
2022-11-01,1.515374876048095,1.114793788048883,1.1653070055627972,1.2317714766445484,0.8854867745276143,1.8677656425436344
2022-11-02,1.494153499685478,1.1066469339329947,1.1553750810128447,1.2253801581809303,0.885390664066081,1.8209145656833712
2022-11-03,1.4907562105784113,1.104006653635043,1.1524958206333218,1.2279762972001056,0.8905029985669768,1.8021843421455535
2022-11-04,1.5130282701454887,1.1139146443532697,1.1637578420996817,1.2462304085467608,0.8786442778539366,1.8281106461161567
2022-11-07,1.515328351398024,1.113423327766348,1.1639199089206755,1.2520914593744175,0.8835837398835003,1.8455649688680198
2022-11-08,1.5239973193171534,1.1182314659936115,1.1692693254620476,1.2559979828233172,0.8772920847529301,1.855568031029906
2022-11-09,1.5033112055285645,1.1109551787771101,1.1610081589163652,1.233591408708425,0.87017377013828,1.8172910074512596
2022-11-10,1.56322253917782,1.13914647992853,1.1932255506937068,1.2592163411107837,0.8462786813280104,1.9171685209758078
2022-11-11,1.5745509098222974,1.1433378211821805,1.1976072951776808,1.2733850596155338,0.8386174611322729,1.9357456364193113
2022-11-14,1.5632232673695985,1.1381874321972354,1.1918849853627909,1.2654237984350776,0.8391755335617919,1.919260998264774
2022-11-15,1.5767777742078202,1.145496200761707,1.1994934918190614,1.2749136260040486,0.8327628464932575,1.9356435643564347
2022-11-16,1.5715697887342208,1.1449529132460166,1.1985489495385868,1.265110116560338,0.832472910959509,1.9208941512707962
2022-11-17,1.5632161627902283,1.139920016056504,1.1935386579326739,1.260075710093487,0.8331061899859389,1.9149739716239655
2022-11-18,1.567039827984297,1.140437894397365,1.1949492857811375,1.2670417574768142,0.8401403567573348,1.9237011329998968
2022-11-21,1.563899471818328,1.1392381357300043,1.1937407111843055,1.2613345335950072,0.8422076374789714,1.9167091966928638
2022-11-22,1.5801890176153974,1.1468387455267384,1.2018276075447056,1.276046799934453,0.8463264050731352,1.9424823925691526
2022-11-23,1.5880382611996307,1.151060637331476,1.2067430523658038,1.2703532320760738,0.8362687560106645,1.9547310401143194
2022-11-25,1.5883979674774558,1.150983308819838,1.207077717556044,1.2665388897230991,0.8353464823599602,1.9542717158313758
2022-11-28,1.5711487815772243,1.1443518038018037,1.1992101799841743,1.2534175704709347,0.8329146385968271,1.9230887006226385
2022-11-29,1.5749120403044423,1.1454019316761597,1.2003934206005094,1.2612490741910354,0.8389310946109007,1.9198223946105941
2022-11-30,1.6053984544209254,1.1599061914479258,1.216497676330538,1.2770566553767995,0.8336026052640289,1.9803000918648552
2022-12-01,1.611261304350731,1.1653217404078526,1.2217149297399414,1.2736858265345488,0.8251357596940215,1.9788200469531476
2022-12-02,1.6118524919687003,1.1658580754022594,1.2224123743688802,1.270677947431532,0.8226784578030444,1.9765234255384285
2022-12-05,1.5868565093173899,1.153127821569385,1.2090736012956986,1.2518964918915294,0.8211065486231142,1.9410023476574447
2022-12-06,1.5777586504008083,1.150773913085366,1.206278658428559,1.237314436861285,0.8155925769495533,1.9129835663978756
2022-12-07,1.580853649416639,1.1546814955776665,1.2100328694337559,1.2375431746012318,0.8129389248917507,1.9097682964172693
2022-12-08,1.5865171138408425,1.155988830991891,1.2119394888364572,1.2376703255235724,0.8093918053511487,1.9247218536286608
2022-12-09,1.5759997855642989,1.1502972784247463,1.2063293428209403,1.2277759878268986,0.8097562929700339,1.9103296927630897
2022-12-12,1.588283316247819,1.1549306245460058,1.2114141618238417,1.2429809985128168,0.8169628679902318,1.9378891497397148
2022-12-13,1.602486702186532,1.1632619348079871,1.2200443110629777,1.2545369777244375,0.8152433273821663,1.952536490762477
2022-12-14,1.5984909257032398,1.1623327649031558,1.2184909055869404,1.2527059871878106,0.8146377639121802,1.940083699091557
2022-12-15,1.5758533042651175,1.1532131883751333,1.2078599859273769,1.2371061238599323,0.8144118932370712,1.8926201898540354
2022-12-16,1.562992964728556,1.1480038291424755,1.202193620062491,1.2312345589540368,0.8198323936036825,1.8702664080841058
2022-12-19,1.5532032967367047,1.1426707351387688,1.196481585787739,1.2286171492778122,0.8240015638942331,1.8543942023068274
2022-12-20,1.5531423639678466,1.1419316652648301,1.1957862079743211,1.2325619216353676,0.8325328428836685,1.8569460038787373
2022-12-21,1.5687230624841402,1.1490106918328753,1.2037129390087116,1.2458921280221928,0.8391715984168883,1.8847096049811154
2022-12-22,1.5548093250784258,1.143086061598878,1.1972596378348392,1.240215886798197,0.8406810438596559,1.8578136164131862
2022-12-23,1.5618515587742137,1.1453479664537138,1.199761327409049,1.2559818670302443,0.8522937547267009,1.8685311830152074
2022-12-27,1.5600423650297353,1.143321452831299,1.1975811750639318,1.2602215052789758,0.856514550988115,1.861130958456669
2022-12-28,1.5444043923588913,1.1363203052476127,1.1898200649701975,1.2496588448931234,0.8544057685905115,1.8380116362151664
2022-12-29,1.5621098794291395,1.144255699047185,1.1989191614464783,1.2559674017082052,0.8485788402549326,1.871082984587117
2022-12-30,1.5564372115205576,1.1411221234827966,1.1953308813462342,1.256561651395301,0.852668103573072,1.8661835255690504
2023-01-03,1.5553306219128868,1.1420076959329306,1.1965348548966277,1.247749288783975,0.8480766772828391,1.8583239767275683
2023-01-04,1.5695444404653758,1.1488299193883902,1.2046178551501376,1.2445709871699504,0.8310135643157428,1.8726651015617013
2023-01-05,1.5575252381834996,1.1433147481962223,1.1979968412424309,1.2399087092290968,0.8344065721970582,1.8512810043890975
2023-01-06,1.5882050597198618,1.1589448862518494,1.2153903024162775,1.261349803761398,0.8293872107426978,1.893742982545676
2023-01-09,1.591211529110477,1.1607971138860724,1.2170396031135675,1.2607153141120235,0.8243690254596133,1.892671225885474
2023-01-10,1.5947104445711016,1.160864023294717,1.2176897687673554,1.2650910675511584,0.826013209811673,1.905940594059405
2023-01-11,1.6115146746971636,1.1688095548780464,1.2261743089782782,1.2741534583790497,0.8209280622476194,1.9300296008982332
2023-01-12,1.6218495282610574,1.175211305748056,1.2325156214313233,1.275880310590744,0.8172957761811185,1.937072573236704
2023-01-13,1.6251704809899907,1.175825584719976,1.2332895008835905,1.279582726073244,0.8183970214021231,1.9445748698581184
2023-01-17,1.6218787193532558,1.1741732314912061,1.2313129264077838,1.2783919502736776,0.8141838363334862,1.941002347657445
2023-01-18,1.6093018735537852,1.1710875787669468,1.2271263233340286,1.2544809345003052,0.8016244782166483,1.9103807287945276
2023-01-19,1.6040216298412586,1.1694518315993052,1.2245618308488262,1.2543483379630103,0.8046419729467984,1.8964478922119001
2023-01-20,1.6159835960519933,1.1725554553686626,1.2288873700591163,1.2621210671780216,0.8039627142067617,1.9318158619985697
2023-01-23,1.6228313774282035,1.174221264039652,1.2311780937677623,1.2661128182776689,0.7984730140488118,1.9549862202715105
2023-01-24,1.6254639327247857,1.1762196643518976,1.233184230754686,1.2667141501851427,0.7996338806161373,1.9528937429825444
2023-01-25,1.6264161409473412,1.1769705013411298,1.2340073045450817,1.2630463189101682,0.7953055260994287,1.9536082474226792
2023-01-26,1.6345792136352426,1.1790315481557592,1.2364867570052656,1.2722364662105135,0.7936239007119666,1.9750944166581594
2023-01-27,1.6328088802309448,1.177277358567724,1.2351504880309188,1.2645408460869967,0.7789364307420787,1.9796366234561587
2023-01-30,1.6186597123794484,1.1708687085639624,1.2282745717897523,1.2503964767530744,0.7775234320331057,1.9547820761457575
2023-01-31,1.6361164619008728,1.1793567516537156,1.2375878420509843,1.2641370352055479,0.775109529232941,1.9835153618454613
2023-02-01,1.6459331952714762,1.1847315008947843,1.244069852968178,1.2578136408307208,0.7638090312541296,2.004593242829436
2023-02-02,1.6480571683928025,1.1840724054566898,1.2442671300734562,1.239346484095233,0.7377075769468306,2.0337858528120836
2023-02-03,1.627124576972143,1.1721207324085618,1.231891478482034,1.2209659662402261,0.735249761425752,2.012146575482289
2023-02-06,1.619592855537648,1.167416590386248,1.2267128269736913,1.2234810022500562,0.7401346559732673,1.9998468919056842
2023-02-07,1.6289568319047452,1.1710505257865573,1.2305097405223573,1.2393301166069979,0.7462435587120779,2.0260283760334783
2023-02-08,1.622210930542099,1.1689621569060535,1.2277296529748971,1.2322114931066195,0.7445344631017243,2.0038787383893015
2023-02-09,1.6113651388793937,1.163175260697638,1.2215609276018948,1.2224985557702779,0.7391296990017865,1.9864754516688772
2023-02-10,1.6155635196056237,1.1645329836217024,1.2226224308473908,1.2297625198649194,0.748869125449773,1.9911197305297528
2023-02-13,1.625606517032501,1.1688972841559633,1.2277323350299545,1.2323152157362138,0.7450833115236297,2.0144942329284468
2023-02-14,1.6236388145548917,1.1667331578708715,1.225435678768418,1.2302812746196516,0.7418873384221675,2.013575584362559
2023-02-15,1.6208812237531731,1.1643849042179804,1.2236349317181294,1.2296305749328362,0.7429927359452316,2.020108196386648
2023-02-16,1.6074665221070317,1.158349291709661,1.2169416430013398,1.2238523754250903,0.7434674835726452,1.9922935592528315
2023-02-17,1.6061760419175957,1.159084255361289,1.2180325886296628,1.221494555290558,0.744128389560326,1.9873430642033263
2023-02-21,1.583660456562303,1.148072159058154,1.2055642205079773,1.216732744878388,0.752966512348055,1.9474839236500958
2023-02-22,1.5815594038634873,1.147294817873931,1.2049429241987581,1.211775089942826,0.7505219066618926,1.9447790139838717
2023-02-23,1.589103564484769,1.1513572180497438,1.2091564668418617,1.2192635828481664,0.7526337054254565,1.9551393283658252
2023-02-24,1.5761831277462737,1.1442724302622211,1.2015055279246518,1.2159320200645152,0.7625890077845946,1.9342145554761652
2023-02-27,1.581076648241797,1.1467355549337823,1.2043080329568943,1.2161974191494913,0.7612588849188593,1.9408492395631307
2023-02-28,1.5768803060056065,1.1449731815072952,1.2022416185460054,1.207813958401734,0.7539782632993871,1.933653159130345
2023-03-01,1.5761043001429518,1.1438071053223153,1.2006125871423008,1.2086358443721292,0.7597716959087354,1.9262529345718067
2023-03-02,1.5825200156424077,1.146222880233882,1.2037203638934872,1.2185286308552243,0.7666335966957487,1.9412064917831982
2023-03-03,1.6029934085184665,1.1564188724803948,1.214506512938506,1.2314178105045857,0.7630482927443082,1.9723384709604974
2023-03-06,1.5992366846594894,1.1543742151083078,1.2124076994916992,1.2330255477655232,0.7660481004341112,1.9737164438093289
2023-03-07,1.578593303553807,1.1444200466430998,1.201435173726658,1.2186600994335612,0.7666813023183549,1.943452077166479
2023-03-08,1.5796620338750955,1.1442485491850818,1.2015382417269398,1.2197864511929004,0.765296944345972,1.9466163111156474
2023-03-09,1.5621649569298122,1.1387994927794993,1.1948433804226972,1.201541595527686,0.7569760901599468,1.910737981014596
2023-03-10,1.556381160000013,1.1416888293321044,1.1959398446850815,1.187154325515415,0.7435430585578262,1.8831274880065323
2023-03-13,1.5568588688651575,1.146550284874879,1.2002856600473975,1.1792306411329454,0.7332543877527888,1.880473614371746
2023-03-14,1.565416807638462,1.1474130576023611,1.2029922959454884,1.1887486509018457,0.7428900164021855,1.9115545575176072
2023-03-15,1.5540323014747341,1.1459902129565662,1.2002713619852658,1.1589049953884671,0.715265907161593,1.8996121261610694
2023-03-16,1.5650643637805373,1.1484910295146302,1.204514206906746,1.1688061407540076,0.7219321743358202,1.9329386546902112
2023-03-17,1.5562368690042199,1.1482218449142523,1.2022371094852666,1.1574254815617153,0.7148691671077456,1.9103296927630906
2023-03-20,1.5661815381350137,1.1516234981307027,1.2069394824551058,1.170649528574319,0.7245218903732287,1.928702664080841
2023-03-21,1.5746937918494386,1.1527753233001743,1.2096706792053402,1.1873887770963558,0.732585349321063,1.9540165356741854
2023-03-22,1.563334581035401,1.1516535927070422,1.2062895216208858,1.172427838986133,0.723380607217157,1.920690007145044
2023-03-23,1.563295623570774,1.1530882801629867,1.2073936047071745,1.1672999433330822,0.7138821457928559,1.9258956823517401
2023-03-24,1.5713000584082721,1.1568654778005614,1.2120639236022834,1.1807610112235372,0.7199094278321935,1.9385526181484123
2023-03-27,1.5724255625973822,1.1545134016523764,1.2103449137298257,1.179248559813445,0.7223648500316283,1.9421761763805243
2023-03-28,1.5757867384575428,1.155875110623901,1.211787726271967,1.1833795360457382,0.724267825647733,1.9377870776768396
2023-03-29,1.5889259479813806,1.160647637816755,1.2186701530810666,1.1944017093515702,0.7293629794571466,1.9659589670307234
2023-03-30,1.5980422446043474,1.1649896984994774,1.2239628742066362,1.2013584359913387,0.7284445148183073,1.9774931101357558
2023-03-31,1.6135981410875027,1.1725540142528295,1.2331674674945532,1.2052835224442997,0.7235872931706195,2.0053587833010105
2023-04-03,1.6216925421980897,1.1776949175840112,1.2381690214890537,1.2098218876449707,0.7310536115947379,2.0130141880167396
2023-04-04,1.61831531042696,1.1782547087518997,1.2377595787021296,1.2090446647822668,0.7295326581800675,2.001837297131775
2023-04-05,1.619265896452056,1.1803111310131833,1.2391408390978875,1.2063851814388256,0.7307852104943209,1.9965805858936407
2023-04-06,1.6203856623911541,1.1805027101542709,1.2399095449445723,1.2071610668353403,0.7294024111859166,2.004389098703685
2023-04-10,1.6193703086496,1.1774642107370268,1.237526615410906,1.2060591094566957,0.7325950187555644,2.006430539961213
2023-04-11,1.6244643539194452,1.1799633888914525,1.2404037576781362,1.2105155319286618,0.7315337419443245,2.006940900275595
2023-04-12,1.623116653367608,1.1802772571750708,1.240237213980319,1.2133251500458095,0.7335812574679766,1.9987751352454837
2023-04-13,1.633668504975093,1.1848707944448997,1.2462889311615035,1.2223900851984373,0.7400025880741128,2.025313871593345
2023-04-14,1.6259734877755398,1.1797891582916422,1.240752767058073,1.2145789089188241,0.7380924821711274,2.0203633765438407
2023-04-17,1.627799417430323,1.178805507605174,1.2406793892863042,1.2097230823651168,0.7331385026014311,2.0276104930080643
2023-04-18,1.6302285539720613,1.1800944763213563,1.242114067799631,1.2131705607644068,0.7347818544876801,2.028937429825457
2023-04-19,1.6270226526389564,1.1776584362833338,1.239632245942799,1.2094618915803128,0.734679517623947,2.0286312136368276
2023-04-20,1.6240070558651853,1.1780668865627417,1.2394240045908702,1.2103501238680334,0.738481224319775,2.017556394814739
2023-04-21,1.6225475768226698,1.1769325534799022,1.2386838611716875,1.2052056192751923,0.7350521429310093,2.019087475757885
2023-04-24,1.6278932315524413,1.1805830235387034,1.2423715407938825,1.2123540430105149,0.738752199622556,2.021230989078289
2023-04-25,1.61498781856839,1.1777621955294075,1.2374395609118267,1.2024876262280957,0.7342568831130155,1.9891293253036642
2023-04-26,1.6032389124527264,1.171098507606847,1.230014041080065,1.200664162455767,0.7392725556507528,1.980708380116362
2023-04-27,1.6167451125534256,1.1750812417478798,1.236248302413589,1.2100581729596607,0.7399372283393926,2.020159232418087
2023-04-28,1.628438572926696,1.1814611112723141,1.2433935855531468,1.2179995128204686,0.7402708712607584,2.0373583750127593
2023-05-01,1.6199609224054075,1.1752625433172972,1.2372754512937918,1.2147954242430616,0.7478106643109395,2.0353169337552317
2023-05-02,1.6112724174486104,1.1745446790874456,1.2351965087407082,1.206376731440528,0.7507041351504602,2.01245279167092
2023-05-03,1.605711952474505,1.1736894933563438,1.2334816131942454,1.2045667915103364,0.7520814937405079,1.9986220271511692
2023-05-04,1.6019008723098214,1.1725945472989738,1.2317621787974276,1.202573777608595,0.7489310681601089,1.9844850464427888
2023-05-05,1.6183907120247343,1.1779435249975274,1.2393361645580905,1.214427186315022,0.7478289885963262,2.0212309890782896
2023-05-08,1.614845085598856,1.1750834857647932,1.236332087723519,1.2141276140530084,0.7472062466646004,2.0217413493926712
2023-05-09,1.6113121313419514,1.1735875477024702,1.234191282211535,1.2135879837127208,0.7467778679705496,2.012912115953864
2023-05-10,1.6150957044322982,1.1766755265247304,1.2375654729049277,1.2156640532279106,0.7449923638490477,2.0223027457384917
2023-05-11,1.6095347111351272,1.1746668669265508,1.235028296120326,1.209354933866357,0.7435370982303705,2.018781259569256
2023-05-12,1.6051738392650357,1.1713982160952505,1.231694274268103,1.20794800365745,0.7470610627072145,2.01612738593447
2023-05-15,1.6084908603111907,1.1724543156281322,1.2331370038557616,1.217658230066949,0.7505359286000489,2.0230682862100644
2023-05-16,1.59238485475191,1.1643094069612863,1.223532612165641,1.200693430858879,0.7475577103231256,2.0095437378789427
2023-05-17,1.6025271321423893,1.1676120072007277,1.228068503428449,1.2085658366111254,0.7465879045994132,2.0339389609064
2023-05-18,1.602585225741366,1.165410649217522,1.2265019884966508,1.203142595910154,0.7465082253208387,2.053536796978667
2023-05-19,1.6025932518378192,1.1651353523074617,1.226407736260396,1.2078898936508657,0.7527098971151733,2.0505767071552516
2023-05-22,1.6016744500095874,1.1642981465393656,1.2256670358168908,1.202279718474098,0.7463901328958713,2.0513932836582627
2023-05-23,1.5926241768691207,1.1607092319342582,1.2203310124387172,1.1943411331851863,0.7436650399994572,2.0283760334796366
2023-05-24,1.5812979804875955,1.1549773172498303,1.2131304725811491,1.1831672947312297,0.7413467670629494,2.013677656425436
2023-05-25,1.5763085347810506,1.150595025181077,1.209025142152634,1.1784911576840953,0.7485291134652515,2.031131979177299
2023-05-26,1.5886810693078295,1.1561524223196125,1.2158644216370489,1.1896616433335014,0.7495013922464763,2.0574155353679697
2023-05-30,1.5861699674120853,1.1560549906120574,1.2152791339052997,1.1843609484904523,0.7492742101916001,2.0581810758395425
2023-05-31,1.58100144305892,1.1548024135296797,1.2133623293686617,1.1784142481465592,0.7457162269813294,2.046800040828825
2023-06-01,1.5929785490095087,1.1610527495897174,1.2205890634702363,1.1900863369971737,0.7479305102302538,2.0662447688067775
2023-06-02,1.61094502923908,1.1665454748271253,1.228962006616144,1.1959466100914775,0.7424103344230651,2.0961008471981217
2023-06-05,1.608218481080036,1.1655893207414414,1.2276203213410504,1.1945357710679536,0.7417443101593865,2.0921200367459427
2023-06-06,1.6139570318192544,1.167700456582054,1.2302811387668717,1.1954280847558592,0.7363047463546739,2.096662243543942
2023-06-07,1.614502281944623,1.1660710725516206,1.2287914287323571,1.1838648974615904,0.7200849976084827,2.089415127079718
2023-06-08,1.6226663316523946,1.1714162504130823,1.2347571846364012,1.195486289219349,0.7296937824751959,2.1020210268449526
2023-06-09,1.6199702317963198,1.1692085772938121,1.2326709593899443,1.1946762483903322,0.7339853320869258,2.105797693171379
2023-06-12,1.623553634571517,1.1706844179037292,1.2347908716561549,1.2019614284799753,0.7389682657045065,2.1249362049607026
2023-06-13,1.6304651479944792,1.1719496287431304,1.2374799440144804,1.2056974180135485,0.738698538143845,2.138920077574768
2023-06-14,1.6316161205677302,1.1725837611376544,1.2382651579798192,1.2116197576058696,0.7417436330199294,2.141471879146678
2023-06-15,1.6479430162696194,1.1815530207137963,1.2485770448216105,1.2245112921273504,0.7413445049974215,2.1680106154945396
2023-06-16,1.6466643128933505,1.1803347849345958,1.2473106210569846,1.2215194958087576,0.7371875518241598,2.1606614269674393
2023-06-20,1.635924590687157,1.1759697492160284,1.2418093361924942,1.211789095583118,0.738136671173198,2.1494335000510363
2023-06-21,1.636297765404552,1.1765805211461906,1.2421147639639951,1.2093383114613243,0.7346090788009626,2.138409717260386
2023-06-22,1.6289841030066383,1.1720384717819134,1.237598229950656,1.2056977262435133,0.7432838608056337,2.146116158007554
2023-06-23,1.6195165870231405,1.1689446293079298,1.2330296511810133,1.1961459229696125,0.7396057888252598,2.129886700010208
2023-06-26,1.6243725250634318,1.171337125506615,1.2356791947799886,1.2008966663449925,0.7419523006451705,2.121210574665715
2023-06-27,1.6315240746854853,1.1728428169283038,1.2386696775175754,1.209966620100794,0.7510261794679719,2.144483005001532
2023-06-28,1.6307936650090646,1.173142536143124,1.2386977979040688,1.2103921349799907,0.753317210041399,2.1455547616617343
2023-06-29,1.6326416387275924,1.171596410589603,1.2379516527750003,1.2124866824044096,0.7561016654385824,2.154026742880475
2023-06-30,1.6463286325340203,1.1782940075068804,1.2460606963643246,1.2265803925709704,0.7591908769635053,2.1794426865366963
2023-07-03,1.6492894528244488,1.1785544993222306,1.2468759580332698,1.2294579061319764,0.7559389192130169,2.1819434520771677
2023-07-05,1.6430971880192562,1.1753706520936889,1.2429338678536328,1.2216369471452742,0.7491964358136066,2.178677146065123
2023-07-06,1.6276978838417437,1.1676936686723987,1.233751884222926,1.2121290679767387,0.7479004851389385,2.1616311115647657
2023-07-07,1.629836741329831,1.168569291257677,1.2344322304530664,1.2213474916348834,0.7525713411645236,2.156170256200879
2023-07-10,1.6353664630545566,1.1719140755613981,1.2383168829984845,1.228227797405466,0.756595293706245,2.1616311115647657
2023-07-11,1.6479783116422138,1.1774902808618524,1.2451032876242807,1.2347740893696195,0.7540578724859998,2.1754108400530785
2023-07-12,1.6626817020228764,1.1858259627863743,1.2545639548861531,1.2514476713857077,0.7573250724936027,2.1929161988363797
2023-07-13,1.6735196510239538,1.1922245222382275,1.261856576395474,1.2594189676707155,0.7566894891252266,2.2103194855568042
2023-07-14,1.6666355832043824,1.1880127323048129,1.2574779800660243,1.2574601344838556,0.7592789783304902,2.208941512707973
2023-07-17,1.6668812679436518,1.1880958620341324,1.2576560585916023,1.261961996924677,0.7644457057784765,2.216596917423702
2023-07-18,1.6737454910284824,1.1915947095418133,1.2615488207199796,1.2740627191674736,0.7706385484522952,2.2330815555782393
2023-07-19,1.6795482704564955,1.1949897904736393,1.265266951237519,1.2748983520959207,0.7652408346169595,2.2380320506277442
2023-07-20,1.67646330862418,1.1931677629400024,1.2632551394521123,1.2718819998759794,0.7619272956670182,2.2231805654792294
2023-07-21,1.6802195887194622,1.1951580107466886,1.2655422346189875,1.2717742576722735,0.7591406043715362,2.2231805654792294
2023-07-24,1.6855897825101833,1.1966600730092374,1.2675073762720215,1.2733831756009355,0.7542921723161292,2.2331325916096776
2023-07-25,1.6883438062817941,1.1976035807552226,1.2686609816150478,1.2776534719420976,0.7572080447682648,2.239205879350823
2023-07-26,1.6904838168450125,1.1994515497620122,1.2707831743151337,1.2770745690830299,0.7568303433820347,2.23956313157089
2023-07-27,1.6737979931170546,1.190063311543735,1.2601118781698075,1.2650658957269618,0.7589151880342551,2.2247116464223753
2023-07-28,1.6849386604775782,1.1959671114328805,1.2671223949873156,1.2791903377109124,0.7627215850666139,2.2465040318464844
2023-07-31,1.6893007516244312,1.197785449473626,1.2691486601442428,1.2815907149076966,0.762551672719305,2.2507400224558545
2023-08-01,1.6787401361399583,1.191744357432309,1.2622655776573948,1.2781162622991211,0.7649119302227151,2.244309482494642
2023-08-02,1.6634292613589432,1.1853359245109094,1.2543395118909642,1.2614198394595961,0.7616709918278345,2.2130754312544663
2023-08-03,1.6566705955586558,1.181618997833872,1.2498595266666024,1.2569378904628539,0.7611801770103143,2.20674696335613
2023-08-04,1.6575303356696862,1.183542661785377,1.2515844214280234,1.2527542159209102,0.7568472455312297,2.196794937225682
2023-08-07,1.6638019651584153,1.1861737375762194,1.2551546806337917,1.2594232996297214,0.7608601601269914,2.2159334490150053
2023-08-08,1.6604515285025934,1.1855092293613771,1.2538558712233745,1.2545666400560966,0.7575815770162269,2.206338675104625
2023-08-09,1.6594965725457895,1.1851942535252842,1.2533144021633205,1.248459981448844,0.7522894162577743,2.1915892620189865
2023-08-10,1.6559350765294862,1.1825979421021797,1.2507102599670845,1.2474500171610325,0.7567325390575407,2.1923548024905593
2023-08-11,1.6545262727196617,1.1815197305617111,1.2493531108438767,1.244804096852701,0.7541290218487681,2.1910789017046044
2023-08-14,1.6525215076048527,1.1800116897951787,1.2478045585830542,1.247938568211455,0.760040865813333,2.203174441155457
2023-08-15,1.6361508997586725,1.1728483454269445,1.2390200494386778,1.2357150809166113,0.7598848688976076,2.177503317342045
2023-08-16,1.6267642691072064,1.168269619428333,1.23357092195788,1.2250008562409116,0.757076288122169,2.1615290395018896
2023-08-17,1.6205107873771358,1.16561893499844,1.2298613376465044,1.2210113853717628,0.7580981405198468,2.1450444013473526
2023-08-18,1.6235027581378096,1.1674510472853417,1.2317801054997137,1.2205073957213586,0.7543491984295748,2.1460651219761164
2023-08-21,1.6217805839476775,1.1655219390728433,1.2299520044348657,1.2256038195274273,0.7628541512937064,2.160048994590182
2023-08-22,1.6205606726025845,1.1648999593664455,1.2292320328336794,1.222970812959106,0.7591533287840994,2.1541798509747894
2023-08-23,1.635349777055262,1.1731169638680359,1.2388295394159654,1.235004950614428,0.7571922987086823,2.1782178217821797
2023-08-24,1.6239305798267407,1.167767555814785,1.2322274482064188,1.221362936267938,0.7511050837418027,2.148004491170768
2023-08-25,1.6318088014264656,1.1711353007258456,1.2364301820909758,1.2311349814245331,0.752796649144964,2.163162192507912
2023-08-28,1.6394287203675741,1.1747302380443152,1.2409499579273957,1.2389810087057702,0.7568500763698007,2.176839848933348
2023-08-29,1.6551553999350586,1.1827650490870176,1.2504642068595524,1.251368874167739,0.7593268572317098,2.2083290803307145
2023-08-30,1.6569735077599301,1.183418661057794,1.2512231582631963,1.256243995721252,0.7625439805444023,2.2174134939267134
2023-08-31,1.6535501079565547,1.1821270218268134,1.2493260973982805,1.2531168041120861,0.7616390883028217,2.214198223946107
2023-09-01,1.6561262768075344,1.1823986414715888,1.2498355675059312,1.257293161123184,0.7657833597690299,2.218332142492601
2023-09-05,1.6441649022840508,1.1758569287237466,1.2419213510329146,1.2432637168237288,0.7629470126239288,2.20873736858222
2023-09-06,1.6401459097569924,1.1736220888487099,1.2393011294448146,1.237982283299027,0.7579886725699692,2.193885883433705
2023-09-07,1.6403846728157725,1.1749865031317492,1.2405305175418515,1.231686764953123,0.7512485061531791,2.1871491272838632
2023-09-08,1.6423836610081768,1.1758017882530911,1.241343295614282,1.230434277338765,0.7484799379567859,2.1904154332959074
2023-09-11,1.6483675656237204,1.178389020933128,1.2447883311709584,1.2358414828589934,0.7512001695784413,2.2048586301929167
2023-09-12,1.6470206162827998,1.1776604525935943,1.2435572798046781,1.2284678850622612,0.748199731998167,2.1927630907420643
2023-09-13,1.646850326789265,1.1782110847977287,1.244004951342062,1.225202959779903,0.744988768641886,2.195314892313974
2023-09-14,1.6577514843012702,1.1825819982379,1.2495558037034793,1.2340428289350567,0.7464617999128041,2.2142492599775445
2023-09-15,1.6478515596071117,1.1781052445813032,1.2442496947831303,1.2246060019703193,0.7425268789623254,2.1875574155353683
2023-09-18,1.6479028227573174,1.178502931090357,1.2444135421528406,1.2307236673359476,0.7475636586230064,2.188833316321323
2023-09-19,1.6430055121847071,1.1758655213884976,1.2414489272245177,1.2284568696078109,0.7489625875395225,2.1842911095233237
2023-09-20,1.6372258927425885,1.17336774564333,1.2385738533125588,1.2162039391216,0.7426657056659506,2.164233949168113
2023-09-21,1.61401675796742,1.1628953008704495,1.2257842189226253,1.195070592184931,0.7434774820944597,2.1284576911299378
2023-09-22,1.6142304594561996,1.1637674606996187,1.226519897617896,1.192174478722141,0.7413702457561473,2.1236603041747473
2023-09-25,1.6121226126617598,1.161805646122675,1.2244223509216903,1.2002721419921139,0.7531647313603185,2.1325916096764312
2023-09-26,1.5954645019889127,1.1546095301196195,1.2154123987844454,1.1830878614988838,0.7502823714918151,2.1012554863733794
2023-09-27,1.5925160995080894,1.1523600328815515,1.212717752853801,1.191232133939482,0.7594065356838183,2.102123098907829
2023-09-28,1.5972948270110623,1.1549304064321142,1.2159398464776587,1.1968855375283896,0.7657369531350388,2.1142696743901195
2023-09-29,1.5922846226413923,1.152123768248767,1.212919558886138,1.1920460136176452,0.7626254560368827,2.1091660712463
2023-10-02,1.5761625504209427,1.1437842595692271,1.2033124807570292,1.1835364055480242,0.7686674902936071,2.1082984587118507
2023-10-03,1.561509331416225,1.1365447256563912,1.1943298890247496,1.1749675161959243,0.7731931970533007,2.0800755333265286
2023-10-04,1.5658744724630642,1.1391188166214135,1.1979454913054743,1.1680961226263982,0.7672912256797922,2.095233234663673
2023-10-05,1.5629897714395475,1.137914128759377,1.1965532359636557,1.1667833089905553,0.7703058054353495,2.0944676941920997
2023-10-06,1.5711696098393335,1.140773309564041,1.2003629177063813,1.1777583057141492,0.7764048810099181,2.119322241502501
2023-10-09,1.5855844428585544,1.149736326956895,1.2096794074918586,1.1910784707634974,0.7760350685115878,2.132897825865061
2023-10-10,1.5931642007493694,1.1526063489991292,1.2135609561804814,1.1987674143046476,0.7779321529356443,2.143972644687149
2023-10-11,1.599568903190627,1.1552583628347723,1.2169366143963385,1.1950531033160776,0.7649257338228408,2.152750842094519
2023-10-12,1.585660067868348,1.1480606793261339,1.2083068750764754,1.1904961198190418,0.7722754689317213,2.139634582014903
2023-10-13,1.5924446177683853,1.153220946368892,1.212956369574876,1.1810157480750516,0.7559314209810034,2.12896805144432
2023-10-16,1.5991707363593088,1.1553240269003628,1.2159332454453955,1.192672595588318,0.7637221153912147,2.151372869245688
2023-10-17,1.5984598436233868,1.153675663814569,1.2142590616654407,1.1921789182282583,0.7651547554176682,2.1512707971828116
2023-10-18,1.584814362626899,1.1482843400231824,1.2066671463503613,1.1721934934642548,0.7569814255892248,2.1226395835459844
2023-10-19,1.5726334862560267,1.1438171026924244,1.200366375728637,1.1576164268565743,0.7554733624155237,2.103960396039605
2023-10-20,1.5628486749781432,1.1407198800354226,1.1963432139086294,1.1426148258209117,0.7498183683933085,2.078136164131878
2023-10-23,1.5592642783811421,1.1396232463313678,1.1951886240548217,1.141950334094236,0.7511569817689285,2.0745126058997663
2023-10-24,1.5685028817825555,1.143373279072705,1.2004648768451103,1.1502793024692772,0.7509717309589967,2.090180667551292
2023-10-25,1.5570464999663143,1.1382358720414836,1.1937493366114553,1.136542408964411,0.7452449457029304,2.060171481065633
2023-10-26,1.5559366574123605,1.1385449113475805,1.1940101836427126,1.124163760532793,0.7341040028230278,2.0354700418495466
2023-10-27,1.5489781329042915,1.1358552981202572,1.1902495059936937,1.1219623132478689,0.7409715560925013,2.0262835561906716
2023-10-30,1.5562622345338089,1.138217552572903,1.1940046586099324,1.1276811311905064,0.74308906310692,2.0504746350923764
2023-10-31,1.5610504125127487,1.1397314199202178,1.1963419715894934,1.130361537260508,0.7404816389172083,2.0633867510462403
2023-11-01,1.5721143452778104,1.1456937838915529,1.203608058804381,1.1385143041150403,0.7425172120381186,2.0853832805961026
2023-11-02,1.5986758439072508,1.1575405676666533,1.2183204818495807,1.1552662072663318,0.7367488021366185,2.1253444932122094
2023-11-03,1.6112458402064185,1.1637888889243795,1.226389497075733,1.1607510840232251,0.732301619719172,2.1447381851587237
2023-11-06,1.6069781129442742,1.161078791383776,1.2234369203573485,1.1584347064965035,0.7359028194371524,2.1496376441767904
2023-11-07,1.6036269774257246,1.1597375868672284,1.2223267624410799,1.1588040365507322,0.7358581928905663,2.155761967949374
2023-11-08,1.6023103026857524,1.1585412088442368,1.221639531845825,1.153921192299605,0.730533137106771,2.1573440849239582
2023-11-09,1.5893785537781673,1.1521180270465157,1.2137470393199215,1.1528581580005712,0.7389262344950063,2.1405532305807924
2023-11-10,1.6011844682007557,1.1569078773166601,1.2200228235401287,1.161198880371494,0.7383409307949347,2.173930795141372
2023-11-13,1.602224915138201,1.1582926583517976,1.22096255128642,1.1645974999463025,0.7432591811805294,2.1718893538838446
2023-11-14,1.63347847077938,1.1729676893033396,1.2390741667540135,1.1841821241286166,0.7409580907621507,2.2139940798203557
2023-11-15,1.6322921088617242,1.1711912106382854,1.2376197860075169,1.182003683485278,0.740861051014222,2.2186893947126696
2023-11-16,1.6310648957721487,1.1712439088312305,1.238047756670056,1.186572974817695,0.7430013399961134,2.2213943043788937
2023-11-17,1.6376644904019817,1.1741768059029745,1.241268223393818,1.1924628521927716,0.745990273727998,2.224150250076556
2023-11-20,1.644403541742945,1.1773708820353534,1.244923008260315,1.200030019146678,0.7476263627046986,2.2412983566397897
2023-11-21,1.6447327386333346,1.1787405088682634,1.2458500528143002,1.202354580104366,0.7487227859355678,2.2363988976217226
2023-11-22,1.647557104553832,1.1797568916311536,1.2475883188223538,1.2037561954217821,0.7472676414167054,2.2450239869347777
2023-11-24,1.6484041228246942,1.1797039061618078,1.2477545604465912,1.2052354641407843,0.7487245959156632,2.246401959783609
2023-11-27,1.6494105624559505,1.180789049909118,1.2488383573092519,1.2078252696585823,0.7477439093141004,2.242370113299992
2023-11-28,1.6552219387300189,1.1849477202665875,1.2528547245036876,1.2137393260831228,0.7498076633483608,2.2446156986832726
2023-11-29,1.658373869621275,1.1873505278767873,1.255575720795045,1.2152015426476754,0.7499926873956172,2.2430335817086884
2023-11-30,1.6609007466115553,1.187642141461315,1.256721192321533,1.2106598586040478,0.7478855605992403,2.251862815147496
2023-12-01,1.676591906538046,1.196059320327387,1.2666054263986914,1.2179937413496147,0.7402935243998738,2.2651832193528647
2023-12-04,1.6686816424001594,1.1909867096143587,1.2615490385147863,1.205458006594673,0.7325634388916958,2.253291824027765
2023-12-05,1.6649140261105657,1.1896093104171956,1.2601503279496598,1.20372408514518,0.7291902470712361,2.2528324997448212
2023-12-06,1.6637090588728805,1.1884740348926703,1.2597780583010378,1.196872023986401,0.7240825080878279,2.2437480861488224
2023-12-07,1.6670587659642295,1.1901565640853593,1.2618724682063533,1.203888729186631,0.7293366786255844,2.2608961927120563
2023-12-08,1.6663752096073412,1.1883372937436543,1.2601867108881533,1.2066550692789322,0.734052935309453,2.2705930386853135
2023-12-11,1.6709310147987209,1.1900688974813134,1.262756567398488,1.2056634313196053,0.7321377308710879,2.2794222721241213
2023-12-12,1.6723421707054138,1.1905345450825142,1.2641895395290323,1.2002753034448763,0.7299086432880076,2.2898336225375133
2023-12-13,1.7006652000361933,1.2064954977489926,1.282136006947971,1.2173539551559922,0.7238976115479498,2.321424925997756
2023-12-14,1.716030285955593,1.2141375004318709,1.2904263406400933,1.2291824050247186,0.7262294841249964,2.3288761865877325
2023-12-15,1.7091824678394056,1.210562765623161,1.2862843643827158,1.2276400027079206,0.7274647347285984,2.325048484229868
2023-12-18,1.711887261570921,1.2123137275991398,1.2877891839592641,1.2316539782385458,0.7320590091609049,2.338113708278046
2023-12-19,1.7220238364407643,1.2174462172170764,1.2934820215419847,1.2395845290686456,0.7337858511009376,2.352301725017864
2023-12-20,1.7050600986975115,1.209678108834345,1.2846929147149435,1.2248095338622516,0.7256062326817964,2.3197407369602954
2023-12-21,1.716847829270152,1.215530902499578,1.2917570717333555,1.2386494540894306,0.7351641168364696,2.3417372665101577
2023-12-22,1.7187554698723335,1.2167204901043471,1.292990738157395,1.2421606977746478,0.7358223651632863,2.3464325814024716
2023-12-26,1.7268242363599058,1.2206378769863133,1.2972494610112209,1.2471091762229258,0.73596034523055,2.3563335715014815
2023-12-27,1.733272996492688,1.224436145756493,1.3017900535898614,1.2499276166305595,0.7349260768155534,2.36062059814229
2023-12-28,1.7306260461582197,1.2224717207737201,1.300123927933864,1.2481912725356825,0.7336262360600051,2.361488210676739
2023-12-29,1.725611846414444,1.2203093027948517,1.2975783518784407,1.2431950643251812,0.7305865272582591,2.354649382464021
2024-01-02,1.7224837855900328,1.2183416400531741,1.295318730617609,1.230393720118394,0.713471864260477,2.3414820863529666
2024-01-03,1.714756769203063,1.2155030972806469,1.2909836054169155,1.2140951460693172,0.7036219434280513,2.3223435745636434
2024-01-04,1.7086392828652472,1.212191657086335,1.2876122931688823,1.2103295530511629,0.7058694625433434,2.3148923139736666
2024-01-05,1.708493284679845,1.2119677774209516,1.287341851861565,1.2111757494487145,0.7055079828908024,2.3180565479228346
2024-01-08,1.7178211851075798,1.216081335328018,1.293041561792945,1.2235164782777113,0.71222047168156,2.351127896294785
2024-01-09,1.7114970618899557,1.2140072207261865,1.290214934359332,1.2220319844317213,0.7128393025619396,2.3475553740941115
2024-01-10,1.7119494728498998,1.2138591770927787,1.2906218651582104,1.2279046049676465,0.7162582876598089,2.360824742268042
2024-01-11,1.7119588333597588,1.2155058149629898,1.291905925090545,1.2294945516550047,0.7192675304921958,2.3598040216392784
2024-01-12,1.7155995568144045,1.2183300134942585,1.2945452803939856,1.2326355117863197,0.7196873503072443,2.3614371746453005
2024-01-16,1.6990637108402762,1.2094881919706488,1.284595032723967,1.223783690114083,0.7223670743718167,2.352761049300807
2024-01-17,1.6880156101027277,1.2037990069013929,1.2780851869054013,1.2143055188093668,0.7182076408746486,2.3396958252526288
2024-01-18,1.6921177180779048,1.206228316290628,1.280710275135226,1.2233829648437224,0.7237820407908452,2.3605185260794124
2024-01-19,1.6998393384412422,1.2092294973748108,1.2844426503733137,1.2313791453675724,0.728128479777068,2.3899152801878127
2024-01-22,1.702292733153624,1.2106572448371993,1.2860404611898182,1.2324752884685746,0.7294647693368536,2.3949678473001943
2024-01-23,1.703407726318125,1.2115698532326167,1.2866437644822195,1.2316783675331073,0.7275388775759827,2.401959783607227
2024-01-24,1.699798406218262,1.2095491693038154,1.2841350199484058,1.2307159872370697,0.7214241030967105,2.404562621210575
2024-01-25,1.7105789922209096,1.215749953514871,1.2908002571787902,1.2326622032003747,0.7175500190212939,2.4176788812901915
2024-01-26,1.7119494951198682,1.2163553102555316,1.2913327537363772,1.2307588422025344,0.715243461463193,2.4146167194038997
2024-01-29,1.720193165523755,1.2206248518520484,1.2964145328078982,1.2421237413300372,0.7223894726433545,2.4337041951617846
2024-01-30,1.7227403561990677,1.2222016340847022,1.2978119891534703,1.2396664411273484,0.7179109045607234,2.4318158619985715
2024-01-31,1.7120921974712537,1.2179689430180018,1.2931258837297008,1.2236324330804549,0.7120238896653623,2.3921608655710935
2024-02-01,1.72976183813443,1.2267124379233199,1.3036661898701742,1.240110117384366,0.7174856539815472,2.423445952842707
2024-02-02,1.7221202083863278,1.2210622515006972,1.297887162114389,1.2459052647687094,0.7277800926311434,2.4489639685618045
2024-02-05,1.7086590280229836,1.2145493245462717,1.289965320108992,1.2412347288053154,0.7316031976517826,2.4400326630601206
2024-02-06,1.7201803898113535,1.2206030456005559,1.2970567442354524,1.2449417791230168,0.7272973840821869,2.4471266714300293
2024-02-07,1.7243772893964024,1.2225534517347214,1.2991417288448501,1.250801467679758,0.7328576099259281,2.467541084005308
2024-02-08,1.7238276351457564,1.2221200451160532,1.2982697628485915,1.2499969421638828,0.7307174372616754,2.468663876696948
2024-02-09,1.7247252629134397,1.2221225299956864,1.2985414948523362,1.2535597674821013,0.7342896928139981,2.482902929468205
2024-02-12,1.728762304816154,1.2238873670400525,1.3005428201296312,1.2509951970100455,0.7304996556412656,2.4818311728080027
2024-02-13,1.7064063912335183,1.211834226163147,1.2869945694461138,1.234913871700055,0.7282453431650232,2.4476370317444114
2024-02-14,1.716011347909372,1.2163988509443517,1.2929640545936805,1.2427451157798373,0.7357932652927385,2.4698887414514643
2024-02-15,1.731893917720254,1.2240784561109623,1.3016984075843574,1.2481133441306076,0.7304541336748098,2.4869347759518217
2024-02-16,1.7289017871156183,1.222415925390865,1.2997208665903448,1.2446740292439487,0.7272397321650341,2.47453302031234
2024-02-20,1.7273895286452057,1.2221785465273503,1.2997987381649332,1.2393428892692593,0.7257456366187139,2.4609063999183416
2024-02-21,1.7317272553138436,1.2237377163893206,1.3013716887217166,1.2409189102530824,0.7203797096937139,2.463151985301622
2024-02-22,1.7438368630572485,1.229775076284641,1.3081697488036763,1.261806058109841,0.7331900028445497,2.514136980708379
2024-02-23,1.7467617785892666,1.2309836251749282,1.310275453762193,1.2631796841846938,0.7340276746824783,2.5158722057772773
2024-02-26,1.7416752548203427,1.2287914965239732,1.3071442294090665,1.2628098388517144,0.7387057505974927,2.506634684086964
2024-02-27,1.7441826492439758,1.2299864793438173,1.308310625877588,1.2633703343649538,0.7401163198313032,2.51127896294784
2024-02-28,1.7447222641672413,1.2301492520260926,1.3086885632113456,1.2613398131850786,0.7369502059195845,2.5079616209043576
2024-02-29,1.7494867371793736,1.232268637211297,1.3111216762480966,1.2642801719757062,0.7368954120037705,2.516994998468918
2024-03-01,1.7610211286687545,1.239058362693328,1.3182868031809756,1.2762506168332572,0.7426421906575931,2.5406246810248025
2024-03-04,1.762859456463778,1.2397756097789419,1.3190181839275412,1.277359209224861,0.7421032231426337,2.537919771358578
2024-03-05,1.758262724536379,1.23813663439192,1.3173030155181162,1.2619228149124666,0.7365075859096248,2.5125548637337953
2024-03-06,1.7685727225564607,1.2436981771735238,1.3232787163327164,1.2669442995198594,0.7366262141406779,2.525262835561906
2024-03-07,1.7778743048766799,1.2486947000832995,1.328696822860629,1.2778883546491924,0.7412322562011097,2.5503215269980597
2024-03-08,1.776439301577285,1.2479056657732617,1.3280060195617713,1.2715035896155154,0.7366190132479769,2.535010717566601
2024-03-11,1.7785447822487461,1.2491088891998585,1.3288036135674204,1.2683902569490593,0.7344289106859176,2.532867204246197
2024-03-12,1.7807359096773174,1.2494807652248945,1.3295969595696464,1.2800977271174843,0.7457218250487835,2.560069409002755
2024-03-13,1.7838575699520316,1.25147634856215,1.3311343014740986,1.2795635427368035,0.7407942370164777,2.5560885985505757
2024-03-14,1.7747300828797918,1.2467555959257652,1.3253061868580485,1.2743553761506083,0.7356222531600398,2.5510360314381946
2024-03-15,1.7713261850272073,1.2450748438138701,1.3234232805003352,1.2657904829591238,0.7291062209627384,2.5335306726548934
2024-03-18,1.775607097043476,1.2475945733343974,1.3257366592830073,1.2717507711588358,0.7299388572152284,2.548586301929161
2024-03-19,1.7818524210634594,1.2510623103490706,1.3295538108943887,1.279630814815596,0.7336446105012524,2.562723282637541
2024-03-20,1.7918460677214152,1.2560891079141145,1.3355512563100875,1.290507261944137,0.7421777314258965,2.5864550372563015
2024-03-21,1.7960006831256687,1.2577747826196926,1.3376403291646797,1.2933683355974883,0.7445883012340619,2.59497805450648
2024-03-22,1.7907252615145235,1.2554898479198888,1.3352060868862832,1.2885831821971185,0.7391508431378644,2.5900785954884133
2024-03-25,1.7889254997143322,1.254778978438971,1.3337868478008545,1.2837919209269344,0.7355587678476158,2.5828825150556276
2024-03-26,1.7866454165166512,1.2537175541197134,1.33301303838962,1.2831581280351203,0.7376366440184563,2.578136164131876
2024-03-27,1.8042352936290298,1.2622715934049977,1.3428228674923781,1.300890297047509,0.7455162074259776,2.5997754414616705
2024-03-28,1.8089982380569993,1.2648184734030985,1.344816815361388,1.299597392651214,0.742628240526195,2.599316117178727
2024-04-01,1.8011174333196929,1.2605499630963155,1.33939205113529,1.2934883073182222,0.7417672653825869,2.594773910380728
2024-04-02,1.7967308521037424,1.2592275419753232,1.3369341133783619,1.2824406008393712,0.7314326399205924,2.5782892722261908
2024-04-03,1.80015870546263,1.2616364886971896,1.338919020024678,1.284992840660037,0.7312090180981426,2.581096253955292
2024-04-04,1.7916895964910027,1.2580650664548034,1.334711965227136,1.2678315602603858,0.7185230932692745,2.5496070225579253
2024-04-05,1.799079551928817,1.2612099664050769,1.337808636617361,1.280130503653872,0.7282768083330035,2.576247830968663
2024-04-08,1.802333764455215,1.2620392151332627,1.3391313286700182,1.283262752055166,0.7289473574925497,2.5776768398489325
2024-04-09,1.8079932446441693,1.2648128005222674,1.342432009315604,1.284613746434379,0.7283349614638336,2.5806879657037864
2024-04-10,1.7860200878148156,1.253656984942119,1.3290886621535123,1.2687949281137232,0.7276015152670308,2.5548126977646213
2024-04-11,1.7892173634772006,1.255355091671824,1.3306742841561572,1.2727192541989454,0.7307243999351489,2.574104317648259
2024-04-12,1.7728153547733165,1.248068757150631,1.3224055527022345,1.2543449804817257,0.7223004239857905,2.5385832397672754
2024-04-15,1.7613940649340147,1.2428753170177063,1.3161997971585921,1.243070293324424,0.7188590769043942,2.5067877921812793
2024-04-16,1.7523537030818672,1.2387538553696544,1.3112873077357896,1.238244709430337,0.7188982559876853,2.5021945493518416
2024-04-17,1.7518629810106179,1.2380231446364651,1.3116466735063543,1.233618130029816,0.7116450656670221,2.487394100234765
2024-04-18,1.7503876320454286,1.2372159443684891,1.3108661217152067,1.2288242505387625,0.7081220393680704,2.4822904970909456
2024-04-19,1.7540475812473275,1.2396795355774899,1.313303331839781,1.2226128809709502,0.7028603217615583,2.4606001837297127
2024-04-22,1.7611120885281093,1.2427613665391577,1.3174912469748947,1.2310967044153436,0.7074144920942607,2.4832601816882716
2024-04-23,1.7706340503979907,1.2476910944244362,1.3229803735492849,1.242560034168561,0.7112499355559746,2.5127590078595485
2024-04-24,1.770772212254267,1.2472421727603555,1.3224429202936892,1.2411173558805777,0.7121296564177128,2.5115341431050315
2024-04-25,1.7696431374151287,1.2466129775340857,1.3211973242651103,1.2453818815239457,0.7141122349102067,2.501990405226089
2024-04-26,1.7737666075825098,1.2487522616826,1.3237985901064107,1.2523736554425786,0.7195893982409408,2.5257221598448494
2024-04-29,1.7839664819510657,1.2532722664389544,1.3291771120755245,1.2553466513029958,0.718393791915413,2.534653465346534
2024-04-30,1.7620012295049599,1.2418117106386077,1.3173470601911335,1.2316299963816586,0.7037407719347986,2.494488108604674
2024-05-01,1.7613963613964796,1.2416621515706128,1.3182211376086497,1.224534764578273,0.6966337006014974,2.4864244156374395
2024-05-02,1.773030796169967,1.2476472066496511,1.3250796242064669,1.2331110633491862,0.6959015849927503,2.5096458099418184
2024-05-03,1.7844218784776908,1.2534244538779733,1.331666242489886,1.2426654474875805,0.6990500158192957,2.5407777891191174
2024-05-06,1.7945801063726226,1.258869877820202,1.336992996777478,1.2558784561375456,0.707134467464393,2.5670103092783503
2024-05-07,1.7990262512344795,1.261098042250266,1.3396703201261526,1.2556228443277992,0.70467645298708,2.5698172910074506
2024-05-08,1.7961499515478097,1.2591442061622706,1.3377436867424273,1.255496331520033,0.7044593550080513,2.5700724711646417
2024-05-09,1.8096665148539206,1.2660129559467497,1.3449712519442711,1.2702244461339713,0.7093545824282841,2.5848729202817187
2024-05-10,1.8094914281365075,1.2656991960481319,1.3445848925336337,1.2701592789547103,0.7110739431641686,2.58824129835664
2024-05-13,1.8093377810188886,1.265718141310308,1.34442411595465,1.267987923985415,0.7080263448529533,2.5885475145452688
2024-05-14,1.8154493705267023,1.2686972769240161,1.3479432816985821,1.2749062796596398,0.7109102385966355,2.600438909870368
2024-05-15,1.8308881415588132,1.2770253170032673,1.356957746636,1.2799464459850947,0.7097220402057326,2.63264264570787
2024-05-16,1.8280709112915314,1.2759689637402503,1.3553845592158367,1.2750572960599293,0.7058887034984375,2.627232826375421
2024-05-17,1.833452916004468,1.2788520294411945,1.3577587100594,1.285333032816808,0.7157190275685674,2.6310094927018475
2024-05-20,1.8311216294893986,1.2781343614028384,1.3563635861416887,1.2795283310586456,0.7135388418316787,2.634020618556701
2024-05-21,1.832962607284861,1.279056914464415,1.3575347300949518,1.2798937282264862,0.7136179883505795,2.6405021945493514
2024-05-22,1.8218450038273502,1.2728042339937693,1.3517207116576793,1.2690681136177266,0.7077344651412109,2.63289782586506
2024-05-23,1.804103625339087,1.263950791294632,1.3422987529160717,1.2514172116521332,0.6988087557483932,2.6136572420128608
2024-05-24,1.8116741757746135,1.2678425181815378,1.3464679166408051,1.2563866329773121,0.7009392645861183,2.6309584566704087
2024-05-28,1.8072128748841938,1.2658915693637203,1.342878063887037,1.2554013441191942,0.7031439535178698,2.6327957538021836
2024-05-29,1.790035084544266,1.2571606821231822,1.333648324137123,1.2399517906148936,0.6966995984622834,2.6143717464529947
2024-05-30,1.7954776269624602,1.2593829608572285,1.337333820915398,1.2452571391451441,0.7005942138755664,2.5970194957640085
2024-05-31,1.809397742034436,1.2661619852091717,1.3452942488555988,1.2540499825383842,0.7065191598588021,2.620649178319893
2024-06-03,1.8080887864919417,1.2659756034040721,1.3458713754888278,1.2517630515775602,0.7048754360593221,2.622792691640297
2024-06-04,1.806322965774107,1.2652712870818297,1.34563628757807,1.2468921448601742,0.6946628000194084,2.6257527814637127
2024-06-05,1.8158522146780436,1.2703928863341163,1.3510717392678526,1.258052062241768,0.7028384766945822,2.6569357966724505
2024-06-06,1.8183903875176874,1.2724162347704608,1.3523297100454832,1.2608038299318678,0.7032885809581878,2.656884760641012
2024-06-07,1.8040836190200908,1.2635821131869869,1.3437933290470012,1.254763027388051,0.6996109101883996,2.653669490660406
2024-06-10,1.808839697382453,1.266370297619018,1.3458957285994075,1.2615778886571625,0.7051557438485387,2.661886291721955
2024-06-11,1.8079929271238397,1.2666060237169954,1.3457908121779512,1.2571236830662278,0.7009477319722097,2.6682657956517293
2024-06-12,1.8150260035045596,1.270291070096835,1.3500495363694187,1.2583494344114483,0.6994092158324299,2.6902112891701533
2024-06-13,1.8152269057568629,1.2711288700100052,1.350766549733718,1.2537281465277936,0.6909632494494377,2.6956211085026016
2024-06-14,1.8125781684865059,1.2699878546967567,1.349138884444647,1.2505467947786986,0.6873035183140843,2.6972542615086237
2024-06-17,1.8168573084828068,1.2716948944880697,1.3509379236852144,1.2569238049334963,0.6928505090703466,2.718740430744104
2024-06-18,1.8233938483356371,1.275876354847183,1.3551462704059205,1.2614085059605102,0.6941526373720055,2.72563029498826
2024-06-20,1.8254887207976886,1.276737512074407,1.355785197958583,1.2747678964437061,0.7018440855066217,2.7182300704297218
2024-06-21,1.8219433002030407,1.2748189189795989,1.3543119226730707,1.2670552717963675,0.6958294673425786,2.714555476166171
2024-06-24,1.8296132254106119,1.2789683360080621,1.3584461415863704,1.266901778465249,0.6957449198401096,2.7057262427273634
2024-06-25,1.8244086296731896,1.2763898288989999,1.3557139618889649,1.2654646908682214,0.6960762213978849,2.7161886291721937
2024-06-26,1.8181320673553456,1.2727118814400271,1.3517259799928834,1.2589515659225874,0.6929791730280686,2.7195570072471145
2024-06-27,1.8219524315394136,1.2748165153596582,1.353748262075407,1.2627159028031694,0.6917827081880189,2.7238440338879233
2024-06-28,1.8174349029682857,1.2720627384386278,1.351031626120418,1.2632584876097237,0.6940353167040916,2.713126467285902
2024-07-01,1.8123242786805045,1.2697332965702546,1.347598997963638,1.2647297141552556,0.6940137096098385,2.7186893947126656
2024-07-02,1.8203485843620966,1.273958860329675,1.3522999595454377,1.2714308006203736,0.6940575807290815,2.737011329998977
2024-07-03,1.8302219072438877,1.2793578547901707,1.357918359106001,1.280085604244276,0.6973406055010634,2.7492089415127055
2024-07-05,1.836942525972464,1.2839054603043143,1.3626651730864106,1.2836185363064383,0.6964265357791752,2.765081147289984
2024-07-08,1.8346250520412657,1.2819644589748584,1.3613295977548483,1.2828143364012237,0.6967534152933358,2.7682453812391525
2024-07-09,1.8324286061101713,1.2805307013208904,1.360060911738225,1.2820787825455167,0.6964475482777781,2.770950290905377
2024-07-10,1.8439023824468108,1.2860610876889358,1.3661420859943714,1.2913146219426954,0.7001784872443063,2.7983566397876873
2024-07-11,1.8549835646141226,1.2919171254598951,1.3729484888467747,1.294830699253589,0.6995799317240853,2.7742676329488596
2024-07-12,1.864039111808192,1.2964811275693284,1.378248421962391,1.299370059454602,0.70190286619461,2.7917729917321603
2024-07-15,1.8605576417828371,1.294390384199642,1.3761506605019893,1.3095434948887679,0.7075718192337466,2.7994283964478894
2024-07-16,1.8777107905908306,1.302642760804036,1.3855410927280407,1.3213584729068093,0.7116852351074994,2.816015106665303
2024-07-17,1.872389165982778,1.3005176864649262,1.383568955973829,1.3106021569638833,0.7046687529109046,2.776564254363578
2024-07-18,1.859983771976562,1.2939641249409242,1.3764789631140883,1.3010561345245324,0.6984287822672091,2.755180157190974
2024-07-19,1.848227146627111,1.2876104804344735,1.3705667714983942,1.286618495799183,0.6919812486675392,2.7369092579361
2024-07-22,1.8573552151563197,1.2918040292845123,1.3750662789058872,1.2985142229882007,0.699593461795472,2.7651321833214215
2024-07-23,1.8522394447453352,1.2891982046194057,1.372898068721463,1.2961490307232193,0.6959676505006315,2.7607941206491753
2024-07-24,1.8347631026885711,1.2817289487559078,1.3647511952709674,1.2749610947304422,0.6827577188368308,2.698223946105948
2024-07-25,1.8338054366478587,1.281668525026608,1.3646892234912482,1.2725626011406186,0.6822291058327863,2.684189037460444
2024-07-26,1.849748850924558,1.2888936761772143,1.3733079388898972,1.287842213360716,0.6882331953407215,2.714249259977541
2024-07-29,1.8504650120063637,1.2887740490184698,1.373611126165922,1.2902106265364492,0.6875265258899538,2.7158313769521247
2024-07-30,1.8520163392729083,1.289509541402324,1.3747624778795366,1.2879185985196722,0.6863299688901003,2.7020516484638124
2024-07-31,1.8706171432436383,1.2995783478670726,1.384326103160354,1.3083384731717846,0.6934658115411985,2.7459936715320983
2024-08-01,1.8586741312214818,1.295105721182559,1.380135960903502,1.2935053794118345,0.6852734970989112,2.7071042155761935
2024-08-02,1.8450015350074729,1.2916475093815114,1.376995381305418,1.266724301401602,0.6662212040224821,2.6566806165152563
2024-08-05,1.8138177214675955,1.2776748487358938,1.3612346721144575,1.2360108517195312,0.650780867053431,2.5793099928549528
2024-08-06,1.8195156347176469,1.2784178013747962,1.3630375730726043,1.2451602740076402,0.6580432669528955,2.6030927835051516
2024-08-07,1.814553846029895,1.2765237957627367,1.3606354505747722,1.2368935198519555,0.6537105533823827,2.585689496784727
2024-08-08,1.837183247523459,1.286048629504531,1.3713244134683034,1.2624121325474362,0.6649071291827554,2.645452689598854
2024-08-09,1.8434600396349288,1.2893335351669621,1.374743224560447,1.2667992578361629,0.6641956530860114,2.6571399407982006
2024-08-12,1.8456875902145253,1.291286067802109,1.3760458185422735,1.2735724782702136,0.6632022298704159,2.6585179136470316
2024-08-13,1.8601430876217508,1.2974812914363991,1.3838961998951997,1.2801571020791152,0.6697642967894323,2.702255792589565
2024-08-14,1.8630042851852813,1.2987972602519742,1.385689966090427,1.2821504644062536,0.6713758038561276,2.710778809839744
2024-08-15,1.8769797938470976,1.3030600561621264,1.3907134322670964,1.2885449678691678,0.6704884849945384,2.7572726344799396
2024-08-16,1.8833129472059114,1.3061519908091717,1.3946052561726483,1.2989214516554712,0.6759878961859638,2.7634479942839616
2024-08-19,1.8932734654623453,1.3096711949829098,1.3991984240705013,1.304593318403377,0.6784264202667664,2.7898336225375084
2024-08-20,1.8901779549469908,1.3093059220906889,1.398758854735357,1.3032584589898513,0.6806686619764157,2.785291415739509
2024-08-21,1.8973278970891774,1.3123586450903422,1.402769170360782,1.3062388276759296,0.680487069210832,2.79488618964989
2024-08-22,1.888719568934491,1.308405539431829,1.3983807349085324,1.3036253412551402,0.6805988164007301,2.772940696131466
2024-08-23,1.9089058298280819,1.318216227989472,1.4092207272517485,1.3167013178258247,0.6815305491959773,2.802439522302743
2024-08-26,1.9089515132867294,1.3188023614534912,1.409225468165613,1.31672251193672,0.6807974996030582,2.7957538021843393
2024-08-27,1.9089335836349626,1.3187551934148496,1.409503685520724,1.3187032087269732,0.6823463228750349,2.7995815045422043
2024-08-28,1.9016917138966827,1.31541689862019,1.4062137007970485,1.312658733900431,0.6827668191585695,2.78330101051342
2024-08-29,1.9057815748407114,1.3173492068669252,1.4081050174271004,1.315385266404645,0.6804026243509778,2.7835561906706108
2024-08-30,1.9121759003096706,1.318913739212974,1.4106901306454174,1.3228214045200066,0.6854366027656782,2.810145963049911
2024-09-03,1.8950119878279732,1.3131652188665084,1.404129979697204,1.3050234781571128,0.6857488689832598,2.7523221394304356
2024-09-04,1.896779726527429,1.3154143164130454,1.406747529579901,1.307333872315349,0.6870568796001433,2.7466571399407957
2024-09-05,1.894585189007172,1.3149803199517767,1.40611992213207,1.3051283023666422,0.682634100743551,2.7400224558538304
2024-09-06,1.877228802505058,1.3089490221164966,1.3990776095854094,1.2862863973208583,0.678276335540003,2.693885883433702
2024-09-09,1.8920333308912984,1.3149558470913425,1.4062953902386028,1.3008531492724007,0.6841276681564057,2.724048178013675
2024-09-10,1.89395744627306,1.3156551532272676,1.4074138028805763,1.305312505708207,0.6865629650584394,2.7358885373073365
2024-09-11,1.8983150814236076,1.3163641001970274,1.4083840917683834,1.3084591908287457,0.6884285058662243,2.7639583545983437
2024-09-12,1.9094946734039844,1.3212131848692281,1.413565157278734,1.3175238513407928,0.6898333144133618,2.7872818209655983
2024-09-13,1.9199246847050209,1.3262343677477257,1.4194049290849486,1.3285666358594674,0.6944467017281336,2.8018270899254842
2024-09-16,1.9293624264517957,1.3311068008535107,1.4248604047353854,1.3367325008887898,0.6972387859078469,2.805961008471978
2024-09-17,1.9285649539819187,1.3302128782530405,1.4237628461577372,1.3313716572800063,0.6918188633421396,2.807083801163619
2024-09-18,1.9211222286367011,1.3264851809944394,1.4198868563419524,1.3263027141495196,0.6890806021147218,2.7987649280391933
2024-09-19,1.938785026758892,1.3332608246481892,1.4277747132655232,1.3388454939322467,0.6885237383838189,2.8465346534653437
2024-09-20,1.9385893658284667,1.3337977921079593,1.42811428231501,1.3496183908794572,0.6946308763451481,2.841635194447277
2024-09-23,1.9457619188218505,1.3361758450035313,1.4309362830399939,1.3551970225688528,0.6940728511392379,2.8487292028171862
2024-09-24,1.9549266503108744,1.339999807645553,1.4353208662454746,1.358498712808812,0.69189737057893,2.8568439318158596
2024-09-25,1.9448880417184604,1.3348001633540965,1.429705676986085,1.3562268544672338,0.6972254569601479,2.8505664999489615
2024-09-26,1.9526408727672828,1.3366249866391458,1.433055202460136,1.357598927843413,0.6977842708619392,2.861845462896803
2024-09-27,1.9561082991697005,1.3395870305309732,1.435866410690168,1.353581180296743,0.6952172460181368,2.8577115443503094
2024-09-30,1.9547809663920104,1.3383213953055706,1.4345442082057251,1.3559594749939126,0.6996294555842127,2.8691436153924643
2024-10-01,1.9571741300352794,1.3406837871261759,1.4362677232137329,1.3580237477362134,0.6921550589306754,2.8434724915790524
2024-10-02,1.9576179105599618,1.3402843557911979,1.435635308978013,1.3594944311257289,0.6852397170525637,2.844646320302131
2024-10-03,1.9501526092286054,1.3363724239067287,1.4304084702896565,1.3552341336791665,0.6796723837980383,2.839440645095435
2024-10-04,1.9546674860346307,1.335680624754036,1.4301301840457634,1.3601608518915622,0.6815530486600068,2.8652648770031615
2024-10-07,1.9452469093936344,1.3309508971483333,1.4242518168594254,1.3438224662861813,0.6684404879768451,2.839338573032559
2024-10-08,1.942073829132039,1.3294893049215024,1.4236313348420024,1.3441191974883284,0.6811122231657308,2.8662345616004874
2024-10-09,1.9446911236566502,1.3296343657752716,1.4242854522425792,1.3396345836514791,0.6804257185751305,2.886087577829945
2024-10-10,1.9445391469580342,1.3302994142745737,1.4240861933485598,1.3368498218983509,0.6736616438941161,2.8810350107175635
2024-10-11,1.9551721273807583,1.3351201603073877,1.42984807962639,1.3475389631960422,0.6818382600022195,2.8982851893436736
2024-10-14,1.9597230530815557,1.3361135021307824,1.4317480827626776,1.3550109667945174,0.6881709807114591,2.9219659079309963
2024-10-15,1.9515624868332198,1.3335105929736886,1.4295149294259384,1.3616459073513933,0.6962592169180969,2.8992548739409996
2024-10-16,1.9615680686064305,1.337747940480785,1.4346544771831846,1.3745428730694935,0.7034046265551362,2.911860773706233
2024-10-17,1.957123427331137,1.3345983180671401,1.4311719989108298,1.3749222004094204,0.7015291743061424,2.9121159538634247
2024-10-18,1.9630482696828413,1.3371190805675253,1.4344601007948856,1.3828633496497105,0.705921823202458,2.9233438807798273
2024-10-21,1.9499639736938312,1.3300569285907156,1.4261639589666428,1.3749798804530837,0.7022215606292224,2.9185464938246373
2024-10-22,1.949483803983835,1.330690929434922,1.4257108994301657,1.3704593946905466,0.6975521298963544,2.916964376850053
2024-10-23,1.941620552033531,1.326965691529756,1.421649766993063,1.373100063193596,0.6985012256013156,2.8903235684393156
2024-10-24,1.9446393374731108,1.328376005113019,1.423272506917277,1.3754433119331044,0.7030829399274241,2.896549964274775
2024-10-25,1.9388422710517355,1.325467750295803,1.4196538961953762,1.362963270989884,0.6942420265125532,2.89558027967745
2024-10-28,1.9404500950153323,1.3248367450057386,1.420586569057013,1.371675651248733,0.7058595202168139,2.904511585179134
2024-10-29,1.9346995781359522,1.3223821328020073,1.4179401299127519,1.3660416890827825,0.7058892693627753,2.9092069000714478
2024-10-30,1.933841995606266,1.322143262660317,1.4171473699761754,1.3673755784378314,0.705829878213204,2.9004287026640783
2024-10-31,1.921450187838529,1.3178792162338933,1.4114718255013974,1.3563034240608054,0.6948417517847767,2.843574563641929
2024-11-01,1.9168848230547546,1.3146521943011493,1.4086628802549082,1.348360421191982,0.696353268409544,2.855568031029905
2024-11-04,1.9230344893513323,1.31874192120203,1.4124169493516912,1.3471401759317223,0.6915507400562294,2.8493926712258832
2024-11-05,1.9384838418544783,1.3250986428226923,1.419646072349065,1.3646837802695047,0.6987037796337664,2.883893028478104
2024-11-06,1.94346068943608,1.324280930692415,1.4194981556478876,1.3808275618050563,0.7133536068995172,2.9555986526487685
2024-11-07,1.95724149691581,1.3313693774020352,1.4275902128212867,1.3932206551737778,0.7162126734925276,2.978411758701642
2024-11-08,1.961531125761738,1.3334628127901187,1.4299487934544834,1.4050475895414622,0.7237155243748298,2.9913238746555053
2024-11-11,1.9582222874839867,1.3309524025999837,1.4275316922456096,1.4036061377212177,0.7240010195067071,2.994181892416044
2024-11-12,1.9405888781722442,1.3228480804630405,1.4180212810832213,1.3908827424375276,0.7175600944967024,2.9848933346942927
2024-11-13,1.9390297541935553,1.3225636782094428,1.4176175132187203,1.3886867604484772,0.7152649054615865,2.9863223435745625
2024-11-14,1.9310892844794605,1.31885120004109,1.413125580202508,1.3794884284808635,0.7079863398646379,2.967132795753801
2024-11-15,1.9244461144420568,1.316521755998841,1.4104881800356015,1.3823136706761283,0.711354108708697,2.929110952332345
2024-11-18,1.9372400044387421,1.322759260935997,1.4166325017239414,1.3914943285144434,0.7102632486545012,2.9411044197203213
2024-11-19,1.9392477770361847,1.3237672536934935,1.4177754515939422,1.394472450445883,0.7133929065021262,2.951873022353781
2024-11-20,1.9403406982196236,1.323872294659662,1.4179511370620828,1.395346759914241,0.7128746756201669,2.952893742982545
2024-11-21,1.9518583644312852,1.3287982076858778,1.4229866475397137,1.4097392082907976,0.7183978599041828,2.968714912728385
2024-11-22,1.9599699009379485,1.3320260121816332,1.426604928957713,1.4171652639860308,0.7232783764592176,2.977952434418698
2024-11-25,1.9662097326139663,1.3362845704856643,1.4322448181266942,1.4168304513390293,0.7238667880572981,2.9880575686434607
2024-11-26,1.9676689530459155,1.3367034025044575,1.4323877848330835,1.4247647076553482,0.7286834218744861,3.0036235582321096
2024-11-27,1.969116078367635,1.3381913144972764,1.4344296217889405,1.4212828618529256,0.7259549952057562,2.994539144636111
2024-11-29,1.9782330244792734,1.3427950993838282,1.4395798187120241,1.428285215447793,0.7264955175339818,3.0131162600796144
2024-12-02,1.9725550431566292,1.3399651907503392,1.4369758035467393,1.4173776170104142,0.718259417175103,3.0185260794120636
2024-12-03,1.9694702093417293,1.338498740568199,1.4351254662907724,1.4097264226445196,0.7150002754087122,3.019955088292333
2024-12-04,1.9707927778649383,1.3394523022024558,1.4366055008534666,1.4110519569647284,0.7137277392095184,3.0386853118301502
2024-12-05,1.9688239924818725,1.338648025131428,1.4354112500115774,1.4062752529959142,0.7098902949135485,3.033683780749207
2024-12-06,1.9664541226122954,1.3376972898787896,1.4349277155670244,1.401039332369556,0.7081424687439419,3.0394508523017234
2024-12-09,1.964455007284757,1.3364037491385319,1.4335518565251704,1.3920143985556597,0.7032382327301495,3.023782790650198
2024-12-10,1.9571169976450342,1.3339134267648751,1.4304595871609034,1.391584044728089,0.7038490875506381,3.0143921608655697
2024-12-11,1.958934196751497,1.3339485879175093,1.4300367788056794,1.3905713588162592,0.7044076696607717,3.0376645912013873
2024-12-12,1.9482294126269857,1.3289728984679547,1.4245443925917247,1.3825574766973796,0.7024523228142521,3.0220475655812993
2024-12-13,1.9429004782586765,1.3258724696472217,1.420989318652737,1.3798374324589713,0.7002913141341924,3.021435133204041
2024-12-16,1.938621916514249,1.3238196895098635,1.4191302529903167,1.378172331546212,0.7006276653293465,3.0343472491579044
2024-12-17,1.9327321349457653,1.3212697156404754,1.416463404234082,1.3698232264246897,0.6958292540620032,3.021843421455547
2024-12-18,1.8911669017949935,1.3031961104438219,1.3960694241848997,1.334798186728636,0.6811384578476727,2.9317648259671323
2024-12-19,1.8845872167953224,1.3003745350319216,1.3926698366696704,1.3350236535658895,0.684955105062496,2.9308972134326825
2024-12-20,1.8997397838392691,1.3071442478867719,1.4002349353679735,1.350054372070507,0.6901487998676576,2.966061039093599
2024-12-23,1.901910026468695,1.306988468165818,1.4000521956307022,1.3535090753737025,0.6918176711137767,2.983821578034091
2024-12-24,1.9134495507924612,1.3119457387182116,1.4055275048056888,1.3679506343522743,0.6968927008018854,3.016994998468918
2024-12-26,1.9147063513853362,1.312744372759682,1.4066262167292034,1.3705308270851326,0.6981533688699327,3.0171991425946714
2024-12-27,1.9047210585497871,1.3088724567059136,1.4018735141236225,1.3585142203918288,0.6920751990519234,2.9854547310401136
2024-12-30,1.8964770282933183,1.307298596526256,1.3994654776270181,1.3459976557768896,0.6873884898458867,2.951362662039399
2024-12-31,1.8977313030655,1.3081102767518553,1.400119411014479,1.3454687038572841,0.6849903253803766,2.9406450954373784
2025-01-02,1.8977022419678442,1.3088653801428294,1.4002789250578134,1.341494973651903,0.6801259350376414,2.9333979789731544
2025-01-03,1.906890770158547,1.3116466072083175,1.403766200898972,1.3599337138472145,0.6881742692535278,2.9700928855772175
2025-01-06,1.90559478116927,1.3108483844531795,1.4030178262208908,1.3637720554858173,0.6910671534341145,2.9871899561090127
2025-01-07,1.899076514663592,1.3081411585056741,1.3995738936338926,1.3555367170153338,0.6859469708017599,2.953455139328366
2025-01-08,1.9019021090495045,1.3096361596865809,1.4013665900902093,1.357658207851333,0.6864973630817028,2.9577421659691745
2025-01-10,1.8874159054888797,1.303697687596636,1.3932061968353506,1.3416788115180014,0.677063469899686,2.912575278146372
2025-01-13,1.893259247836468,1.3060619909986113,1.3957116865068562,1.3390155377270527,0.6664800031201015,2.9171174849443715
2025-01-14,1.9014113702113875,1.3090874729719904,1.3992692276482257,1.3477866805891017,0.6707652117582044,2.9210982953965505
2025-01-15,1.9236493157137526,1.3201247873219042,1.4111076339939785,1.3755868478895101,0.677633865765029,2.9742778401551497
2025-01-16,1.9332066540901893,1.3243641066215008,1.4161262150425866,1.3824626364154278,0.6791978318215962,2.9685107686026333
2025-01-17,1.9397637893550475,1.326398683813929,1.4186670560252044,1.3934907291914798,0.6839763896772928,2.9983158109625396
2025-01-21,1.9571327198675168,1.3334273806397072,1.427278611186039,1.4093647031091623,0.6874577620125482,3.0257731958762886
2025-01-22,1.949824747527411,1.3300290524437863,1.4234024677283017,1.4062160159204307,0.6917710181445402,3.0427681943452076
2025-01-23,1.9557753069016306,1.331932990287706,1.425957927661923,1.4108226269897406,0.6913899674857349,3.0594059405940595
2025-01-24,1.9577572526441651,1.333486166177971,1.4277708537858267,1.4132804123276341,0.6915228981999252,3.050474635092375
2025-01-27,1.9544528646780674,1.334111857810394,1.4293651285680686,1.401266826501713,0.6814372623869176,3.0072981524956615
2025-01-28,1.9515323535805285,1.3325413347319095,1.4274559750527174,1.4079270829806874,0.6861583558612795,3.0331734204348266
2025-01-29,1.9476812319718702,1.330969658934095,1.4255192807175305,1.4048297762894464,0.685762185865461,3.019546800040828
2025-01-30,1.9637849989967715,1.3376924735338986,1.4331418531101145,1.4212381461126375,0.6911986369172208,3.035776258038174
2025-01-31,1.9521119220381187,1.3328176580985933,1.4278321480275074,1.4147411025406231,0.6908435930446214,3.019597836072266
2025-02-03,1.9501045730550675,1.332740121489743,1.4270308937018104,1.4069170023549964,0.6839899588888082,2.9992854955598647
2025-02-04,1.9585472081596855,1.3363697981078748,1.431038825829411,1.4151902960621614,0.6871885961821975,3.0193936919465143
2025-02-05,1.9683098999880018,1.3410047433736236,1.4365264781058167,1.420181361225986,0.6856915855468675,3.031642339491681
2025-02-06,1.9685930214009515,1.3405666283548312,1.4362106031802928,1.425186778954353,0.6888869629047625,3.042206797999388
2025-02-07,1.9595813598332807,1.3365289693649625,1.431338125248441,1.4147937873900645,0.6877039950658683,3.014341124834133
2025-02-10,1.9711333701136549,1.341856711940694,1.4363305810423614,1.4218052402818788,0.693081954032563,3.0348065734408496
2025-02-11,1.9727212195223622,1.3426097982577008,1.4367452782544734,1.4190515796926741,0.6920952989190341,3.0371031948555687
2025-02-12,1.9637577059617597,1.3375161759295864,1.431715135396051,1.417435684008275,0.6942328768659908,3.0273553128508732
2025-02-13,1.9802843419444685,1.345430332376382,1.4404749105427266,1.4299914619411487,0.6950953429352439,3.0593038685311837
2025-02-14,1.9786357164123947,1.345351317572292,1.4405425445302198,1.4235811008469614,0.6920217722264917,3.0591507604368684
2025-02-18,1.9874817606220874,1.3483595615548907,1.4431307814076861,1.4343934287972122,0.6954421978382574,3.0681331019699902
2025-02-19,1.9901028091576944,1.3505979636575567,1.4448072933212435,1.4363768624606073,0.7004942220985856,3.0753802184342147
2025-02-20,1.990546486007053,1.3511103759595608,1.445408442809723,1.4298914931461526,0.6926310226575922,3.0625701745432274
2025-02-21,1.9766580070901065,1.3473930285857798,1.441438005526845,1.415519845837406,0.6838420228033084,3.0101561702562005
2025-02-24,1.9752552343955703,1.3477466027100031,1.4419319934633026,1.4134403731507663,0.6820356518944503,2.9964785138307644
2025-02-25,1.9785683774038165,1.3504574790777324,1.445803957590581,1.4021589807075099,0.6708701437362504,2.9815759926508116
2025-02-26,1.9775367034349223,1.34965898958053,1.445523401392015,1.403541371325031,0.6727122561550383,2.9831070735939575
2025-02-27,1.9638372194836755,1.3447326306387555,1.4399063767579392,1.3846555167160957,0.6625248154805251,2.935490456262121
2025-02-28,1.9780257190404464,1.3511723476512916,1.4472846678908398,1.3977668100925515,0.6669682257085444,2.9812697764621827
2025-03-03,1.9684653326729782,1.3487238956123686,1.444734269942351,1.3857125495104459,0.6618089805236893,2.929059916300909
2025-03-04,1.9530489743772879,1.342782599973335,1.4378573231136789,1.3767234498120928,0.6580595705823558,2.8943554149229365
2025-03-05,1.9650239474996594,1.3457563625321614,1.4421122754590463,1.3866320808489374,0.6583023478513191,2.925487394100236
2025-03-06,1.9479520210401673,1.3400097237470279,1.4352364696470752,1.3618549492496814,0.646541562414193,2.873532714096153
2025-03-07,1.9568930366815642,1.3432908559986003,1.4386659840445375,1.3655926963079994,0.647841984701793,2.8896601000306226
2025-03-10,1.937810971037405,1.3382649904818311,1.4323571786049865,1.3464939288487463,0.6432819435283645,2.8126977646218236
2025-03-11,1.9276864011747195,1.3340007002679475,1.4268096215417547,1.3412785607091562,0.6454301184039538,2.78932326222313
2025-03-12,1.9267382384092222,1.332363534682149,1.4251713773718306,1.347541937463641,0.649254684976264,2.804123711340207
2025-03-13,1.9186520777589309,1.3306038814593906,1.4224209325414765,1.3413094181094034,0.6455618988516332,2.7667143002960097
2025-03-14,1.940998158264819,1.3374777916510394,1.4308445588735281,1.3570444447127605,0.647934121362254,2.8238746555067884
2025-03-17,1.9575186966949347,1.3435679119342858,1.4380604528964438,1.3683662055501322,0.6493382120893613,2.845667040930898
2025-03-18,1.9514976450911472,1.3419558350583927,1.4359423718960709,1.3596621859279092,0.6452639310188584,2.8148923139736657
2025-03-19,1.9638025070776581,1.3475250007305182,1.4424119775551607,1.3688245928397342,0.6463035389439294,2.845564968868021
2025-03-20,1.9603040953811963,1.3465958790286106,1.4409559220105657,1.3672769119999673,0.6460426899220256,2.8373481678064723
2025-03-21,1.9525730992729753,1.343687535422867,1.4375195629539703,1.362123938553616,0.6480516467081355,2.8382668163723594
2025-03-24,1.9660782932043934,1.346422371983013,1.4415090571145674,1.3656310733412529,0.6483516064606527,2.889098703684802
2025-03-25,1.9644182332621445,1.3459653811502912,1.44072565756379,1.357423961500148,0.6448592272900228,2.896039603960397
2025-03-26,1.9589101990418052,1.3439507328963833,1.43798220431408,1.3596102566825412,0.6451508067923104,2.8614371746453
2025-03-27,1.9589372482929648,1.3446753515947112,1.4382694798836013,1.3658357512996144,0.6493147812435937,2.8538838419924475
2025-03-28,1.9470634988998694,1.3432298501745663,1.435578934844575,1.359755360377399,0.65290007166034,2.7963662345616007
2025-03-31,1.959843360091978,1.3492638687917584,1.4418502621444025,1.3718987814084873,0.6521429816809016,2.8151474941308567
2025-04-01,1.96390602378176,1.3509398281418792,1.4438717622148094,1.375175030840095,0.6520132068389317,2.823109115035215
2025-04-02,1.972371107341549,1.3533690882400915,1.4471148835601781,1.3858897695522947,0.6548244910034182,2.8409717260385836
2025-04-03,1.9224509644775167,1.339834756890646,1.4296442155214102,1.3489462783877741,0.6569963243526908,2.700979891803614
2025-04-04,1.8434810994247057,1.3164407113345828,1.3967182735101278,1.2915509242392633,0.6524734791419918,2.5428702664080842
2025-04-07,1.8179080683436355,1.3052597731019016,1.3826230572932976,1.278764560511307,0.654042107464813,2.538328059610085
2025-04-08,1.7945920130742252,1.297180481043976,1.3717479648669946,1.2777745428693026,0.6651767847462515,2.4985709911197307
2025-04-09,1.8908094853673538,1.3230068974560367,1.4104558269101197,1.3260498605945172,0.6555471537848545,2.7609472287434933
2025-04-10,1.85232102689561,1.3133276886949956,1.394946114012176,1.322251861505845,0.6681548464340515,2.6399918342349697
2025-04-11,1.877806313339912,1.3172540134578046,1.4030665995710279,1.3367714423877999,0.6691643412973579,2.6870980912524245
2025-04-14,1.8934823261195954,1.3232623590051364,1.411415221269414,1.3479617817412797,0.6719545190976507,2.7131264672859046
2025-04-15,1.8933853664624354,1.3238815582743853,1.4121651953234475,1.350865645220519,0.6741532218250368,2.7055731346330516
2025-04-16,1.8859415928907335,1.325109236181336,1.4118542169825161,1.3588454221050925,0.6785717150873258,2.6454016535674194
2025-04-17,1.8955523404892605,1.3270708309499986,1.4155706199367586,1.3605511581326193,0.6754530914009493,2.6491783198938457
2025-04-21,1.8719507832659348,1.3211091544033544,1.4056599272222656,1.352462113329263,0.6783628196986861,2.586148821067674
2025-04-22,1.8989830288288243,1.3266993318781386,1.4155684187953526,1.3683512085377187,0.6820984189373716,2.6534143105032153
2025-04-23,1.907341753792252,1.327390492665736,1.4181372071850233,1.3673297679687906,0.6875544493134301,2.694549351842401
2025-04-24,1.9296170567216844,1.3340283237727286,1.427802530165203,1.3831435266299859,0.6892832955942779,2.7512503827702357
2025-04-25,1.9323784980681349,1.3355329470131212,1.4296721070534597,1.3789011302187206,0.6860988716729539,2.771103398999694
2025-04-28,1.9383350355463702,1.338654997048367,1.4331324123587958,1.387791897703779,0.6898523504709543,2.7721751556598955
2025-04-29,1.9444930200685346,1.340654621958987,1.436237113941699,1.3906283443981284,0.6904176607583441,2.789629478411759
2025-04-30,1.9400507710192167,1.3401144664792208,1.4347769271459605,1.3891970084049072,0.691909462556156,2.7907522711033996
2025-05-01,1.936359661593354,1.3362592386790177,1.4309819608953585,1.3791448662755046,0.6903154491658592,2.810554251301419
2025-05-02,1.9543537406626028,1.3375120297022485,1.4354674324707992,1.3857399168309243,0.689892130217502,2.8522506889864245
2025-05-05,1.9511360656206111,1.3373025649038868,1.4343971627230943,1.393896149475629,0.6956605760596417,2.835919158926202
2025-05-06,1.949325270069398,1.3390432873626055,1.434943335991644,1.4090737375098124,0.7037502998562802,2.812187404307441
2025-05-07,1.9497843174656442,1.339166727019302,1.4353803328254633,1.4076711214666775,0.7036504551187976,2.824027763601103
2025-05-08,1.9508718750030285,1.3359492866795732,1.4329302910780433,1.3969056269571878,0.6930590090450582,2.843676635704808
2025-05-09,1.9547959436885298,1.337337979068016,1.4345475736844397,1.4001947620447153,0.6928479538274039,2.840053077472696
2025-05-12,1.9773535769505775,1.338799437410618,1.4403883454712243,1.393953617877276,0.6849853873302093,2.9339083392875374
2025-05-13,1.9791730763985582,1.3386515502576501,1.4400524803656045,1.3898987607989743,0.6765346894270762,2.953302031234051
2025-05-14,1.968843226106516,1.3343427196309972,1.4344324596306552,1.3779835747121596,0.6720213163718678,2.9570786975604775
2025-05-15,1.9841644130040557,1.3405776082761731,1.4426704003726591,1.4000248402032314,0.6821829806041196,2.9715218944574873
2025-05-16,1.9933143783215255,1.34229136101903,1.4462885497899158,1.4049330505956772,0.6859482727557521,2.990354190058181
2025-05-19,1.9960549648464025,1.343417212009615,1.447635620635342,1.4109687174944259,0.6913638669301074,2.9936204960702257
2025-05-20,1.9957821120830683,1.34391714255274,1.4476656160151558,1.414488048576731,0.6940784790107306,2.983566397876901
2025-05-21,1.9713727444991296,1.336934291275031,1.436683788315564,1.405079919643183,0.6944321585735528,2.933295906910278
2025-05-22,1.9678632980160904,1.3369253315843237,1.436327493938117,1.4026464325915773,0.694857543884195,2.9344186996019186
2025-05-23,1.970825074651979,1.3392428100658826,1.438513257411661,1.4109744744028176,0.6983195473228383,2.9144125752781456
2025-05-27,1.9897291637837793,1.3438408005738336,1.4465377625229812,1.4212411879106295,0.7025352627686843,2.9749923445952833
2025-05-28,1.9781212981006968,1.3403281343231555,1.4415087010960028,1.4123409233541842,0.7017310409351232,2.9577932020006115
2025-05-29,1.985936381126384,1.3436703462974127,1.4457980941081137,1.4187503810413122,0.7027511336163978,2.969480453199959
2025-05-30,1.9850374096938677,1.3446129256111548,1.4468273177417756,1.4211891209456244,0.7044623305892388,2.9661631111564764
2025-06-02,1.9938832449799044,1.3463606662016574,1.449118223490531,1.4300484214209968,0.7071844776188382,2.982851893436766
2025-06-03,1.998702462956122,1.3467910428755576,1.4504036137397662,1.4275762868100188,0.7016304848930328,2.999846891905685
2025-06-04,1.999971001410914,1.3498082620617984,1.453272129671774,1.4298785667569616,0.703848207404598,2.999030315402674
2025-06-05,1.9940763848011456,1.3474051271508534,1.4502631187062487,1.4171153613045333,0.6996526408331747,2.9845360824742264
2025-06-06,2.00027504107191,1.345787572345532,1.4500674595140153,1.4225232810384312,0.6974453890885928,3.0152087373685816
2025-06-09,2.003243042632386,1.3472809961723677,1.4516990676873447,1.4239618835280823,0.6950565773581162,3.0179136470348062
2025-06-10,2.0116564523621547,1.3494062802810791,1.4550864676628146,1.4275395173919778,0.6907997725081595,3.035010717566601
2025-06-11,2.013936900163881,1.352025027717305,1.45735241355643,1.4284014633020086,0.6891044749357953,3.0263856282535464
2025-06-12,2.0230325271214546,1.3559840629120163,1.4622773513294205,1.4354976789046046,0.6892817777187543,3.0384301316729605
2025-06-13,2.0138054980168745,1.3535081135995146,1.4576639732172956,1.4285205309464066,0.6849405335092242,3.004440134735123
2025-06-16,2.0173629478454833,1.3530255763136247,1.4581473698259297,1.4304440905816767,0.6882039589109898,3.0330203123405113
2025-06-17,2.011107396000968,1.3533251435772622,1.4569624902723743,1.4235579221218073,0.6807130030834526,3.0070940083699083
2025-06-18,2.0107733835856747,1.3536979058374379,1.457399833795452,1.4220234407895957,0.6803537112432391,3.0066346840869644
2025-06-20,2.010985903018238,1.354608733827532,1.4582315199452045,1.4239514722217639,0.6797357447100776,2.9995917117484936
2025-06-23,2.0192689339333714,1.357127814257288,1.4623803214528577,1.4362820705430595,0.6975884134927991,3.0291926099826467
2025-06-24,2.0275320532812233,1.359173689016598,1.4665248146961811,1.4365328961288129,0.6939571916485868,3.062672246606103
2025-06-25,2.0187507660041533,1.3573167187839013,1.463039672873562,1.4306221032370867,0.6882426605736075,3.064407471675002
2025-06-26,2.0299784791717994,1.3611873595639628,1.4683237078925846,1.4371163411525325,0.6898031213618724,3.0883944064509534
2025-06-27,2.030171199966042,1.3597368583505278,1.4676352132386425,1.4349404128423702,0.6924787117318922,3.103705215882412
2025-06-30,2.0379217046919096,1.3633634011898461,1.4721782298879775,1.4435395503388815,0.692881327095432,3.1185567010309265
2025-07-01,2.0475241455620297,1.3651020652762291,1.475268943938629,1.4502500826012825,0.6926802970676419,3.1175359804021627
2025-07-02,2.0539805291662376,1.366414905909948,1.477027248014221,1.4502828520069002,0.6893437121177296,3.1316729611105427
2025-07-03,2.057398464595546,1.3655655507894322,1.4770208712785764,1.453057530781913,0.6926900703314034,3.1563744003266296
2025-07-07,2.0448201154907366,1.3619629896465357,1.4714539824608108,1.4479956190407266,0.6941014824314062,3.132846789833622
2025-07-08,2.0459623136721805,1.361427094059571,1.470993259158979,1.4417180480522145,0.6840623205687842,3.1311115647647227
2025-07-09,2.0528868652385306,1.3644632006859816,1.4749995724198524,1.450370877289299,0.6885422751527269,3.149892824333979
2025-07-10,2.0590139197055204,1.3657058203012082,1.4770764653535244,1.4563001189150566,0.6915287861417042,3.158773093804225
2025-07-11,2.0535067507862843,1.3639944295539561,1.473873959040755,1.4521525786808969,0.6898889255109653,3.1476982749821367
2025-07-14,2.0531299912672614,1.3636307856194232,1.4738571550761543,1.453815320493876,0.6952829619659436,3.1536694906604055
2025-07-15,2.0374083267776397,1.3585059445783907,1.4665479358339462,1.4383651234703676,0.6954459293141976,3.140195978360722
2025-07-16,2.043871979562799,1.3615509494186453,1.4703277739332727,1.4452733189117015,0.6955637399690169,3.1507094008369907
2025-07-17,2.0506588083775315,1.3630935517569045,1.4727916542062627,1.4496419755651848,0.6990118983993076,3.1700010207206284
2025-07-18,2.052594423512343,1.3645823625212365,1.4744067760864417,1.455718121652132,0.7040295075213667,3.1676533632744714
2025-07-21,2.05660845110461,1.3670404104642895,1.47709432480999,1.4612728983869259,0.7049519760805837,3.173675614984179
2025-07-22,2.0687093545982,1.3711612250695464,1.4828157461409701,1.469107431865959,0.7049863117151254,3.1741349392671228
2025-07-23,2.077369181332506,1.3713864340445943,1.4848757285713492,1.472993463254483,0.7063639713685544,3.201132999897928
2025-07-24,2.0714098197711053,1.3690578494171268,1.4818733112641067,1.4713603398354551,0.706325052226313,3.2022047565581304
2025-07-25,2.0752701542548255,1.370189480450028,1.4839715581326993,1.4719320826892135,0.7053136772763073,3.215729304889252
2025-07-28,2.0670501624711135,1.367675670901201,1.479886773379635,1.461822932433982,0.7038854484338727,3.2149127283862406
2025-07-29,2.073099361657517,1.3715315518476388,1.4841329005648254,1.46503231346731,0.7039480654691093,3.2064407471675005
2025-07-30,2.060862252662171,1.3668978999786834,1.478362336401048,1.45699301025543,0.7034813161556516,3.202408900683883
2025-07-31,2.049979000052795,1.3645000080791672,1.474512222876461,1.452838568071982,0.7070793096487726,3.190364397264469
2025-08-01,2.0427889930868712,1.3684859408170855,1.4768044170369223,1.4455006672250765,0.7030208452496178,3.138103501071757
2025-08-04,2.0583608906516404,1.372755794014986,1.4833556406435136,1.4596633060661237,0.7077055037901913,3.185771154435032
2025-08-05,2.056326857007511,1.3717070823314845,1.482350689443081,1.4579409151447513,0.7057097674700097,3.1696437685005616
2025-08-06,2.056530889324137,1.371706377927097,1.4824164887324787,1.4663221385900966,0.7180680279695415,3.1939369194651435
2025-08-07,2.0589360988601335,1.3722576400770516,1.4831524842939414,1.4662566792297465,0.7175710075159496,3.191232009798919
2025-08-08,2.06192837315049,1.3722723614532613,1.4834863763964032,1.4732878761660402,0.7210555997779289,3.2161375931407585
2025-08-11,2.0570961577631905,1.3709470542552802,1.4818730130111382,1.4657983152896512,0.7177500444277325,3.2097580892109843
2025-08-12,2.068345565630849,1.3737380733640587,1.486354918849423,1.4750604589543859,0.7208511877652342,3.243952230274575
2025-08-13,2.081679903781482,1.378507313448174,1.4928472406324163,1.4791187600387639,0.7163642937969019,3.2550270490966633
2025-08-14,2.074137356720475,1.3751280393282728,1.488466995702703,1.470793523020559,0.7142551704396558,3.255333265285293
2025-08-15,2.073129598870041,1.374283552225572,1.4878143974699511,1.4669058834220463,0.708676050342062,3.2477288966010023
2025-08-18,2.0709443641096823,1.3734720736103607,1.4865976687307525,1.4667433414699693,0.7115215804023598,3.2470143921608674
2025-08-19,2.073660670838552,1.3746692568326893,1.4886397734790071,1.4652752443102752,0.7068145102734735,3.22940696131469
2025-08-20,2.0779273095904944,1.3769471293318694,1.490871600961334,1.466201087855561,0.705115827804144,3.2208329080330738
2025-08-21,2.0725251840772754,1.374404521528083,1.4874994086352447,1.4594433458243357,0.7010601399235973,3.20792079207921
2025-08-22,2.0977181074856226,1.3832584813685989,1.4993585302159287,1.4840549191863779,0.705090678888833,3.2571705624170684
2025-08-25,2.0869131197233566,1.3795918171392756,1.494081038694753,1.4757581359081249,0.7033390100702024,3.242829437582935
2025-08-26,2.0901739979157234,1.3810710649279863,1.4959389301347952,1.48420015419573,0.7077107066336202,3.2564050219454947
2025-08-27,2.093182639391284,1.382489514557701,1.497519984804106,1.4866574885323014,0.7060316204536503,3.2638052465040337
2025-08-28,2.096717306484168,1.3838893244027144,1.4989118901216556,1.4881858858374075,0.7059310901715022,3.2753904256405035
2025-08-29,2.09425976667317,1.3838120276182095,1.4980452696788122,1.4858307287727126,0.7004653348968121,3.255843625599675
2025-09-02,2.089002535950555,1.3830025117905287,1.4953722378322338,1.485347383773778,0.6972248073957973,3.2317035827294087
2025-09-03,2.0884721692350574,1.3842455802674767,1.4967411985278207,1.4905505395051069,0.7043927610026123,3.2492599775441473
2025-09-04,2.0973711264001267,1.3873046171056214,1.5013338518903225,1.497738505526602,0.7066191608760827,3.2764111462692678
2025-09-05,2.1007868834552803,1.39028638642151,1.5046644086693448,1.5001169230140758,0.7059561079499672,3.2669184444217634
2025-09-08,2.1064168840640156,1.3933087102714543,1.5076770918138969,1.5050589968119623,0.7067833723688083,3.2749311013575606
2025-09-09,2.1052770661143447,1.3922767536424354,1.5064361929114511,1.508010035938434,0.7105442795204425,3.282484434010413
2025-09-10,2.1113339915734017,1.3946316941465846,1.5090911320503284,1.5204512262428689,0.7179068299504522,3.291977135857918
2025-09-11,2.1281131924934424,1.399250220207164,1.5163534849782054,1.53177489522365,0.7182565890879856,3.3193324487087907
2025-09-12,2.123063441046652,1.3977396885535474,1.5138974037668682,1.5320995580359453,0.7223695398271541,3.3182096560171503
2025-09-15,2.126813764906349,1.3998714133331953,1.5159816618127602,1.5407311257717557,0.7282567741644536,3.3359191589262047
2025-09-16,2.127931031859411,1.4009107740170497,1.516421084736711,1.5418228370866134,0.7279633993490211,3.331325916096767
2025-09-17,2.126529036789659,1.3993306596784147,1.515254523970733,1.5403971047848455,0.7262648287287604,3.3271919975502726
2025-09-18,2.1260969824493943,1.3979034620873592,1.5142735271629129,1.5491422635083305,0.7306826131420444,3.342706951107484
2025-09-19,2.125538745494802,1.397835996816824,1.5140519467662947,1.5571182236387533,0.7387770925136572,3.359293661324898
2025-09-22,2.1287830126280207,1.398417602832231,1.5146000043536674,1.5672742003397526,0.7441984179989172,3.375165867102177
2025-09-23,2.1326333474231682,1.4008331408881138,1.5168373548515532,1.5668895906899056,0.7411054165504042,3.3567928957844266
2025-09-24,2.128729571579885,1.399114467646751,1.514410676172366,1.565659432266406,0.7432206927709772,3.3461263652138435
2025-09-25,2.1200641753395324,1.3962859548409408,1.5100478378033388,1.558314607570861,0.740496901073992,3.3306624476880704
2025-09-26,2.1321263498342398,1.399895266956061,1.5149679736182537,1.5683495820225817,0.7412278566927614,3.3497499234459553
2025-09-29,2.137609555439154,1.4023655953911045,1.5181164575849884,1.5803781158569148,0.7512115652468366,3.359191589262022
2025-09-30,2.1421208551576503,1.403830599224247,1.5200330977835448,1.5838116502017932,0.7502159522597636,3.371797489027256
2025-10-01,2.1492105085162585,1.406997445508265,1.5239372896536498,1.5877365309814784,0.7489979167436185,3.3833316321322884
2025-10-02,2.1480803247029945,1.40656197913052,1.5238101133107556,1.582107968866886,0.7466182396497857,3.3872103705215917
2025-10-03,2.1534888548831446,1.4079036786352077,1.525481438944333,1.5862548874353084,0.7451873298208576,3.387159334490153
2025-10-06,2.157655654294778,1.409131595426628,1.5261852453275035,1.6006763210767563,0.7556726884743578,3.3993059099724436
2025-10-07,2.1556283806085004,1.4099528500575378,1.5262669323177793,1.5935797375394665,0.7509203958909791,3.38670001020721
2025-10-08,2.1612435649834856,1.4116047000967435,1.5279192271594302,1.6064310088050986,0.7581597137932822,3.406910278656735
2025-10-09,2.148512898193939,1.4073147133728698,1.5227653132124865,1.5934882715261613,0.7565272287324966,3.397009288557725
2025-10-10,2.1215904136210364,1.4023007280323523,1.514682050572983,1.5596887142741185,0.7482578837525932,3.305195468000411
2025-10-13,2.142976701988823,1.4099315007044804,1.5239109627799374,1.5976359797978663,0.7656723621734214,3.3559252832499773
2025-10-14,2.1498724222172334,1.411915296950318,1.5271764392475384,1.6005688582843647,0.7627306941633246,3.351842400734922
2025-10-15,2.1583097230249138,1.4143580480325724,1.5303782523211773,1.6182260544032532,0.7715099139009439,3.366693885883437
2025-10-16,2.153765383563821,1.4151262248444365,1.5297412140167987,1.6266543778915021,0.7791504971858365,3.343778707767687
2025-10-17,2.156913947143671,1.415262001797285,1.5307933325405312,1.625481247240592,0.7763266208170245,3.362764111462696
2025-10-20,2.1754436380994866,1.4214851359704996,1.5380885222519605,1.6508684871357509,0.7840457661601968,3.39772379299786
2025-10-21,2.165315761790242,1.4175318755650512,1.5344833845071033,1.625701587692673,0.7723033170354813,3.3976727569664216
2025-10-22,2.165482533681439,1.4184262779671222,1.53480152269677,1.6186727378139167,0.76586252235583,3.380014290088806
2025-10-23,2.1741296317939844,1.4199332633466548,1.537021231244965,1.6258463326124022,0.7665040698484236,3.4000714504440173
2025-10-24,2.1778619744126524,1.4214864228762814,1.539196197682821,1.6377984469133993,0.7741476380732233,3.4278350515463956
2025-10-27,2.183556736594176,1.4223991742458884,1.5415872858732047,1.6371670037112676,0.7744493266726359,3.4683066244768845
2025-10-28,2.174396774887397,1.419584350450884,1.5379573847241055,1.6310302371171554,0.7758313324250348,3.4774931101357596
2025-10-29,2.161417683688182,1.413575496588357,1.530319526887067,1.6262071467926946,0.7775560728177113,3.47917729917322
2025-10-30,2.1545054864174618,1.4117400941462313,1.5271669110064714,1.6210745693178863,0.7774299911188317,3.4409002755945735
2025-10-31,2.156407379518161,1.412119460075154,1.5274023926242875,1.6266482204164094,0.7802447271676669,3.4521792385424144
2025-11-03,2.1562852468572076,1.4118629917614969,1.526565601832195,1.629931255792154,0.781795436158359,3.458660814535066
2025-11-04,2.144206587310096,1.409122824467533,1.5231801666272327,1.6036358048561536,0.7694826060210758,3.4176788812901946
2025-11-05,2.1489453212433123,1.4088290212348031,1.523538483087283,1.6155893372639991,0.7755489256263673,3.4295192405838564
2025-11-06,2.143705090443433,1.4095412101109799,1.5235066580279397,1.6018391273959744,0.7696597000004913,3.3927222619169175
2025-11-07,2.1536399518908325,1.4126407581415852,1.5275441180632252,1.6072467652166917,0.7649977591943681,3.3960906399918382
2025-11-10,2.1693559658931685,1.416980377327184,1.5328382975173516,1.640439512773932,0.77853399853348,3.449066040624685
2025-11-11,2.181047436303987,1.4216421627714275,1.5385431447446778,1.6398246087819184,0.7701550610019982,3.4569766254976053
2025-11-12,2.182896372257411,1.421693392745102,1.538773899082487,1.6474397983606208,0.7715622009770761,3.4588649586608184
2025-11-13,2.163948055714341,1.4155267463641734,1.5306858916338155,1.6181638994287837,0.7563848672482366,3.401500459324287
2025-11-14,2.16019455860712,1.4141298367201276,1.5290349367147131,1.6135153966811666,0.7538876849412048,3.400939062978467
2025-11-17,2.145550011239854,1.4106338602895045,1.5240948192046202,1.6031177874865905,0.7528819534584777,3.3692456874553476
2025-11-18,2.1431220589802704,1.411252032157399,1.5239308292586744,1.5896905973121522,0.7422222022288663,3.3409717260385876
2025-11-19,2.138696820950201,1.4093530993938472,1.5219533011025703,1.59148149392216,0.7458559153227693,3.3538328059610127
2025-11-20,2.123404081521173,1.4065583764216927,1.5176022027179148,1.567509010670486,0.7367444819557477,3.302745738491379
2025-11-21,2.13983449280496,1.4118969663025842,1.5251328790387542,1.5740893057002283,0.7338534794456125,3.335612942737577
2025-11-24,2.1505945151123926,1.415340579564678,1.5293440839326158,1.594198345371645,0.7459300765208176,3.384709604981121
2025-11-25,2.1643614118659737,1.4196297155811315,1.535518229168426,1.5993023569462848,0.7396243425019319,3.4165560885985546
2025-11-26,2.1786125455857084,1.4241648692938604,1.5411645439419104,1.6151369225784569,0.7454570852705189,3.4401347351230003
2025-11-28,2.187881888844247,1.4266633501439263,1.5439954683690271,1.626508954715809,0.7481590606057472,3.4589159946922563
2025-12-01,2.1775200202187115,1.422142022266309,1.5380655687727351,1.6182471425554923,0.746379523790734,3.443145860977854
2025-12-02,2.174021899983216,1.4214246233897145,1.5373727779674804,1.6134900916558368,0.7497248467546758,3.4495253649076285
2025-12-03,2.183840619241146,1.42470113602705,1.5415021401071063,1.6129193180659251,0.7465155962869653,3.4614677962641665
2025-12-04,2.1819649688507985,1.4232111890637928,1.539933990400483,1.608823810390934,0.7461693875315464,3.463968561804638
2025-12-05,2.181110622317603,1.4224476443560403,1.5389961196480355,1.60569806076568,0.7460480854793528,3.4705522098601644
2025-12-08,2.1685708654271143,1.4180004128737633,1.5335704634619405,1.5935406082456258,0.7461564820669202,3.460140859446773
2025-12-09,2.166527003619564,1.4170692687956012,1.532205901707876,1.5926703007368297,0.7447532443276638,3.457180769623357
2025-12-10,2.183531277467427,1.4232033058568387,1.5399738808135959,1.604216250647547,0.745769879922446,3.480095947739107
2025-12-11,2.1926643755515105,1.4256068209721227,1.5432629439461352,1.6136111400295472,0.7458502825393427,3.488159640706342
2025-12-12,2.184184771176376,1.4224784124911847,1.5394136997359797,1.6074135242188183,0.7401272329197216,3.4506991936307068
2025-12-15,2.1870496508400614,1.4237480934362536,1.541165548067353,1.605632982245752,0.7383285391573209,3.4454424823925724
2025-12-16,2.1777791176349655,1.4218755160822838,1.5386968627826423,1.6020248702180524,0.7374641434120611,3.4360518526079447
2025-12-17,2.1753204854632973,1.4218771609210499,1.5377467778431833,1.5936251267593462,0.7341240230302071,3.398234153312242
2025-12-18,2.180334193784112,1.4238886686742547,1.5406092126196336,1.6061061392451255,0.7393721836383782,3.423905277125654
2025-12-19,2.1845707540345867,1.424261306513348,1.5411871625484967,1.618850183629243,0.7472286432309105,3.4549351842400773
2025-12-22,2.1971666563080254,1.4275713332317783,1.545055861045445,1.6358193925984676,0.7534868938928166,3.476472389506995
2025-12-23,2.202795636438793,1.4293084241564993,1.5468878738600922,1.644169447735515,0.758665314003039,3.492344595284274
2025-12-24,2.208763429957842,1.4319398124502558,1.5502955404186682,1.6467281423656024,0.7594860089805945,3.5046442788608796
2025-12-26,2.211066318526227,1.433194112565227,1.5514024696226714,1.6512906323730088,0.7617397652880346,3.504287026640812
2025-12-29,2.203124707267423,1.4310870775414009,1.5495617035172724,1.6318035944542841,0.7551411837203611,3.491783198938454
2025-12-30,2.2038836191235798,1.4314716962346246,1.549871125654827,1.631057159095053,0.7529424247165125,3.4875472083290844
2025-12-31,2.1903143222178243,1.4265136224008632,1.5440270714074797,1.6191138351704062,0.7511807810241149,3.4616719403899188
2026-01-02,2.203297194795691,1.4300417397675529,1.5487659414439572,1.6293575163062746,0.7565608842862256,3.4680514443196935
2026-01-05,2.221198193745734,1.435989022677039,1.5555298020399553,1.6441917834371929,0.761025512042577,3.491119730529758
2026-01-06,2.2308153642151645,1.4382942426824705,1.5588584154985752,1.663335280415422,0.7700791953844506,3.5118913953251036
2026-01-07,2.216679230782162,1.434571487603136,1.554083300498198,1.654061792414784,0.771214202040769,3.500561396345824
2026-01-08,2.227955288569468,1.4371959568819537,1.5573172135557452,1.6508839952778498,0.7615562828711838,3.500204144125757
2026-01-09,2.2403087750916337,1.4407338112139585,1.5619012870758382,1.6681966029241704,0.7636406206789458,3.5233745023986973
2026-01-12,2.2479475056609943,1.4430132513278848,1.5643885221605,1.683812003549907,0.7695588927003739,3.5288863937940227
2026-01-13,2.2500359975634106,1.4443883085679345,1.5655878274831356,1.6687582425870098,0.7607599492521651,3.521843421455552
2026-01-14,2.2574937002172937,1.447468379999095,1.5690028063277013,1.6727708621808193,0.7567340315347137,3.5045422067980034
2026-01-15,2.2595128119046897,1.446917252199575,1.5691453893325005,1.6721150797644586,0.7580641411336027,3.514085944676946
2026-01-16,2.2569431219226725,1.4451771032446123,1.5675501292498808,1.6659596702086177,0.7561852514008927,3.5111258548535313
2026-01-20,2.2410844612825263,1.4410896224874274,1.5607017663662937,1.6612473691869667,0.7549343196955174,3.439675410840058
2026-01-21,2.264548272265354,1.4482080464638478,1.5696010260065396,1.6831848129985436,0.7590481025028103,3.479381443298973
2026-01-22,2.2698831558146284,1.449495860149201,1.5710525239692992,1.6986359559893804,0.767049604510835,3.497550270490971
2026-01-23,2.2757219010720044,1.4520597529626371,1.573345905796504,1.7070265145988723,0.7668220340964759,3.4987751352454874
2026-01-26,2.2818769641530783,1.4544551273111814,1.5758798930372648,1.7165807626547571,0.7712409228599278,3.516586710217418
2026-01-27,2.292330975999448,1.457367629599153,1.5789363919944313,1.743704187684877,0.7821239984280117,3.530570582831483
2026-01-28,2.29405744308656,1.457962708302747,1.578352743967421,1.7574398686757824,0.7857509092112223,3.530213330611416
2026-01-29,2.2988324632863097,1.45977797142145,1.5804630400567996,1.7597268688742738,0.7841621917929648,3.523221394304383
2026-01-30,2.276910472353813,1.4534850689973648,1.5747908973611078,1.7087713156563775,0.7569093674152315,3.5127079718281142
2026-02-02,2.2707606895193884,1.4507090875162518,1.5729821337992553,1.6991815427352115,0.760675049354512,3.5301622945799775
2026-02-03,2.2874237779474167,1.4555139830669301,1.5774862903007,1.7206434057244446,0.7631043850688397,3.5003062161886334
2026-02-04,2.2926644078086453,1.4570789214585846,1.579414000609921,1.7037658641773943,0.7540734615354917,3.483362253751152
2026-02-05,2.274883099330333,1.4551973709160229,1.576514038867963,1.676743294562593,0.7448062837361416,3.4398795549658097
2026-02-06,2.308184226128958,1.463248852061774,1.5871771758599051,1.7271502889675983,0.7625645429846523,3.505869143615396
2026-02-09,2.3178401146739733,1.4653729946722223,1.5898946469539033,1.7522301559900897,0.7716655060543224,3.522762070021438
2026-02-10,2.3221705394826575,1.4675205117820456,1.5927830109750205,1.7450834947258014,0.763443253030544,3.5134735122996865
2026-02-11,2.332512784468487,1.468940782593726,1.5947474476646006,1.756124654679623,0.7705521245537988,3.5126569357966755
2026-02-12,2.315830757077171,1.4676618521870384,1.5926606380429773,1.7300554556528966,0.7564431411930564,3.4584056343778737
2026-02-13,2.3317384517290094,1.473257901408673,1.5992726164076783,1.7466255665377923,0.7595899093077012,3.4608043278554694
2026-02-17,2.3238821463736095,1.4710077123239957,1.5972919676322013,1.7326702521644515,0.7514852890975682,3.466418291313671
2026-02-18,2.332652998384139,1.4721875011819576,1.5985365985063262,1.7503882022877666,0.7605780749006482,3.483872614065534
2026-02-19,2.33301153816722,1.4725624601330711,1.598809257321652,1.7507103858228608,0.7588592342771873,3.474686128406659
2026-02-20,2.344041236626992,1.4750310906542368,1.6021061838343162,1.7735012789880598,0.7667003231652696,3.499795855874251
2026-02-23,2.3411207164810466,1.475902777623106,1.6017966843554898,1.7750411625314064,0.7725922128530536,3.464070633867514
2026-02-24,2.350125683592396,1.4779565048112517,1.6047419777392562,1.78696674403403,0.7774961981711224,3.489231397366544
2026-02-25,2.354268540425265,1.4785798183733156,1.605852724849071,1.7896343995857469,0.7787164442021518,3.5186791875063834
2026-02-26,2.3555869207251368,1.4795019469841788,1.60673534295975,1.7952938593168133,0.7808970904851203,3.499132387465554
2026-02-27,2.363580432566106,1.4831440615285498,1.6102410687563662,1.804097163337128,0.7860051783958234,3.482341533122388
2026-03-02,2.359884815945307,1.4797535330351894,1.6060271648308493,1.8053755789371608,0.7878554639045282,3.4843319383484777
2026-03-03,2.3300633730574747,1.4728331678006612,1.5966422737109607,1.739329604331121,0.7555328512734913,3.453608247422684
2026-03-04,2.339461430915591,1.474403710647558,1.5991910520897075,1.7540577132458801,0.7614171391059175,3.4780034704501412
2026-03-05,2.320187124531522,1.468690169941494,1.5910539189764745,1.7262829927629226,0.7471742067535878,3.4586097785036265
2026-03-06,2.3113278845617686,1.467169279145202,1.587156620864786,1.7213451886639894,0.7400301636185842,3.413238746555071
2026-03-09,2.3200015249402433,1.4704714055745967,1.5921015387693775,1.7302929609032671,0.7472375670929872,3.4431458609778534
2026-03-10,2.3158994841088987,1.4680900832507084,1.5886861657855826,1.7294900197708416,0.7444494402173271,3.437633969582529
2026-03-11,2.312042268747683,1.4651484870782185,1.5844995318964592,1.7370947536591548,0.7477684616200226,3.433295906910282
2026-03-12,2.2928296819273912,1.4595755400049713,1.5761067922162149,1.704022468505544,0.7315512361214687,3.381188118811884
2026-03-13,2.2866411114762193,1.4580868831573306,1.5740387802769265,1.695768174544096,0.7305724814901877,3.362049607022561
2026-03-16,2.302258388656917,1.4631227150684483,1.581202731860497,1.715522430523501,0.7383476134384697,3.396243748086152
2026-03-17,2.3097624438701327,1.46636185249585,1.5847575776135507,1.7174933251180178,0.7351685096225105,3.405175053587836
2026-03-18,2.2836417027301636,1.45835421782794,1.573842544783451,1.6824282645326687,0.7200205213807844,3.3576605083188755
2026-03-19,2.2748156655169636,1.4563978880638564,1.572341043715398,1.6608762864929612,0.711666317507781,3.349392671225888
2026-03-20,2.2386335575995533,1.443488521474161,1.5558125629902317,1.6309210411634654,0.7048307003861388,3.3015208737368607
2026-03-23,2.253156933988524,1.4472364194391572,1.56355765436907,1.6409540032670953,0.7061644182665342,3.3362253751148336
2026-03-24,2.255366256838333,1.447242954074952,1.56239245018177,1.643694956559328,0.708904536813377,3.3249974481984306
2026-03-25,2.2714937613297317,1.4526642771984724,1.5692854928546074,1.6646740305736716,0.71521385281324,3.343523527610495
2026-03-26,2.248623681519176,1.445098812782747,1.5590256310323871,1.6396247387494567,0.7049397669821967,3.2838113708278063
2026-03-27,2.2428518437697496,1.4453321278826203,1.5566013543446904,1.6539156196773281,0.716856333514852,3.2278248443401063
2026-03-30,2.2447534257549626,1.4488793575533228,1.5600303370392061,1.6390805481465507,0.7042819078620066,3.217056241706647
2026-03-31,2.2782678792772515,1.4577226943442405,1.5728390720918137,1.6915934000451194,0.7202827894823223,3.310554251301421
2026-04-01,2.2849380080898993,1.4578810135939657,1.5750685642280635,1.6893118468680997,0.7186797634837434,3.3355108706746988
2026-04-02,2.2866179960312456,1.4616214313525124,1.5774262647166308,1.6909655643735557,0.716439330880079,3.3385219965295523
2026-04-06,2.291838025663622,1.4627034201599862,1.57843644886786,1.70165321927327,0.7190603101660807,3.354292130243955
2026-04-07,2.29156446183076,1.462776083402681,1.5786541972642643,1.7075332398913627,0.721937164672156,3.355772175155663
2026-04-08,2.3251499491005525,1.4703959006481595,1.5920021435490783,1.6937077614509062,0.7159084249557545,3.4412064917832024
2026-04-09,2.330827886695977,1.472196099974563,1.5941065346071008,1.6975242848626633,0.7179491274970079,3.4610595080126605
2026-04-10,2.324376757273042,1.4683097102624756,1.5905388597692334,1.6890840662313973,0.715840175935332,3.458762886597942
2026-04-13,2.3352092531435478,1.4732231714680386,1.5951261293683399,1.698651380681219,0.7167919292282424,3.492599775441465
2026-04-14,2.347175789323994,1.4763268214839251,1.600121968893353,1.698144511541694,0.7137427528514668,3.53516382566092
2026-04-15,2.3433452567282953,1.4747635113743995,1.598084171371508,1.6882828638324643,0.7037487950644401,3.5630294988261744
2026-04-16,2.3467748672628894,1.475738507465994,1.5980021423884345,1.6979726104021164,0.70971848410144,3.571807696233544
2026-04-17,2.361850724681416,1.4790630604062238,1.6058570936545074,1.6877548847980435,0.7017822901478614,3.614984178830257
2026-04-20,2.3601237789737817,1.4793186553455078,1.6048622277533575,1.6909440013862316,0.7013802367213752,3.607737062366033
2026-04-21,2.3430926263634135,1.4752475203166158,1.5971079528731025,1.6920835542667356,0.6990702586747843,3.5841073798101486
2026-04-22,2.3528130148586164,1.4792567905158591,1.60029975290861,1.7093642100169557,0.707098930101192,3.6203939981627054
2026-04-23,2.35498372326649,1.4813836809162702,1.6010125077590844,1.7190864114642583,0.7114952756616818,3.6063590895172015
2026-04-24,2.3601022948464174,1.48281957384463,1.602984932469452,1.7306951642763828,0.7173067137804621,3.6343268347453326
2026-04-27,2.3553759807062407,1.4814623853715345,1.6006151324511968,1.726735524305314,0.7166459296925887,3.6405532305807924
2026-04-28,2.3520604925123507,1.4821961097852854,1.5997198031128184,1.7205662030326199,0.7118584437363058,3.6228437276717385
2026-04-29,2.3474607253233453,1.4818228624019028,1.5954638651226256,1.7262024722506113,0.7134731271034015,3.622282331325918
2026-04-30,2.3738110261875405,1.4902703061768239,1.605536080275171,1.7511756996548535,0.7236146665718265,3.658313769521284
2026-05-01,2.3698419313186294,1.4882946235908203,1.6046280121102745,1.7380882140978284,0.719512749315181,3.668469939777485
2026-05-04,2.3591421607402365,1.485726425229207,1.5991304331557965,1.7276904072330788,0.7159515084241914,3.6550474635092396
2026-05-05,2.3735303461081996,1.4896961011964995,1.6045996222778378,1.7457305204100284,0.7239032295563912,3.684342145554764
2026-05-06,2.389826343332861,1.490593004199016,1.6116826208388684,1.7371560008343967,0.720122677503486,3.7355312850872746
2026-05-07,2.37287464105374,1.484417811469502,1.6043793379130782,1.7229275018100523,0.7115339011113393,3.724099214045119
2026-05-08,2.3811791312748363,1.4874454249449593,1.6081113999564591,1.7189778458947471,0.7106801271559103,3.75487394100235
2026-05-11,2.3889384414006845,1.4909156648866948,1.6085109691513393,1.7492603925973658,0.7282818619635867,3.7633969582525286
2026-05-12,2.386736759415446,1.4921698278402684,1.6070803450497966,1.7476706043677661,0.7243285105401946,3.757680922731451
2026-05-13,2.3864514846387044,1.4909436867987125,1.6068585498683312,1.7479254940107667,0.7255519741006365,3.7787077676839873
2026-05-14,2.387774894498757,1.4908760363010063,1.6069232458160352,1.749839727532649,0.725014257527887,3.8085638460753315
2026-05-15,2.3599934700256613,1.4822219356359922,1.5950085572369326,1.7239057311934824,0.7131971017776801,3.762733489843832
2026-05-18,2.3675388027598925,1.4861151344936563,1.597945978080857,1.72502169891923,0.7088962323254862,3.760079616209046
2026-05-19,2.358297722854353,1.4838891050416592,1.5936446665559352,1.7134920445915645,0.7032552591868981,3.735071960804331
2026-05-20,2.3742232752799475,1.4872680876879047,1.6018518254730008,1.7242223523286904,0.7074704319647936,3.7733489843829773
2026-05-21,2.378408093711009,1.4875208178855222,1.6035591898998156,1.7275985779005087,0.7107917359163853,3.7808002449729536
2026-05-22,2.3846557421066854,1.489576856962045,1.6061697108671475,1.7247127957903374,0.7100052284959142,3.795651730121469
2026-05-26,2.392130471289861,1.489414654580493,1.6099295373554443,1.7207860901693721,0.7151587673256345,3.820863529651937
2026-05-27,2.388225878483659,1.4867302382713514,1.6093910697546137,1.699726183429126,0.7067358247139784,3.8202000612432405
2026-05-28,2.393850334717567,1.489577462818301,1.6118784471611212,1.7112415057902612,0.7099323321203855,3.8412779422272156
2026-05-29,2.3894830119683466,1.4871477944898701,1.6104378679925733,1.7095979027977042,0.7099067778542,3.850872716137596
2026-06-01,2.384379819207931,1.4867713629867885,1.6070879112115664,1.735234642660596,0.72302961719307,3.8613351025824265
2026-06-02,2.3941417338757867,1.4900141497729626,1.610138383429953,1.751265194785303,0.7328337064008484,3.8665918138205604
2026-06-03,2.388348041158463,1.488714055330434,1.607250278754724,1.7521121878079953,0.7344873095356972,3.8394406450954404
2026-06-04,2.398307787695588,1.491729532487428,1.6123844009254573,1.7445902497647288,0.7283430230952062,3.853985914055326
2026-06-05,2.364592221142011,1.480051821143205,1.6011830429519238,1.6878447969810748,0.6990213492605043,3.754516688782283
2026-06-08,2.3651886363355783,1.4802192970374044,1.6002982628791091,1.709873597216436,0.711416109881044,3.762988670001024
2026-06-09,2.3714182021111614,1.482420631422712,1.6048254862224218,1.6895673638336268,0.698905713339944,3.7519648872103732
2026-06-10,2.351380681307172,1.4790253129911872,1.5987672926814582,1.676232400564904,0.6903569786347082,3.6928141267735053
2026-06-11,2.3826432721403963,1.4870240254508673,1.6112726739882188,1.703949788679116,0.7021815879909382,3.755537409411047
2026-06-12,2.392086430593617,1.4889158560726496,1.6139668972664032,1.7079341871016658,0.7017487621233409,3.775849749923449
2026-06-15,2.4031433046191917,1.4883701624136305,1.6168186624596022,1.7149800451912112,0.705451737143076,3.8424517709502943
2026-06-16,2.4020479111874136,1.4883023661432884,1.6180213287198284,1.6985807473716854,0.6955602286124074,3.8195365928345444
2026-06-17,2.378587916489798,1.4778426492529333,1.6075337159170122,1.6843839073709757,0.6864252713643603,3.7718689394712697
2026-06-18,2.386580341950958,1.4796547763691799,1.611235943000218,1.688540096012621,0.6913266049892596,3.8110646116158042
2026-06-22,2.3877487475963757,1.4786001416047236,1.610172021816427,1.6962469395457067,0.6974399171568472,3.7990711442278284
2026-06-23,2.3720739296259437,1.476920250208833,1.607819900699657,1.6713846879060297,0.6867751954334614,3.7439011942431395
2026-06-24,2.372086345578531,1.4769943704710269,1.6110205252612588,1.6501378487948357,0.6709840414485693,3.742165969174241
2026-06-25,2.3844927410830894,1.4819478882822237,1.6148614354702733,1.6692940405984464,0.6811177184623677,3.7475757885066887
2026-06-26,2.386191920078151,1.4830516873972728,1.6171294947898422,1.6508202531658365,0.6732333410693787,3.720475655813007
2026-06-29,2.389851847040804,1.4839495975579462,1.618482845253912,1.6594230711054394,0.6767914251750993,3.7817699295702796
2026-06-30,2.386353461437059,1.4795572743913494,1.6141886556094573,1.6750616130783944,0.6872739992030162,3.811217719710118
2026-07-01,2.3788912075887807,1.47683138968839,1.6118596118631707,1.6543260466189336,0.6747111054417366,3.80606308053486
2026-07-02,2.3942520404173178,1.4840725841290787,1.6188972013587313,1.643548799670383,0.6719622286327166,3.801061549453917
2026-07-06,2.402956824623681,1.486998896233842,1.6211911154344154,1.6679088368258224,0.678889176428202,3.834234969888744
2026-07-07,2.3968703482890414,1.4869214727434317,1.6176502507065889,1.6626142649879403,0.6817950039259714,3.8160151066653083
2026-07-08,2.3860635437274067,1.4847222633681378,1.6125046489012533,1.672796576679462,0.6901649345516899,3.804225783403085
2026-07-09,2.3913529444085566,1.484929805663931,1.6145811143979252,1.681121154076382,0.6907921310271068,3.836429519240586
2026-07-10,2.3961398869747486,1.4861380663070896,1.6156528788857394,1.6851671343875936,0.6922526560529392,3.8529651934265616
