date,equal_weight,erc,inverse_vol,mvo,mvo_ls,SPY
2017-01-04,1.0070469760632315,1.0046172674543439,1.0056778161958138,1.004022171002574,0.9955117235322827,
2017-01-05,1.0111647077356203,1.0097712495196463,1.0107060094143179,1.0039546090742055,0.989737765857655,0.9991834234969889
2017-01-06,1.0108190016774814,1.0074971300987403,1.008905794762958,1.0059193250180607,0.9948326257509049,1.003215269980606
2017-01-09,1.00726733055807,1.0072192765507544,1.0078138668505578,0.9955675038931499,0.9811760497856243,0.9999999999999998
2017-01-10,1.0066984647245045,1.0066982611526747,1.00718132855968,0.9926946953741211,0.9763743787836613,0.999795855874247
2017-01-11,1.0116377418768006,1.010261911612049,1.0111656964646782,1.0002495118733572,0.9845629065600418,1.0022455853832803
2017-01-12,1.01208927101945,1.010944840503708,1.0117859710040749,1.0022326516720057,0.9857229772939068,1.0001020720628762
2017-01-13,1.0124860114526881,1.0104286103202775,1.0114156431418644,1.0017454078769614,0.9853897787034317,1.0022966214147184
2017-01-17,1.0143746272163345,1.0135469552082097,1.014744198787174,1.0019779013347696,0.9814271983825812,0.9989282433397976
2017-01-18,1.011868141342428,1.009386343673536,1.0110088986170538,1.0042702378678212,0.9869173214523347,1.0009696845973255
2017-01-19,1.0069535140214165,1.0051671627406746,1.0063785393409292,1.0030186105049734,0.9868161723357766,0.997703378585281
2017-01-20,1.011462341863967,1.0086576878153892,1.0104038877875063,1.0072875590112185,0.9889834964540597,1.0009696845973253
2017-01-23,1.0132143248725798,1.01163676993772,1.013495367503651,1.005632958313105,0.9869890027761521,0.9984178830254155
2017-01-24,1.0181706989116317,1.0131252192682345,1.0160246422689228,1.0122039594810766,0.9925738246752851,1.0047463509237518
2017-01-25,1.021492294708156,1.0135854779650946,1.0174159890972883,1.0145018084725794,0.9964172189205235,1.0133714402368066
2017-01-26,1.0204551162353566,1.013191089574092,1.0168284576831503,1.016332926585353,0.9990550878720696,1.0124017556394809
2017-01-27,1.0186013569960533,1.0130452332346473,1.0163482835386826,1.0126788573051717,0.994596695237381,1.010870674696335
2017-01-30,1.012132272429363,1.0090968421267081,1.0116855872125958,1.0034030182037166,0.9862426618271456,1.0047463509237515
2017-01-31,1.015792704235839,1.0126320734057075,1.014962035506623,1.0042347369412543,0.9821739672279688,1.004338062672246
2017-02-01,1.0143806117036445,1.0113543738418378,1.0136086682491703,1.0054410128872782,0.9836150663968667,1.0049504950495043
2017-02-02,1.0170952716895092,1.0132502236437644,1.015914394953782,1.0060864545078856,0.9834709803181746,1.0055118913953245
2017-02-03,1.0229022891020616,1.0165773316177256,1.0194957812895518,1.0126599904399243,0.9873516479607124,1.0124527916709192
2017-02-06,1.0218939851642301,1.0183977653108776,1.0205532122303522,1.010378634365994,0.9823958523563042,1.0108196386648969
2017-02-07,1.020654366965568,1.0181118550312438,1.020225322636157,1.0053980288165316,0.9773287718356318,1.0107686026334586
2017-02-08,1.025815760483529,1.0229897453116792,1.0255098168099162,1.0083466313285319,0.976863423006488,1.0119934673879751
2017-02-09,1.0280529704066743,1.0222920100924437,1.025342493674609,1.0122503082239491,0.9833290806899312,1.0178626110033675
2017-02-10,1.0341476434202626,1.0256318632068855,1.0293294377807463,1.0191028432206255,0.988305071420077,1.021894457486985
2017-02-13,1.0366841808576885,1.0264123176389621,1.0306835967611465,1.022099770619979,0.9915956404843772,1.0271511687251191
2017-02-14,1.0374628292907404,1.0259923699921305,1.0301618396337298,1.0238569526217438,0.9920303087981892,1.0316933755231186
2017-02-15,1.0408624906975616,1.0276167059574832,1.0321316612987652,1.0250256682053538,0.9897225924242158,1.0369500867612529
2017-02-16,1.0412359124181432,1.0290230052448137,1.033502013310765,1.0208878016617182,0.9862670317426685,1.0362866183525563
2017-02-17,1.0421203034804591,1.0309622572918908,1.0354768214409285,1.0195034293000484,0.9850536413372258,1.0376135551699492
2017-02-21,1.0490279647239535,1.0347118236889745,1.0403828821140524,1.022791349305948,0.98642081277186,1.043788914973971
2017-02-22,1.048185684138863,1.03478364214112,1.0404676913465856,1.0180735493947985,0.98141187315255,1.0431254465652744
2017-02-23,1.0511068475274412,1.037447581474945,1.042977920692508,1.0184156995793265,0.9780293958796742,1.0437889149739712
2017-02-24,1.0536594221144902,1.0409157702845686,1.0465315262775736,1.0168169074148865,0.9694598315799695,1.0452179238542407
2017-02-27,1.053271207379215,1.0393373560920456,1.045043747807773,1.0168010075995482,0.9718896597027546,1.0466469327345103
2017-02-28,1.051336774956948,1.037947976260756,1.0432162180489608,1.0148158036233064,0.9679464331973548,1.0440440951311623
2017-03-01,1.061165647602118,1.041510333045457,1.047855507426598,1.0297682200732958,0.9839755430848351,1.0583341839338571
2017-03-02,1.0506818859432476,1.0337174268376221,1.0399297182777554,1.0164943406786386,0.9761959277321927,1.0520057160355207
2017-03-03,1.0524088643574394,1.0351922189109992,1.0413549953587866,1.0197049366770423,0.9767036386537035,1.052567112381341
2017-03-06,1.0478624588729217,1.0321827106435943,1.0380486764562815,1.0176403320682192,0.977032968850465,1.049709094620802
2017-03-07,1.0419996687850177,1.0273747641682107,1.0328589610151522,1.0129224036507694,0.9738053774924741,1.0462386444830047
2017-03-08,1.0321441920553382,1.0204470535898789,1.0254325252879772,1.0039876822422753,0.9645618396045732,1.044452383382668
2017-03-09,1.0283692077547113,1.0173741634108087,1.0220196227279261,1.002113368339931,0.9611349763314432,1.0454731040114318
2017-03-10,1.0324801284924354,1.0206240030988587,1.0258551185735654,1.0020900236211474,0.9591109844553206,1.0491476982749819
2017-03-13,1.0340763569444336,1.0200050738031492,1.0258255642978147,1.0019096114194384,0.9597970862127858,1.0497601306522404
2017-03-14,1.0289861839913723,1.017259664425453,1.0225113024340486,0.9954033668787363,0.9550276022469765,1.045983464325814
2017-03-15,1.0481727835609063,1.031895474981813,1.0387702769270135,1.0071301078028734,0.9613561186840158,1.0545575176074309
2017-03-16,1.0452469126376056,1.028748775566761,1.0356725933020126,1.0042053764284171,0.9580061821723671,1.0528222925385322
2017-03-17,1.0472276069304116,1.0307995017546918,1.038046987311294,1.008166418420409,0.9582444939038148,1.0512401755639482
2017-03-20,1.0477006324041431,1.0318565219018807,1.039236330152694,1.006620042954204,0.9565332063101154,1.049658058589364
2017-03-21,1.0394403172244056,1.0273629540767177,1.0341164708930373,0.9909353698425702,0.9422094407685963,1.0364397264468714
2017-03-22,1.0419876332201297,1.0295836910963339,1.036624231056286,0.9928967548792477,0.9426796949581278,1.0385832397672756
2017-03-23,1.0417220356731274,1.0290894387072642,1.0362724040913618,0.9928800095681031,0.9423444572820607,1.0372052669184444
2017-03-24,1.0421811371745369,1.0297531951196228,1.0369585733961995,0.9919487726367772,0.9403553777519981,1.0369500867612536
2017-03-27,1.0414987229757349,1.0305332769895648,1.0374475703192494,0.9906384183437472,0.9372061471301776,1.0356231499438604
2017-03-28,1.0477524062361758,1.0333025971203964,1.0409301415641374,1.0003426264212987,0.9461615313135727,1.043074410533837
2017-03-29,1.0519030080316643,1.036997392886537,1.0448882975678135,1.0042108896216442,0.9492630853673049,1.04440134735123
2017-03-30,1.0514300205303293,1.0361908810364941,1.0440671086475588,1.0032951605297857,0.9483171848493691,1.0475655813003981
2017-03-31,1.0502366077253484,1.035965053190852,1.0437465312564338,0.9999474515785234,0.9444932884976175,1.0449627436970503
2017-04-03,1.0514584431686917,1.038402967079324,1.0458843388734018,1.0006992129177372,0.942467018886963,1.0435847708482189
2017-04-04,1.0531866784111013,1.0387495421051576,1.046397869339021,1.0023774271338026,0.9440701337693876,1.0442482392569155
2017-04-05,1.05136436246308,1.0379025576317287,1.0453795373454393,0.9980668606065104,0.9405829592278516,1.0408798611819945
2017-04-06,1.0537689666766064,1.0393860377237563,1.046990624940653,0.9993806529359263,0.9407256157027195,1.0435847708482189
2017-04-07,1.0521899028031203,1.0369567424865207,1.0447334816388218,0.9983092453262646,0.9402572440020894,1.0426661222823315
2017-04-10,1.0549381291783162,1.0395671018302284,1.0473643846158993,0.9977094696473361,0.936038333725188,1.0432275186281514
2017-04-11,1.0579831711955279,1.0433536750477985,1.05075105649776,0.995988490284875,0.9310746976402339,1.042053689905073
2017-04-12,1.0568137168169933,1.043901472510658,1.05107908898423,0.991334581250076,0.9256048190507025,1.0381239154843318
2017-04-13,1.0505992645448654,1.0412517699550716,1.0478240015186766,0.9841128266715098,0.9186168181150559,1.031131979177299
2017-04-17,1.0587220427072526,1.0456749517306287,1.0530362102584487,0.9939192252887433,0.9260214578546304,1.040012248647545
2017-04-18,1.0572218722325868,1.047042432522003,1.0540716466212048,0.9905049898370722,0.9183016412315271,1.036899050729815
2017-04-19,1.0504158894683633,1.0419740502892378,1.0491484760312306,0.9872600087022784,0.9177365652250344,1.0352148616923547
2017-04-20,1.0576542824575859,1.04588413515384,1.0536296169916637,0.9965632037998946,0.9256095520016074,1.0432785546595893
2017-04-21,1.0547041829177113,1.0442716635449805,1.0521723751098042,0.996080041161987,0.9282024428922064,1.0401143207104213
2017-04-24,1.0647753697041644,1.049064719970845,1.0581225333731659,1.0064987043749463,0.9375810214331093,1.0514953557211388
2017-04-25,1.0696501728311323,1.0495446080647923,1.0597719593486725,1.0112516487461531,0.9419530874171684,1.057517607430846
2017-04-26,1.0686347664901399,1.0502700517433947,1.059891051072815,1.008187837464518,0.9381973119054597,1.0571603552107787
2017-04-27,1.067258558947263,1.0500254524331902,1.0598546563038942,1.0094421651624117,0.9427540899857363,1.0578748596509133
2017-04-28,1.0645718499037133,1.0493058539274698,1.0589573460257793,1.00657370485281,0.9425677302755852,1.0557823823619474
2017-05-01,1.064160820015551,1.0475130929326546,1.0575636279316114,1.0073983592529212,0.9449248450249955,1.058027967745228
2017-05-02,1.0651505135435186,1.0486827063076423,1.0588942718747756,1.0097348801479724,0.9465387277224623,1.0585893640910482
2017-05-03,1.059956756420993,1.0448612544238447,1.0547061894965857,1.0054348088479144,0.9450468638437856,1.057517607430846
2017-05-04,1.0547693659451627,1.0414472725768282,1.0513823851312931,1.0053869985024217,0.9447811033838537,1.0584872920281718
2017-05-05,1.0641327583079827,1.0466716616051113,1.0575624228486553,1.0135500819513843,0.9532963370112725,1.0626722466061038
2017-05-08,1.060826073148103,1.043796977030306,1.0548193207485683,1.0140834378213104,0.954302392947839,1.0626212105746657
2017-05-09,1.0580913127691642,1.0416349037294363,1.052852142675806,1.0169883272851397,0.9585806125740112,1.0616004899459017
2017-05-10,1.0631158910085308,1.0442931483493927,1.0559583006383073,1.02457685193019,0.9640788176252928,1.0634888231091149
2017-05-11,1.0623034093716024,1.044122812066644,1.0556954881459106,1.0223661537262807,0.9628750962244691,1.061702562008778
2017-05-12,1.0634782008200168,1.0467365684824885,1.058170094745677,1.021818563542279,0.9619778849610299,1.059865264877003
2017-05-15,1.0706320908949687,1.0503979131719283,1.0623992933471662,1.0270672395591696,0.9655122741686681,1.0651219761151374
2017-05-16,1.0706230440978843,1.0509259624000449,1.0628044487937078,1.0268391088402966,0.96486227691052,1.064509543737879
2017-05-17,1.0596907358598744,1.0474760185630525,1.0577374333222063,1.00443471194025,0.9411102448798189,1.0460345003572524
2017-05-18,1.0603881456545348,1.0477516094482566,1.0581528765486856,1.003158986846632,0.9426454120494365,1.0497090946208023
2017-05-19,1.0734351945196787,1.0550197529220398,1.066358467111015,1.015156832205997,0.9463622632956477,1.056445850770644
2017-05-22,1.0785537570648525,1.0576843510759264,1.0696424602386112,1.0207503655968007,0.9496876474137892,1.0619577421659692
2017-05-23,1.0782175346496137,1.056254092160727,1.0683773828858216,1.0212235897225852,0.9529264751817267,1.064254363580688
2017-05-24,1.0831511071760689,1.0600593536101612,1.0725582627303565,1.0258342934250615,0.9545074619792775,1.066602021026845
2017-05-25,1.0839326952882136,1.0609884845639916,1.073859624951355,1.0307507966712437,0.9634010843024533,1.0718076962335408
2017-05-26,1.0858940618133974,1.062341499352562,1.0751714482494488,1.0313055140578238,0.9643136733571945,1.0717566602021027
2017-05-30,1.0831394193960355,1.0621359970716502,1.074905227300183,1.0306808620302519,0.9641924317970945,1.0708890476676536
2017-05-31,1.082869431485384,1.0626440717889614,1.0756217503029644,1.0290596977695332,0.9649266008728392,1.0703786873532715
2017-06-01,1.0922946762103307,1.067569858933207,1.0814237717713076,1.0351629717664315,0.9682375926709333,1.0787485965091355
2017-06-02,1.0987507264005274,1.0730397159472762,1.0873996959994185,1.042920380998114,0.9741606385924327,1.0824742268041236
2017-06-05,1.095046956674094,1.0698894314183451,1.0840612146835598,1.040435552890718,0.9729445852004149,1.0817086863325507
2017-06-06,1.0955200328828947,1.071036689264286,1.0845577714853558,1.0375396035339046,0.9679896387304658,1.0784934163519444
2017-06-07,1.0934305874852692,1.0692011720646901,1.0828779144290475,1.037852550481261,0.9741475197337816,1.0803817495151578
2017-06-08,1.0917213409670177,1.0673479068512945,1.0807796925771989,1.039111372388663,0.9721077752106002,1.0806369296723488
2017-06-09,1.0941094002927034,1.0677536477762928,1.0806025895089253,1.0364464796840185,0.9649610280022769,1.0797182811064612
2017-06-12,1.0930749516475848,1.0671500974910324,1.0800428603507881,1.0316819435865383,0.9615726916402099,1.0789527406348882
2017-06-13,1.100515185263733,1.0710032037232022,1.0845151534512847,1.0384435060209223,0.9645888722123223,1.0839542717158313
2017-06-14,1.0994453462383849,1.0727450345160123,1.0860637937930122,1.0373346664894745,0.9668168040586549,1.0829845871185055
2017-06-15,1.0947376342941821,1.0696467312405746,1.082459583722354,1.0291258858151986,0.9622082543189169,1.0807900377666633
2017-06-16,1.097864701157074,1.0714150898769088,1.084110402613525,1.0314144111129422,0.9607409639734011,1.081045217923854
2017-06-19,1.1031785551498605,1.073390400015348,1.0869174834473503,1.0407536176657568,0.971430741698468,1.0900275594569764
2017-06-20,1.094315014131152,1.0696711076386696,1.0822829192057206,1.0305706341805354,0.9633809834176843,1.0829335510870672
2017-06-21,1.0896459409226578,1.0677607179098847,1.0799908488754426,1.0301143564840602,0.9639467174816936,1.082372154741247
2017-06-22,1.0904799091178232,1.0686785949066353,1.080923810284135,1.0307008247222158,0.9633410499719393,1.0819128304583032
2017-06-23,1.0943308939790104,1.0710599153979263,1.0838004527827527,1.0346277339189618,0.9647280626081348,1.0833418393385728
2017-06-26,1.0978856228899245,1.0728824975850157,1.08607918459524,1.038040151760391,0.9668983449301647,1.0838011636215166
2017-06-27,1.087662751370889,1.0660575292112675,1.0782515913839172,1.0303652725985653,0.9579543979998083,1.0753802184342143
2017-06-28,1.0973851251795232,1.071557827502626,1.0842404384665716,1.0368028927496769,0.9631279812421214,1.0847708482188423
2017-06-29,1.0842213841955777,1.063499266301599,1.0748556467736836,1.0211607856719713,0.9485334992637532,1.0754822904970907
2017-06-30,1.0886937555977094,1.0655912347964727,1.0771243358380798,1.0242680241831577,0.9455368853539757,1.0772685515974276
2017-07-03,1.0926114092408983,1.065943244594984,1.0774035942803093,1.0252532670772159,0.9366497760689546,1.0796162090435844
2017-07-05,1.0885362734131296,1.0647453247387526,1.0761370348209365,1.0279220207941788,0.9470933143254189,1.0815045422067977
2017-07-06,1.075608428155145,1.0577474288155808,1.0684534044614122,1.0195878560863951,0.9422993995810351,1.0718587322649789
2017-07-07,1.0781312838254564,1.058199792320575,1.069571803556549,1.0251293792828369,0.9495398657388294,1.0786465244462586
2017-07-10,1.0806089129957839,1.060000025924426,1.0715107659822762,1.0301166364634344,0.9516972646011228,1.0797693171378988
2017-07-11,1.0822537135277197,1.061010103482554,1.0725220200721157,1.0330021766629838,0.9515874083560671,1.0790037766663259
2017-07-12,1.095758833040013,1.0686846226607725,1.0816581555981144,1.0438906618458292,0.959226343002639,1.086863325507808
2017-07-13,1.0965157333620925,1.0683282280626887,1.081421081276317,1.0462777408538209,0.9614467909573713,1.088955802796774
2017-07-14,1.1071903614334644,1.074348762898417,1.0881955559076204,1.0524304904874555,0.960016839251537,1.093855261814841
2017-07-17,1.1082680566466852,1.0752792016682267,1.0892822523509968,1.0508951730892733,0.9591514802011258,1.093855261814841
2017-07-18,1.11163700148484,1.078444015441655,1.0923232877438644,1.0512455541482233,0.9583982589989181,1.0945697662549756
2017-07-19,1.1207233074317327,1.0827394237722248,1.0971454810887469,1.0544923041669692,0.9578976446297103,1.1002858017760535
2017-07-20,1.1206938864980716,1.0831549624612258,1.0975017692677336,1.0544167994672677,0.9580749294196143,1.100643053996121
2017-07-21,1.1199828684519935,1.0837864400183321,1.098114751577331,1.0524188043208464,0.9595542995620124,1.0997244054302335
2017-07-24,1.1178082012861077,1.0822899799337837,1.0963168101462895,1.05219984389365,0.9600292892370188,1.0995202613044808
2017-07-25,1.1196909987189005,1.0814570068532783,1.0954060675242414,1.0546474067634886,0.9617202833468106,1.1021230989078288
2017-07-26,1.1252194892270784,1.0853229334037122,1.0995625880815816,1.060018020904265,0.9624413191725362,1.1023272430335818
2017-07-27,1.124504147720069,1.084219713114781,1.0986156339079252,1.0528609892360596,0.9556441787739649,1.1015106665305705
2017-07-28,1.1249814610993765,1.0857436931521802,1.0995133329194764,1.0544302145430462,0.9550201253550002,1.0999795855874246
2017-07-31,1.1260945827276467,1.0864356144045026,1.0997516265323846,1.0527349570962021,0.9520233038440117,1.0995202613044808
2017-08-01,1.1295908874629441,1.0889754092332753,1.102544992997168,1.0535761705107605,0.9542724544616195,1.1018168827191996
2017-08-02,1.1289798173567536,1.088093443703893,1.101605157649718,1.056011617270821,0.959304829988358,1.1023272430335815
2017-08-03,1.1268512125697692,1.0883209118161143,1.101663335217206,1.0533039579848869,0.9578158929019707,1.10038787383893
2017-08-04,1.1265559565666254,1.0867286366438245,1.1001999316047952,1.056639231615958,0.9629110715621758,1.102225170970705
2017-08-07,1.1290878589778037,1.0883933405018407,1.1021649986909123,1.060450234860928,0.9665149004384262,1.1042155761967947
2017-08-08,1.124207566134162,1.0854257253457453,1.0986317918513289,1.0549762120329538,0.9632636313140093,1.101663774624885
2017-08-09,1.1246449010267174,1.0863705137944715,1.0986179057772878,1.0545460462209542,0.9557034033878071,1.101663774624885
2017-08-10,1.1069473893647788,1.0788195392478364,1.089839608027938,1.0336925618395305,0.9388956660176656,1.0860467490047971
2017-08-11,1.1076622690975966,1.0807624874354647,1.0918623175295317,1.0357879357136375,0.9411487969527161,1.0875778299479428
2017-08-14,1.1174052372559058,1.0839317865211107,1.0966034316691855,1.0482656323850976,0.9558599069144269,1.0982443605185257
2017-08-15,1.1144835365100683,1.0814419535709765,1.0943812070969183,1.0482963136235697,0.9588264091244367,1.0983974686128402
2017-08-16,1.1208350117342676,1.0853658338153507,1.0990147178530358,1.0552901055031279,0.9612321799443292,1.1002858017760535
2017-08-17,1.1038537362593348,1.0783194106830785,1.0901462275758331,1.0370947540573228,0.9448860986859181,1.0832908033071345
2017-08-18,1.1051580908776142,1.0790392412540684,1.0904586301376304,1.0357592234282882,0.9479696562749996,1.081351434112483
2017-08-21,1.107383359476096,1.0803007846462935,1.0924319341449922,1.0375291901254768,0.948366531757926,1.0823211187098087
2017-08-22,1.1176528454147039,1.084449009489319,1.0976479322288857,1.0503443144526017,0.959413192564983,1.0932428294375824
2017-08-23,1.1194606176969244,1.0870287859813292,1.0996677126079644,1.0463335695518505,0.9520528753152191,1.0896703072369087
2017-08-24,1.1156745310213216,1.0836732371063789,1.096221155196258,1.04318417537106,0.9511135960881948,1.0873226497907518
2017-08-25,1.1216754688507216,1.0873175498373082,1.1003534837106952,1.047197946453151,0.9518886807943012,1.0894151270797177
2017-08-28,1.1219597407713249,1.0878720244358637,1.1006170736778655,1.0468048144877262,0.9545495925097391,1.0897723792997849
2017-08-29,1.1220589552222244,1.0888450005194314,1.101455766513333,1.0482294781927273,0.9553482701524197,1.0909462080228634
2017-08-30,1.1261434958264827,1.090651595931452,1.1039612400169545,1.0518259214840295,0.9577092672996035,1.096049811166683
2017-08-31,1.1387849318920755,1.0980152940393655,1.111047964351892,1.0577162976012808,0.9625028112413464,1.101765846687761
2017-09-01,1.1419810221894353,1.0982782328416996,1.1117656013194097,1.059847609381357,0.9605036328097603,1.1040624681024798
2017-09-05,1.1382528428585037,1.0995819824916213,1.1120086539030165,1.05165832861389,0.9476587670869887,1.0966112075125032
2017-09-06,1.1429595481761816,1.100649951109635,1.113515009537739,1.053808990273305,0.9461835893563865,1.099979585587424
2017-09-07,1.1495652718261484,1.1051676826850694,1.118673367480892,1.0598465914558122,0.9487347110684335,1.0999285495559858
2017-09-08,1.1454672328128388,1.1028162627845435,1.11581847442041,1.0581914465639228,0.9523574362463251,1.0984485046442782
2017-09-11,1.1564030493250166,1.1052299023830778,1.1198144233606748,1.072941609570307,0.9657665104853235,1.1100336837807487
2017-09-12,1.158032747026024,1.1053630893095117,1.1198491927072722,1.0756945843790358,0.9698924821856171,1.1142186383586807
2017-09-13,1.1565683923241994,1.1040944859027213,1.1184396914475645,1.073890878337676,0.9651559865812267,1.114575890578748
2017-09-14,1.160884377211019,1.106351100610455,1.1209933932456444,1.0762320298943384,0.9667402354265461,1.1142186383586807
2017-09-15,1.1636761407045708,1.1076884724696259,1.1224906533013783,1.080156400605151,0.968832192250584,1.1159028273961413
2017-09-18,1.1624651894755522,1.105521601999282,1.1205503468174436,1.0786001431316774,0.965446440620228,1.1180463407165455
2017-09-19,1.1634673203553085,1.1059683220564356,1.1209097974609263,1.0817802260995892,0.9631077192715312,1.119169133408186
2017-09-20,1.1628877221506642,1.104707820679393,1.1191971805946648,1.077365231727444,0.9588480357476178,1.1196794937225678
2017-09-21,1.1583548431261326,1.1020928054320591,1.1162442733183728,1.0738834623641857,0.9554337282499733,1.1166683678677145
2017-09-22,1.15823608341593,1.1028586629407628,1.1166113299894065,1.0691304822367984,0.9510890496310475,1.1169235480249053
2017-09-25,1.1630295978740914,1.107528592530212,1.1201683402999107,1.0614949900450044,0.940414019489673,1.1147800347045012
2017-09-26,1.159682022659972,1.1052990494936077,1.118391178791148,1.0610042866217433,0.9395332914445681,1.1151883229560067
2017-09-27,1.1552017677764128,1.101788200300709,1.1148529498663806,1.065743924987909,0.9438165347164307,1.1195263856282536
2017-09-28,1.157967991984684,1.103090388160664,1.1164729365361408,1.0686945926093405,0.9457805596988386,1.1208533224456467
2017-09-29,1.1619984062979087,1.104428815792812,1.118557717847914,1.0756798073775695,0.9507745138875705,1.1245789527406351
2017-10-02,1.164586119674415,1.1061933756198468,1.120451269930717,1.079707214673288,0.9564077721404897,1.1295804838215784
2017-10-03,1.1693339783962837,1.1080807937014439,1.1229568887103,1.0865277863473566,0.9620611474843107,1.132132285393488
2017-10-04,1.1727105998664384,1.1112045626917517,1.1261793848404278,1.0884872462688442,0.9624651906702774,1.1335102582423193
2017-10-05,1.1789470004618645,1.1120939005514623,1.1274952318848614,1.0962239107969396,0.9650779590301256,1.140247014392161
2017-10-06,1.1733116813984836,1.108909275023958,1.123891224067201,1.0979161232634043,0.9687115563569492,1.1392262937633972
2017-10-09,1.1735935236624895,1.1092809572303786,1.1240991776174605,1.0976498154626884,0.9690303097818631,1.1371338164744313
2017-10-10,1.1820100737961834,1.1137330245530144,1.1290652894472848,1.1038515699435538,0.9751643038089692,1.1398387261406555
2017-10-11,1.1857579416740855,1.1153510732933747,1.1309382487167918,1.1039404452765604,0.974756130968961,1.1416760232724306
2017-10-12,1.1862305116815917,1.1153092917275946,1.1313305748884697,1.1034383667041745,0.9750682410329385,1.1399918342349702
2017-10-13,1.1931076200788269,1.119936769018723,1.1360877723412168,1.106932909712534,0.9761006212178415,1.141216698989487
2017-10-16,1.1920715407496916,1.1185589019405757,1.1345312377719314,1.1084748659345596,0.9760488821356279,1.1431050321527
2017-10-17,1.191497276555113,1.118250115927409,1.134551331857912,1.110510944586533,0.9772575623972083,1.1436664284985203
2017-10-18,1.1894915063995868,1.1164657359695231,1.1328969045634016,1.1123187423201992,0.9803680831524574,1.1448402572215988
2017-10-19,1.1902017622163226,1.1181021583457096,1.1340872602533836,1.1148905136319973,0.9843343088514583,1.1454016535674192
2017-10-20,1.1926921836911746,1.1180226805956501,1.1342134315150605,1.12561450339593,0.9929864440226873,1.1510156170256205
2017-10-23,1.1879367354375887,1.1162759715767847,1.1316780573299043,1.119038751057735,0.9888819492195451,1.1469327345105649
2017-10-24,1.1886410930917224,1.1158037525388305,1.131034624786487,1.1238468077965877,0.9926349157308015,1.1487189956109016
2017-10-25,1.1804641219539325,1.1109790396256551,1.1256919530318104,1.1166266405159673,0.986567339380595,1.1432071042155765
2017-10-26,1.1801128510514258,1.110574645991023,1.1251642508565727,1.1162780833014125,0.9840426558836284,1.1439216086557111
2017-10-27,1.1904393501031034,1.1165484251461533,1.1318456848974308,1.1273026962445338,0.9918657536153154,1.153771562723283
2017-10-30,1.1884595720756745,1.1167235417683896,1.131429552159187,1.1170982490059427,0.9829743692380525,1.1497907522711037
2017-10-31,1.1911144510347735,1.116842908288267,1.1323706639220772,1.1166403550507917,0.9821675278978351,1.1512707971828116
2017-11-01,1.195934727036608,1.1192292484870692,1.1347800268170185,1.1194622028667327,0.9806232100465063,1.152954986220272
2017-11-02,1.1984581324319252,1.121320935969674,1.1361513864525554,1.120803526802541,0.9822704377894391,1.1534653465346538
2017-11-03,1.2007420186485465,1.1221158278742402,1.1372200644084645,1.1216122802537518,0.9818340472665418,1.1571909768296422
2017-11-06,1.2087857830724866,1.1263286736904066,1.1412759477161611,1.121028604010567,0.9756747491545055,1.1588241298356643
2017-11-07,1.2082623069304386,1.1251525762130377,1.1407440603416288,1.1170473564229981,0.9758148804484178,1.1583137695212824
2017-11-08,1.2101052260077023,1.1252360625407956,1.141190391116006,1.1181901150907663,0.9782735896491179,1.1601510666530575
2017-11-09,1.2047707436800883,1.122277680088754,1.137247545862457,1.1078108572466994,0.9682813367767827,1.1560171481065638
2017-11-10,1.198982607025929,1.1176779372690862,1.13320456819866,1.10517180781443,0.9649571461304773,1.1556088598550582
2017-11-13,1.2010884538202955,1.1189353156989723,1.1343009921524168,1.1061048723926177,0.9673842550096576,1.1567316525466986
2017-11-14,1.196719715570554,1.11782377895951,1.1323941392633603,1.1020884250705576,0.9636895981043297,1.1540777789119125
2017-11-15,1.1893008217670493,1.1151025068592715,1.1288794350043432,1.095471790223241,0.9602365170910689,1.1481065632336438
2017-11-16,1.2008815410128437,1.1202047009815967,1.1362724377634064,1.1140286652454852,0.9729709004104777,1.1575992650811482
2017-11-17,1.203063682812698,1.1213677368969828,1.13677364573483,1.1136359011711934,0.9730733660241915,1.1545881392262947
2017-11-20,1.2016238917538153,1.1199206526277616,1.1357443174706465,1.1176774730234058,0.9768433288644687,1.15642543635807
2017-11-21,1.2135339095706617,1.125589540324699,1.1424773682433575,1.128678390054281,0.9857261129281569,1.1638256609166082
2017-11-22,1.2167819494421017,1.1285963681807074,1.145610503671532,1.1261753117706161,0.9819109709067358,1.16321322853935
2017-11-24,1.2197478851396748,1.1295440147991975,1.1472165744699974,1.1298199209182052,0.9859895305968829,1.165816066142698
2017-11-27,1.2150553541621163,1.1279028450072681,1.1446954298995096,1.1317354530465884,0.9852428981297487,1.1651525977340014
2017-11-28,1.2284987055791015,1.1359234876457809,1.1525218649311517,1.1511796782080528,0.9933730697989456,1.17678881290191
2017-11-29,1.2252079378635572,1.1340701105748625,1.1499114134996997,1.1372637413308682,0.9827474000460216,1.1763805246504044
2017-11-30,1.2315540419404767,1.136351576467693,1.1526493381281813,1.1361457401906836,0.9768988359155587,1.185924262529347
2017-12-01,1.2325976426678498,1.1385444403690796,1.1537189824429865,1.1288586325501095,0.9686896743506137,1.1840869653975719
2017-12-04,1.232469876217913,1.1386407292770735,1.1534475238719528,1.1208981668194655,0.9602896824442553,1.1825558844544262
2017-12-05,1.225173436392723,1.135062646895678,1.1496494865168119,1.1150489864062023,0.9563435329461636,1.1784730019393705
2017-12-06,1.2200601425699618,1.134036080970861,1.148253482344662,1.113082041544791,0.9551009998991996,1.1786261100336852
2017-12-07,1.2213334488813408,1.133469511893352,1.1484367292590545,1.1182659539388837,0.9616894833776616,1.1822496682657972
2017-12-08,1.2307825505071466,1.1375968622752064,1.1530942458381193,1.1298379062701258,0.9673358861383906,1.1886802082270098
2017-12-11,1.2343690383868011,1.1383432645128118,1.1544655056631188,1.1393763411186897,0.9718217750896708,1.1925079105848744
2017-12-12,1.2324601981795331,1.137475934738475,1.1533870006919074,1.1330200439275384,0.9688152798482326,1.1946003878738405
2017-12-13,1.2382841453610027,1.141771884120008,1.1583746785223974,1.1431988355079161,0.9743849553246067,1.1942941716852113
2017-12-14,1.2317296308967023,1.13842170283943,1.1545547949140162,1.1343817461446986,0.9687093520988997,1.1895988567928975
2017-12-15,1.241623892149799,1.1433945728200556,1.1596215314330327,1.1464336308565537,0.9759673172565451,1.1994998468919071
2017-12-18,1.2510318970925924,1.1464456836745054,1.1638493748677028,1.1559420877666382,0.9837818441824335,1.2071552516076365
2017-12-19,1.240958704841091,1.1398243999828146,1.1569015738502701,1.1416565769757117,0.9785457549344525,1.2027151168725134
2017-12-20,1.238322171534102,1.1374235177685108,1.1545835771228332,1.1376066877158184,0.970526283753129,1.2020516484638168
2017-12-21,1.243866154629512,1.1405539584305044,1.157723274407763,1.1344396126822527,0.9643852894594347,1.2040420536899064
2017-12-22,1.247925891584021,1.1420219513108618,1.1595919624192952,1.1385855604511608,0.9656804415166438,1.2037868735327155
2017-12-26,1.2520048351107353,1.1444089679895257,1.161924903180797,1.1332867731888228,0.9566549907568425,1.2022557925895696
2017-12-27,1.2576512147754808,1.148786807026236,1.166197412140906,1.136859881923709,0.9596446825448647,1.2031744411554572
2017-12-28,1.2630537394883277,1.151071663805464,1.1686009300783307,1.1428249205443635,0.9625636470812795,1.205471062570176
2017-12-29,1.2617208905758124,1.1509034086980598,1.1684661961993286,1.1397307551302158,0.9601482524781342,1.2013371440236824
2018-01-02,1.2725125369548431,1.1536870568876265,1.1725986866887506,1.1550404614965848,0.9743267803035447,1.2095539450852322
2018-01-03,1.2825782172098776,1.1584914160883213,1.1782468143008948,1.163765748204133,0.976432288776772,1.2172093498009615
2018-01-04,1.28763747665209,1.1605443582206103,1.1806609644935817,1.170914551054487,0.9852294971167374,1.2221598448504667
2018-01-05,1.2950387081182642,1.1633398187916104,1.184457179345291,1.1797653384366726,0.9931837861633342,1.2303766459120162
2018-01-08,1.2985704807981528,1.1647884212889303,1.1860082053059446,1.184489156624861,0.9955956443397175,1.232673267326735
2018-01-09,1.294717502989846,1.161487135459268,1.1825475842665085,1.1814282347811822,0.9933342708521833,1.2354802490558359
2018-01-10,1.2899261759955538,1.160088977756388,1.1802010517079526,1.1762112350578144,0.9885894891478071,1.233438807798308
2018-01-11,1.3024579272072534,1.1654257752403605,1.1868306413615002,1.1812613154284382,0.9903704086490721,1.2425232213943067
2018-01-12,1.3134363954839599,1.1700124302587267,1.1918919553965668,1.1902311898193207,0.9953264035604072,1.2508420945187324
2018-01-16,1.307612627316291,1.168091051720627,1.189473701416985,1.1826309741588057,0.9930403632662775,1.2468612840665532
2018-01-17,1.3196524426886072,1.172145559980312,1.1943555672815411,1.1980519690324423,1.0033262049637361,1.258344391140147
2018-01-18,1.3118584540480354,1.1675752989169728,1.1895013446319567,1.197179064683417,1.0032010978586992,1.2564050219454956
2018-01-19,1.3186671229369828,1.1703442947754026,1.1929363360950251,1.2037644398937182,1.0088591983483586,1.2618658773093825
2018-01-22,1.3310745007853861,1.174942679882439,1.1982916373325179,1.2094025581374874,1.008033691531582,1.2721241196284598
2018-01-23,1.3395182037193714,1.1798894483329192,1.2037874849328174,1.210978514230236,1.0083284250351907,1.2746759212003695
2018-01-24,1.3424622386069782,1.18088037396281,1.2045406069401396,1.215098438624409,1.0133483160682044,1.2741655608859876
2018-01-25,1.3444230513751751,1.1823894394390506,1.206111149645956,1.21748918553728,1.0200672846190482,1.2749311013575604
2018-01-26,1.358854759999756,1.1872241561478192,1.2122564565981595,1.2406270283863816,1.037465573413456,1.2896294784117606
2018-01-29,1.3403251580662539,1.1790237038459204,1.2024984433974872,1.2282118772523398,1.0311012748531383,1.2810043890987055
2018-01-30,1.3198970592370685,1.1703076657490108,1.1921995788419189,1.2114672820761059,1.0170464655168052,1.2674288047361455
2018-01-31,1.3264938933264843,1.1729830655063438,1.1954242168214184,1.2173796619140531,1.0203816811168476,1.2687047055221004
2018-02-01,1.3168197179888288,1.1680659781865919,1.1890921746157117,1.2172112854934856,1.026492445999437,1.2676839848933363
2018-02-02,1.2755263209154453,1.1511532377684544,1.1685893147798194,1.1876720429855019,1.0029274619153998,1.23986934775952
2018-02-05,1.2186469855702968,1.133425995800888,1.1429267063944604,1.1350172629568,0.9595127894251906,1.1885781361641334
2018-02-06,1.2339616121715815,1.1359343527016872,1.150749246596685,1.1581901195545006,0.9858053535546366,1.2108808819026249
2018-02-07,1.2216659809944026,1.1300681299037911,1.1419264349683627,1.1480636336084065,0.9788203093713528,1.2046034500357268
2018-02-08,1.1831552999469934,1.1166798501605126,1.118398423625363,1.1152564897156942,0.955787711693617,1.1600489945901822
2018-02-09,1.1936297717836333,1.1204207696839872,1.1244047875397118,1.1286311288922592,0.9616249418984207,1.1779116055935506
2018-02-12,1.2080138660050712,1.1255431339848527,1.1339164347467536,1.140730051668224,0.9694971928596028,1.1940389915280203
2018-02-13,1.211108960934223,1.1270981558926847,1.1359749606162042,1.1453090152653562,0.9708753850705657,1.1973052975400647
2018-02-14,1.222969936410201,1.1282474657237138,1.1408510444788091,1.1610385551171443,0.9904726384595912,1.2135857915688488
2018-02-15,1.235683318259958,1.1334662410939633,1.150787810479146,1.1706945440784369,0.9900010466176128,1.2282841686230492
2018-02-16,1.23788533798059,1.135685919879355,1.1539743943049012,1.1698765305441252,0.9866279103919859,1.2293048892518132
2018-02-20,1.2274865065484335,1.1306499369393277,1.1452605559210176,1.1603222834945417,0.992569019720774,1.2215984485046458
2018-02-21,1.2181672898213483,1.125991097531896,1.1371371283410323,1.1558156816663923,0.9954970290604254,1.2149637644176803
2018-02-22,1.223253567069592,1.1284066623590234,1.1412365473565438,1.1599449474316774,0.9919740394488931,1.2162907012350732
2018-02-23,1.2406273167158761,1.1361208236430056,1.1546932542307666,1.171160236554358,0.9942288002470492,1.236041645401655
2018-02-26,1.2496063172611676,1.1400081330931067,1.16129503968643,1.1803092413063085,1.0021807968953274,1.2506889864244173
2018-02-27,1.2319662706845516,1.1314022149058187,1.1473378989454097,1.1597518161281792,0.9920926906865717,1.2348167806471384
2018-02-28,1.2211589361551196,1.1282178150225732,1.1409417618793096,1.15227266359376,0.9905724126085308,1.2214453404103314
2018-03-01,1.2130643230748968,1.1276148509174613,1.1367942284336199,1.1427915095298538,0.9790739621591252,1.2048586301929178
2018-03-02,1.2158883727619882,1.1272818715418602,1.1376772663411125,1.1445347380851003,0.98217738805989,1.2109319179340632
2018-03-05,1.22558525914154,1.1306777323851083,1.1440800664861634,1.1520322465685957,0.9841959777266835,1.2246606103909377
2018-03-06,1.2294593164656513,1.1320955511590698,1.146914658813313,1.1573110568926996,0.9903126395582754,1.2278248443401056
2018-03-07,1.2264450506684064,1.1302365508511234,1.1440942140999273,1.157820668211502,0.9934697954294632,1.2278248443401056
2018-03-08,1.2300346913329867,1.1324800358289222,1.1475382380879786,1.1600433195234061,0.9929271724383308,1.2332346636725542
2018-03-09,1.2436891754224917,1.1361141388341471,1.1554291875232605,1.1736688337116388,1.0005531256124442,1.2545166887822818
2018-03-12,1.2436471315137463,1.13719896604721,1.1562504918934173,1.1748447239541313,1.0001549908830083,1.2535470041849561
2018-03-13,1.2393601012112065,1.1365195780491204,1.153922733056301,1.1686517269715644,0.9938091377709587,1.2453302031234066
2018-03-14,1.2369147522181752,1.1361652330820893,1.1528983761571892,1.1684339212840296,0.9929375549161041,1.2387465550678793
2018-03-15,1.234173937150582,1.1352701558097198,1.15118397668946,1.1668166596795337,0.9904764278530668,1.2377258344391155
2018-03-16,1.2362519625149577,1.135097815411196,1.1521725955807016,1.1674127480510204,0.9853779732199301,1.2390527712565085
2018-03-19,1.2241128698631147,1.1303625077584656,1.1432802227316967,1.1569131387248957,0.9794405951676551,1.222721241196286
2018-03-20,1.225303895332376,1.1296146052683276,1.1429244279724406,1.1604603340024784,0.9825828705661609,1.2241502500765555
2018-03-21,1.2291281401362186,1.1328322302244993,1.1464625536922095,1.1609883324459334,0.9808984957463689,1.22175155659896
2018-03-22,1.2087644868525862,1.127365892521775,1.134463445613864,1.1379549870478884,0.9591867254741151,1.1915382259875484
2018-03-23,1.194020962574394,1.1231554977075147,1.1251178294458204,1.1203016229922336,0.9482738377393701,1.165816066142698
2018-03-26,1.2143980765223992,1.1293141392418709,1.1385712945230162,1.1434021004197874,0.9650373265965754,1.1980198019801993
2018-03-27,1.2060600744400098,1.1294288855640358,1.13573938961235,1.1281473491167084,0.944548270903273,1.1782178217821795
2018-03-28,1.2045666776224098,1.128867059626042,1.1352539314759778,1.1245476912045451,0.9365287750845716,1.1740839032356856
2018-03-29,1.2171155851980646,1.1347367138479272,1.1452793160529962,1.1359079698549568,0.9437243709228056,1.1902623252015934
2018-04-02,1.2000431731733692,1.1294340525593038,1.1338548214068493,1.1221981067553788,0.9389840263105507,1.1635704807594172
2018-04-03,1.2087919540039422,1.1304561958386379,1.1383329639597661,1.127078668354852,0.9366646598917332,1.1780647136878648
2018-04-04,1.2153290180400298,1.1318105985037012,1.142408286385116,1.1339737536459262,0.9395239224782461,1.1918444421761774
2018-04-05,1.2208690543947516,1.133212404399459,1.145777824442026,1.1380380339913707,0.9400290719192098,1.2000102072062886
2018-04-06,1.207028397331878,1.1313896633443017,1.1388479982416013,1.127655601878867,0.9362550172409229,1.1734204348269888
2018-04-09,1.2107606036324168,1.133187240485829,1.1421796650341423,1.1320237118762153,0.9374144873046713,1.1785240379708084
2018-04-10,1.2232525008855204,1.136611989558378,1.1501158775423912,1.1435591439007848,0.9402458674082845,1.197764621823008
2018-04-11,1.2220780383361085,1.1370597400032905,1.1501104255882628,1.1431070188036137,0.9338194749462567,1.1915382259875482
2018-04-12,1.223120161858472,1.134601731130256,1.1484896852048176,1.148083769180958,0.9435319566112527,1.2014392160865581
2018-04-13,1.2233767162690647,1.1352017549427902,1.1494069057663907,1.1419850416112869,0.9306723519948982,1.1978666938858846
2018-04-16,1.2298960909338728,1.1371826987876776,1.1538458022200042,1.1449887017920335,0.9258649393303102,1.2080739001735237
2018-04-17,1.2371164413936822,1.1397783030389992,1.158969696370745,1.1480308024204888,0.9270391263606393,1.2205266918444433
2018-04-18,1.239502337016426,1.1380755971494179,1.1581202635644197,1.1537691320634424,0.9284318804456388,1.2216494845360835
2018-04-19,1.2325151195267185,1.1343303915794132,1.1513177497288354,1.154361876949582,0.9394893737474795,1.2148616923548035
2018-04-20,1.224024172544425,1.1295751199363024,1.1434457151570367,1.1477815356242735,0.9398533208360272,1.2048586301929172
2018-04-23,1.2225751601191754,1.12828918016672,1.1416219298456094,1.1418912995045118,0.9362652017426905,1.2044503419414114
2018-04-24,1.2134905222794459,1.125236149299441,1.1352775037342753,1.1370739247194157,0.9319350131410192,1.1885271001326945
2018-04-25,1.2134439259178464,1.1241899792867536,1.134099470767157,1.1355732438386037,0.9291331193974008,1.1911809737674808
2018-04-26,1.2225908593330947,1.128233995605343,1.1415936607293273,1.1433792902604485,0.9292816155610591,1.2029702970297038
2018-04-27,1.2259968117689195,1.130726438907487,1.1452934211692472,1.1443693267935862,0.9237853329470239,1.2045013779728495
2018-04-30,1.2198946454866686,1.1281313512449311,1.1408964939866753,1.1385922956822219,0.9209238804658318,1.1952638562825362
2018-05-01,1.2177532478146444,1.1257843912463592,1.1380536470154183,1.138611806235046,0.9227178233297108,1.1972032254771876
2018-05-02,1.2125818652299287,1.124602255513789,1.134887291797807,1.1327025522504417,0.9204679793208602,1.1890884964785144
2018-05-03,1.2126567048111685,1.126563214905084,1.1364374442862217,1.1335667816064776,0.9210611829139678,1.1864856588751664
2018-05-04,1.2220136459590425,1.1293406333773106,1.142474238664811,1.139833884847627,0.9197243503165171,1.2015412881494343
2018-05-07,1.2228606422025574,1.1293849373612976,1.1426905886567245,1.139717032463902,0.9180556205101792,1.2060324589159954
2018-05-08,1.2213670037335038,1.128511535675689,1.140905494384234,1.143385923799731,0.9210496624758082,1.205930386853119
2018-05-09,1.2276899197169469,1.1292880597063975,1.143875687081423,1.1462769985622614,0.9175916798180966,1.2175666020210274
2018-05-10,1.2383117075224124,1.1339807595245965,1.1524366722436334,1.1568896452712858,0.9217880682488327,1.2289986730631832
2018-05-11,1.2391239401923135,1.1342374261193686,1.1531123937651848,1.154824693418936,0.9216537859303727,1.2319077268551604
2018-05-14,1.2392898514135933,1.1336093643174634,1.152426104152745,1.1558211821388011,0.9229736422981707,1.2332856997039916
2018-05-15,1.229023264931131,1.12717356262444,1.1420973674571386,1.1475447880206604,0.9252264656279124,1.2246095743594982
2018-05-16,1.232668685673174,1.1277244583520738,1.1438150513634686,1.152010870592686,0.9281363907435133,1.2296621414718798
2018-05-17,1.2315347729452573,1.1273295606120184,1.142846444005844,1.1507076510512662,0.9233291604870507,1.2290497090946215
2018-05-18,1.2305825327115225,1.128990045860482,1.1441213380923958,1.1463086624585301,0.9203733164821969,1.226038583239768
2018-05-21,1.237903431654958,1.1316782960778995,1.1492151613850725,1.1512990988715006,0.9221492890203469,1.2351229968357667
2018-05-22,1.2354923419378256,1.130890289811777,1.1476579510743028,1.1528924701150904,0.9273933482413546,1.2316015106665312
2018-05-23,1.2387808372764013,1.1345198795021263,1.1521023135417965,1.154820031642705,0.9270197982498999,1.235174032867205
2018-05-24,1.2378096724446508,1.1361572103809092,1.1534157361378086,1.1500733768471916,0.9219164087147462,1.23277533938961
2018-05-25,1.2352371258074677,1.1370473094967022,1.1533280479448946,1.1404592735102077,0.9110827988574678,1.2299683576605092
2018-05-29,1.2270492256093455,1.1408687870377001,1.1532259504549278,1.1289795251494823,0.8998563739810022,1.2159844850464436
2018-05-30,1.2396201246112204,1.1429900731894584,1.159979350760093,1.1433280747709293,0.9062929693439675,1.2316525466979698
2018-05-31,1.2329318022452174,1.1396267435759144,1.154551627015598,1.1386503035030762,0.9063987826455128,1.223639889762173
2018-06-01,1.2381339440963954,1.1389344495820273,1.1561627926882119,1.1435897206982553,0.9131488014883237,1.2362968255588456
2018-06-04,1.2396596291938065,1.1369418892531356,1.1555573145329008,1.1393438014136537,0.9080831788256074,1.2420638971113616
2018-06-05,1.2395294952880993,1.1383642109879613,1.1566822947042095,1.1385094391426838,0.907345567601847,1.2433908339287545
2018-06-06,1.244954342484937,1.138450234552469,1.1586762033964197,1.1408982035189086,0.9046269589921783,1.2535470041849555
2018-06-07,1.2470211192300287,1.1420804838730818,1.1624047221214755,1.1444153693135586,0.9106292225309557,1.2532407879963263
2018-06-08,1.2486935441888125,1.1418797099674816,1.1629064736030001,1.1429803235968414,0.9043951724241703,1.2571195263856292
2018-06-11,1.2505472066540049,1.1420576090315115,1.1640385595319578,1.1445471146040542,0.9032955115904576,1.2587526793916513
2018-06-12,1.2510832293040188,1.1415424227785176,1.1641162277572514,1.1438143613367013,0.9012930042247221,1.26048790446055
2018-06-13,1.246668108488189,1.1392798732334009,1.1606996034003176,1.1414995487346349,0.9059183556546765,1.2561498417883035
2018-06-14,1.2492173326016651,1.1418986699551517,1.1645522893261244,1.1385831423710355,0.8979928039291795,1.259160967643157
2018-06-15,1.2440660689817635,1.1394121028499615,1.1606673698210495,1.1272660795296867,0.8841855101249703,1.2517097070531804
2018-06-18,1.241518125823773,1.1389820911667814,1.1589497134898836,1.1306744185683548,0.8897401195690205,1.249719301827091
2018-06-19,1.2368097523061863,1.1381419491458387,1.1564503476024335,1.1245140951103652,0.8814482105285112,1.2447177707461476
2018-06-20,1.2370289625452178,1.136212543368978,1.1548148446174817,1.1264878412142927,0.8825124628667896,1.2471164642237431
2018-06-21,1.230523330963826,1.1351491206571789,1.1513239640860915,1.1162940791670193,0.8723390225739271,1.2391038072879463
2018-06-22,1.2385336700629728,1.1388266903732926,1.1572778019437364,1.1258586858642827,0.8748565113475851,1.2414514647341033
2018-06-25,1.227766388146192,1.135599947180156,1.1504934258136252,1.110647368351679,0.8595875490756689,1.2248137184852517
2018-06-26,1.2304630861624375,1.1367787022648483,1.1526116370906991,1.1175699500465779,0.8647169287136135,1.2271103398999703
2018-06-27,1.2256514429278442,1.1371020494146533,1.1509215560539388,1.1098172632880543,0.8604480110161348,1.2190466469327355
2018-06-28,1.2294575312505927,1.1377875044875714,1.1524550360706838,1.1161269287117876,0.8637153684228879,1.2240481780136787
2018-06-29,1.2331255644270924,1.1385783851112288,1.1542729700406504,1.1184149884819565,0.8642720046175061,1.2260385832397684
2018-07-02,1.2288153293246695,1.1360881470338247,1.1508206074575689,1.116807946579566,0.8645755632811021,1.228284168623049
2018-07-03,1.2298030540176603,1.138340597698558,1.1534121700829232,1.1141181639167068,0.8582722118216227,1.2239461059508026
2018-07-05,1.2383175015629075,1.1419697257455674,1.16023817793199,1.1201546810530003,0.8559598630535573,1.2335919158926214
2018-07-06,1.246495975971518,1.1453837531767372,1.1662289768252871,1.125428017082418,0.8557553494575557,1.244156374400328
2018-07-09,1.2528763890352013,1.145948761038574,1.168981968429418,1.133789812304327,0.868897688157885,1.2556394814739218
2018-07-10,1.25599447729555,1.1465206112927315,1.1705530704697142,1.1357826989970774,0.8674657708447169,1.2597734000204157
2018-07-11,1.2438424198351312,1.1428182233777102,1.1633066029630736,1.1243563315753824,0.8661780358116771,1.251199346738799
2018-07-12,1.251111098082404,1.1453829100426698,1.1685336568392746,1.1282400052932673,0.8666344190249402,1.26191691334082
2018-07-13,1.252720139611064,1.1465611193854663,1.1701170640548912,1.1304169059761366,0.8653057846780574,1.2631417780953367
2018-07-16,1.2477290125262597,1.1438606089272618,1.1659327238402752,1.123178226687774,0.8605955762259792,1.2623762376237637
2018-07-17,1.249832495211783,1.1436730829490966,1.1665070947333709,1.1241409929855504,0.8589043325451023,1.2670715525160776
2018-07-18,1.2510024520182577,1.1437387201368239,1.1667052289779984,1.1257048001312935,0.8629660521193628,1.2699295702766167
2018-07-19,1.2491589571074515,1.1446521870877113,1.1670230102399461,1.1249750952292796,0.8666411678952138,1.2649790752271117
2018-07-20,1.2483677665185282,1.143456264398625,1.1654468013466621,1.1247848722248128,0.8645547117488441,1.2638562825354713
2018-07-23,1.244988338587261,1.1399995522398274,1.161011889464364,1.1245787695000409,0.865164785782779,1.2662039399816285
2018-07-24,1.2517345758471679,1.1426539046742181,1.1657795548799699,1.1293528589280288,0.8624514257665907,1.272124119628459
2018-07-25,1.262751353126114,1.1460414819532605,1.1726465043620138,1.136864265483145,0.8623599235655232,1.283862406859244
2018-07-26,1.2621402547497635,1.1455887809360323,1.1720976853759486,1.131521732894906,0.8621970266710193,1.2800347045013794
2018-07-27,1.2587857174744206,1.1451626308764795,1.1706291005737968,1.1232746600376566,0.8541202996772848,1.2717668674083915
2018-07-30,1.2557278286667406,1.1438613190714284,1.1683767464775148,1.1155326911647518,0.8507017633037398,1.2646728590384824
2018-07-31,1.2630717563462395,1.1468457487767372,1.1741117411399666,1.1179037043117892,0.8483646886010063,1.2705420026538747
2018-08-01,1.2553996167039962,1.143256223426529,1.1684330483427103,1.1142529197458961,0.8532451118312089,1.2691640298050435
2018-08-02,1.2559900006289328,1.1448126401721286,1.1698533528920803,1.120041033467833,0.8599933105743455,1.2759518219863233
2018-08-03,1.26340192788645,1.1481768325173105,1.1755489118617692,1.121073394966835,0.8570674975680767,1.2815147494130865
2018-08-06,1.2645097552866547,1.1490550998915277,1.176706909101535,1.1250235784349414,0.8631110389188156,1.2862100643054004
2018-08-07,1.2678813435125562,1.149123827277891,1.1775576331370798,1.1302725466148047,0.8672189618636482,1.2903439828518943
2018-08-08,1.2644893418831957,1.1480730095066416,1.1754269168316926,1.1256648497787989,0.8653591070935005,1.2897315504746358
2018-08-09,1.263667380018848,1.149445276871736,1.176282091283311,1.1236075341586844,0.8655269443070257,1.2881494335000518
2018-08-10,1.2550668905782019,1.1488214391281024,1.1726685280067575,1.1207645254734149,0.868291122991659,1.2794222721241204
2018-08-13,1.2473790249447423,1.1456380676284768,1.1676209636778563,1.1167930089752358,0.868479147499924,1.2745228131060535
2018-08-14,1.2536216848284498,1.1475811952169042,1.1715103663885014,1.1213851494915703,0.8715357000822099,1.2823823619475359
2018-08-15,1.2412655344116454,1.1446864224686024,1.1653515436040365,1.103155744509888,0.8579666702403759,1.273042768194346
2018-08-16,1.2512085287177515,1.147644994868501,1.1713210597344714,1.1086597106032192,0.8591015978769242,1.283556190670614
2018-08-17,1.2582443843920261,1.1509111795874436,1.1765136203414568,1.1108431128607366,0.8556247995165153,1.2878432173114225
2018-08-20,1.2633464182693999,1.1541926675808079,1.181104694124386,1.1137205087107176,0.8564010850612107,1.290803307134838
2018-08-21,1.2658575996679142,1.1540556902580201,1.1817265431625923,1.1174637658886266,0.8577788834474346,1.293457180769624
2018-08-22,1.2672070324088942,1.1553083652092468,1.1830094065166046,1.1244298447169379,0.8652838803556843,1.293202000612433
2018-08-23,1.2618703569986744,1.1533098685422103,1.1797593885433426,1.1236834830521831,0.8711240945173634,1.2913136674492198
2018-08-24,1.2721851324846176,1.1573857522866255,1.186699629671303,1.1297679210676737,0.8671743632225889,1.2991221802592638
2018-08-27,1.2796002872193684,1.1583257538228957,1.1896933503632017,1.1338332563857831,0.8661289084825152,1.30912524242115
2018-08-28,1.2770736711699708,1.1561348964233606,1.1868549164563194,1.1378011521144964,0.8716887771188693,1.309584566704094
2018-08-29,1.2840563544680228,1.158056586743567,1.1905513055744743,1.144056417980114,0.8729452456668635,1.3168827191997554
2018-08-30,1.276273415745213,1.1571821110019487,1.187262434584153,1.139362898710453,0.8777423494046112,1.3117791160559358
2018-08-31,1.2752107249038442,1.1571619888011424,1.186854063968311,1.1378151901513494,0.8770681527074474,1.3115239358987452
2018-09-04,1.268225067915384,1.153948463875547,1.1815007600041065,1.1380354535546322,0.8833951217061183,1.3095845667040937
2018-09-05,1.267930047218009,1.154014100995706,1.181376978731498,1.131756396116222,0.8771852584576325,1.3061141165662964
2018-09-06,1.2665787592323292,1.1550274528057858,1.1822332080566886,1.124579685241439,0.8684768457094297,1.3020312340512408
2018-09-07,1.260161663356115,1.150029169419271,1.17585702703311,1.1237677028953577,0.8716431333514889,1.299173216290702
2018-09-10,1.2630570857574202,1.1518702113626835,1.1788415425924517,1.1260526564993814,0.8736631564801245,1.3016739818311736
2018-09-11,1.2649076370763634,1.150649704567524,1.178207399798208,1.1331141874441168,0.8795396586211361,1.3064203327549255
2018-09-12,1.269305109463369,1.1527855188939582,1.1819368356758213,1.1315638869260074,0.8726528416532336,1.3066244768806783
2018-09-13,1.2747448761688953,1.1546703910639444,1.1855706085300621,1.1363397322309137,0.8743107687542323,1.3139226293763402
2018-09-14,1.2722890343173534,1.152573463917633,1.1830379586042192,1.1328034123602697,0.8738702259423997,1.3144840257221606
2018-09-17,1.2701667179035254,1.1518988676328743,1.1818713052895142,1.1274489078825882,0.8680396499979985,1.307594161478004
2018-09-18,1.2745012305810692,1.1516534950119097,1.182476787835719,1.1349023855752243,0.8709503041484811,1.3144840257221604
2018-09-19,1.2751834097297798,1.1506377810788617,1.181283687189027,1.1378440002818295,0.8681660586442064,1.315964070633868
2018-09-20,1.2854079336804114,1.1546308519387272,1.1875308233236292,1.1454635041913528,0.8689373992404192,1.3262733489843832
2018-09-21,1.28633363882457,1.154676154431199,1.1882364070984315,1.1444700440729043,0.8690333071895333,1.3255078085128105
2018-09-24,1.2788216378075714,1.151920705650546,1.1833606326734059,1.1419133874567038,0.8729850327217482,1.3211697458405638
2018-09-25,1.2772785739242056,1.1512400933988451,1.1823063017318078,1.1381900442577244,0.868743546044303,1.319434520771665
2018-09-26,1.2731086852440863,1.1509092001603358,1.1815529089631447,1.1346916233117976,0.8666970091391883,1.3153516382566095
2018-09-27,1.2748979248275154,1.1515963911818397,1.1827974023945012,1.1376228361167242,0.8698488785549678,1.3193324487087887
2018-09-28,1.2764314422120797,1.1531122181770328,1.1844043155038415,1.1345388796796012,0.8686366008936048,1.318822088394407
2018-10-01,1.2805143828464118,1.1534996164160216,1.1858085759541586,1.1383031826197691,0.8738788136246477,1.3239767275696648
2018-10-02,1.282156400143786,1.155554801091075,1.1877597104273363,1.135673186595107,0.8726476859603449,1.323568439318159
2018-10-03,1.2761932687664117,1.1508250337359462,1.181223089996218,1.1386466283350987,0.878838450961861,1.3242319077268558
2018-10-04,1.2642346674783878,1.1460015958928682,1.173150443178067,1.1265335330410537,0.8744211139471179,1.314126773502093
2018-10-05,1.2590336087719398,1.1435489805289625,1.1687960135399755,1.1197172504371118,0.8709937610528672,1.3063182606920491
2018-10-08,1.2601089058587307,1.1431465641348482,1.1684698852249538,1.118989481116751,0.872853946263085,1.3062672246606108
2018-10-09,1.2581825248109413,1.144150168219884,1.1688527882696054,1.1213303120415985,0.8739274650782697,1.3048382157803413
2018-10-10,1.2244944817507364,1.1339454489613838,1.1507904823576378,1.0871635803391384,0.8492376046013734,1.2630397060324594
2018-10-11,1.2051437556308457,1.1300887107731832,1.1424830294437602,1.0702380657517672,0.8280778527500595,1.2370113299989798
2018-10-12,1.2147246541978702,1.1326640714789977,1.1481305314314254,1.0857849548654679,0.8380273440601343,1.252781463713382
2018-10-15,1.212384192973828,1.1328096188861605,1.1472648025459065,1.0796345703703556,0.8325997659672271,1.2458405634377876
2018-10-16,1.2319879739739645,1.1388338790668335,1.1587418538971404,1.0960105603592585,0.8392180355404497,1.2719710115341434
2018-10-17,1.2267366981691123,1.1360860373163115,1.1542286340900028,1.0926459466699354,0.8408233791349194,1.2727875880371546
2018-10-18,1.2137837872364878,1.133336874067854,1.1475081086846626,1.0828151632343375,0.8382358229742668,1.2544656527508427
2018-10-19,1.2161163382205509,1.133422632257765,1.148401147891228,1.0787275301699528,0.8272666115310703,1.2535470041849552
2018-10-22,1.2108020888583968,1.1308028217661534,1.1446809315624187,1.0790370152674664,0.8287895309808965,1.2482902929468211
2018-10-23,1.2029552989249455,1.129894304213296,1.1416430505570372,1.066480169758379,0.8200713712685496,1.241451464734103
2018-10-24,1.1822190626028288,1.1276384477639856,1.1327418699235485,1.042207266090584,0.7996281214523411,1.2037358375012768
2018-10-25,1.1938204619896,1.1297195671633524,1.1384458932332153,1.0569419502610022,0.8113139871472814,1.2255282229253863
2018-10-26,1.181670652325825,1.127565540903632,1.1322230468533077,1.0464742968659422,0.8102831784552813,1.203786873532715
2018-10-29,1.1776082125180305,1.1269099889369503,1.1302451299703513,1.0400517772583973,0.8073521338256575,1.1968459732571204
2018-10-30,1.1906797166602083,1.1293801802442893,1.1367962725496092,1.049920814688575,0.8103405088555523,1.2158824129835673
2018-10-31,1.1932270092406452,1.1279495831557842,1.1360724325084104,1.0558496594710944,0.8154952679302767,1.2285903848116777
2018-11-01,1.206559612909286,1.1331489494109,1.1454813103420844,1.0607739912361172,0.8060960772510679,1.2407879963254065
2018-11-02,1.20157534834698,1.1283423400650705,1.1395543966335153,1.0555823472075267,0.8004812678269697,1.233642951924059
2018-11-05,1.2091066988021724,1.1317487723863813,1.144963936995029,1.0595487023336452,0.7990489851391783,1.2412473206083503
2018-11-06,1.2142832421316503,1.1331416912692844,1.1482800420417278,1.0628700354329084,0.7981925064970409,1.2486985811983267
2018-11-07,1.2309087884472534,1.1381059766738397,1.158659973643864,1.076685431185097,0.8039185045440543,1.2753904256405029
2018-11-08,1.2251940825634642,1.1355583627650705,1.1543044438222687,1.0745527758813247,0.8105664213347681,1.2730427681943457
2018-11-09,1.2174110896488528,1.1340777616677788,1.1503346129394565,1.0673629110136233,0.810394788245313,1.2609982647749316
2018-11-12,1.2035203962213752,1.131082042901261,1.142763311677088,1.0546397635742493,0.8041260189449038,1.2367561498417887
2018-11-13,1.2009677820848108,1.1300397023900421,1.1407743828160175,1.0481579000620933,0.7958593584036601,1.234765744615699
2018-11-14,1.1976466806250063,1.1304407962869218,1.139363888422413,1.0463889844644523,0.7919172219959676,1.226140655302644
2018-11-15,1.2047690719063764,1.132757706728728,1.143080717547123,1.0529894268422484,0.7944499489434621,1.239154843319384
2018-11-16,1.2107270655791451,1.1369279601029945,1.1483063064831058,1.0546437206442907,0.792470716521937,1.2424211493314283
2018-11-19,1.2014842420615053,1.1358611460669905,1.143810835882648,1.0405814936899798,0.783933439674882,1.2214963764417681
2018-11-20,1.1826621836090923,1.1287861045313843,1.1314520289386634,1.026576886429174,0.7825665602718,1.1989384505460856
2018-11-21,1.187751571973334,1.1305195225603284,1.1351518595338816,1.0279527078790673,0.7764116083576738,1.2029192609982648
2018-11-23,1.1796939705856735,1.1273337514738655,1.1298046806972746,1.0226109854292382,0.7799177065854562,1.1951617842196594
2018-11-26,1.1903522364495782,1.130865558060404,1.1364658351291277,1.0323093964785859,0.7836613448514218,1.2138409717260388
2018-11-27,1.1913624094462876,1.131354285115714,1.137120196663498,1.0356460691493639,0.7875005188475083,1.2177197101153414
2018-11-28,1.2074927640882769,1.1375306023785343,1.148234923685268,1.0421612896693269,0.7867270309357339,1.245279167091967
2018-11-29,1.2071644214463397,1.1383515148454084,1.1485930420239185,1.0447086570219677,0.7889310702225303,1.2433908339287536
2018-11-30,1.2125722315042944,1.1412936001009202,1.1525371546296135,1.0485842230742608,0.7913362218415435,1.2513014188016738
2018-12-03,1.2263563793312886,1.1468705123891154,1.1621161198556227,1.0627890115298384,0.7863472755808724,1.26753087679902
2018-12-04,1.2052919467728465,1.1428286172974973,1.1511410109878837,1.0496416427273423,0.7844515488628049,1.2272634479942839
2018-12-06,1.2023050772542785,1.1439816749244116,1.1512024960661957,1.0509428050107692,0.7917865912879175,1.2244564662651831
2018-12-07,1.189223430191337,1.1427779245675471,1.1450547754490292,1.033633867307545,0.7842775614230074,1.1966928651628048
2018-12-10,1.1866148717555878,1.1419801667529053,1.1439206335828758,1.0356543607211206,0.7896383721121237,1.1985811983260182
2018-12-11,1.1875956283741522,1.1407440799936805,1.143898248910076,1.038062022338837,0.7895796172586806,1.1987343064203326
2018-12-12,1.191089346048964,1.1409945500579717,1.1456368866763242,1.042341546205873,0.7882901325495382,1.2052158824129835
2018-12-13,1.192068522616555,1.1433573717491776,1.1481751082384284,1.0434082051382507,0.7917570614863223,1.2045013779728486
2018-12-14,1.1786870435812373,1.1394750273737877,1.1396371687859284,1.0305645553252964,0.782990627063572,1.182657956517301
2018-12-17,1.1628369370028602,1.1358083057035426,1.1299556949694385,1.0093700686646463,0.7773662827814897,1.1581606614269673
2018-12-18,1.161647916162307,1.1367916101159876,1.1304662600239694,1.008221199891076,0.7740457577341698,1.1579054812697762
2018-12-19,1.1517275537744638,1.1346044777315187,1.124106790160116,1.0018488644823236,0.7704093682506956,1.1394304378891493
2018-12-20,1.1414816441560456,1.1307071944644345,1.1158912731884667,0.9928239589226001,0.763802176097119,1.121567826885781
2018-12-21,1.1292234316741232,1.1270603975706714,1.1076860313465018,0.9831598325168531,0.7606567559503926,1.0984485046442785
2018-12-24,1.1096513479521848,1.1219322509546237,1.0946369841531078,0.9616714683402509,0.7562879948947313,1.0699703991017655
2018-12-26,1.139639676628619,1.1295916503214083,1.114463797681698,0.9844165491492433,0.7606084513127207,1.122639583545983
2018-12-27,1.1447109215885833,1.1338031543163956,1.119888542973733,0.9886384582455121,0.7626231387852929,1.1331530060222514
2018-12-28,1.1457317816388664,1.1384456147581778,1.124591348847802,0.9911944962719796,0.7644742222978492,1.130958456670409
2018-12-31,1.1508306781586586,1.1419543314868599,1.130040799877596,0.9937932087711303,0.7659710324544151,1.14167602327243
2019-01-02,1.150636768596748,1.142698518056532,1.1304553587923603,0.9821628605622563,0.7544860644888373,1.1423905277125648
2019-01-03,1.1412171971444172,1.1456906156112052,1.1285113744567068,0.9808316565401453,0.7607557950957525,1.1146269266101865
2019-01-04,1.161261388639013,1.1480306114373067,1.1411291531590333,0.9959412954697946,0.7563959178967382,1.1522404817801366
2019-01-07,1.1657764025769308,1.1483468667010097,1.1443161554551624,0.9960380795678911,0.7537540122949579,1.1609166071246297
2019-01-08,1.1725920581839009,1.149854745409476,1.1500460873500753,1.001233169992939,0.7534416487729595,1.1715831376952126
2019-01-09,1.1776656857287162,1.1530933411261595,1.1554787433564482,1.0004886459249862,0.7471578951258798,1.1775033173420433
2019-01-10,1.1808340329383114,1.153569270680404,1.1574747245475183,1.002949300649116,0.7461797082774956,1.1823517403286719
2019-01-11,1.1801812188445078,1.1551004199108095,1.1583251754891233,1.004570337023109,0.748412635932294,1.1815351638256608
2019-01-14,1.1750818151755302,1.1523838444293526,1.1529296833683358,0.9912533279145439,0.7453659834435381,1.1749004797386955
2019-01-15,1.1804604347179983,1.1548020564883372,1.157793652076394,0.9997213764614615,0.7513688477410787,1.1880167398183117
2019-01-16,1.1834821330286556,1.1560581600875341,1.1606277638584332,1.000729284244309,0.7457979836863702,1.1913851178932324
2019-01-17,1.1887745625836899,1.1575698656172535,1.1648856757503578,1.004226420289434,0.7436724530476314,1.2006736756149838
2019-01-18,1.196998877006879,1.1578966784094074,1.169860953331254,1.0016856476604263,0.7380976729676197,1.2162907012350717
2019-01-22,1.1885500182847126,1.157488669139071,1.1649776281371333,1.0053758740834315,0.7446166492694071,1.200418495457793
2019-01-23,1.1902467900357017,1.1581594029285731,1.1670656834505795,1.0085902672261178,0.7473651263222708,1.2023068286210061
2019-01-24,1.192119386632685,1.1612302977930768,1.1704737164529047,1.0141691765430871,0.7445552058295488,1.2034296213126463
2019-01-25,1.1987224742622233,1.1626247388440623,1.175138082198918,1.022205425317809,0.7427730447590253,1.2133816474430943
2019-01-28,1.1944069822224723,1.1614346214046927,1.1720056181335718,1.0159153479717058,0.744711735845221,1.2042461978156573
2019-01-29,1.1975803984856632,1.165054377455958,1.1767490260459879,1.0212569654160282,0.7415021328822736,1.2030723690925786
2019-01-30,1.2087171731899404,1.1722574898295322,1.1887214443446987,1.029207861303879,0.7399614673277202,1.220934980095947
2019-01-31,1.2141697070887638,1.1782750690109782,1.1972722557981157,1.0456739905367594,0.7460878477045745,1.2317546187608444
2019-02-01,1.213443996593351,1.1743350867199631,1.193579475414072,1.0388091714090506,0.7427383988281695,1.2330305195467992
2019-02-04,1.2164029061824895,1.1741921713392687,1.1949354170654565,1.0379499968788344,0.7386252476308562,1.2418087169541687
2019-02-05,1.220729157032126,1.177234564635553,1.2001265239282048,1.042339461141725,0.7380161828403552,1.2470654281923028
2019-02-06,1.218190347964496,1.176269002990256,1.1977940042739474,1.0388441533866877,0.7396883992801918,1.2455853832805952
2019-02-07,1.2128887019022014,1.1768976792544312,1.1954220306642491,1.0419003914267106,0.7451756794072135,1.2334388077983047
2019-02-08,1.2132222059657403,1.1786797110577651,1.197164005241557,1.0453390815711923,0.7441443821238459,1.235122996835765
2019-02-11,1.213157534406244,1.1767499015865186,1.1955371313916094,1.0431594059614597,0.7435200586098931,1.2357864652444617
2019-02-12,1.2217821713766825,1.179867868305833,1.2024723982029653,1.0468484112364278,0.7380897302826052,1.2511993467387967
2019-02-13,1.2230023944709953,1.1778691615025916,1.20119213143733,1.0470867698324444,0.7395609514356574,1.255231193222414
2019-02-14,1.2227917018093186,1.181471812777859,1.2037079300089542,1.0523607274998792,0.7464430119657594,1.2529856078391335
2019-02-15,1.2324425719073078,1.185802806778387,1.2119563350082658,1.0553352041907682,0.7442172218723537,1.2663570480759405
2019-02-19,1.2361473426836467,1.1902326906564014,1.2170299937504456,1.0586527018696035,0.7430993752850922,1.268602633459221
2019-02-20,1.2384632934857522,1.1904591109918259,1.2181967593577103,1.0568482594915702,0.7381383215290251,1.2711033989996927
2019-02-21,1.2349508035947643,1.1862993633203434,1.2132604196476835,1.0549270015729706,0.7415233855035154,1.266714300296008
2019-02-22,1.2402605496466153,1.1911107724269123,1.219944237767181,1.0630123718061597,0.7420101365080938,1.2744717770746135
2019-02-25,1.2398215169416107,1.189651911740472,1.218535089417895,1.0590036232510378,0.7381349588293469,1.2764111462692649
2019-02-26,1.2398555652755672,1.1917092150982649,1.2203725607153872,1.0586849656364905,0.7386221635883947,1.2752883535776245
2019-02-27,1.23765004671227,1.1881941982267026,1.216350259736999,1.0493060955728488,0.7381346498269008,1.2745738491374898
2019-02-28,1.2339471336434413,1.1852544021755245,1.2124182435043929,1.04589228239501,0.7395163513653902,1.2721241196284563
2019-03-01,1.2350293615087922,1.181795587866759,1.210361761634155,1.0382272344383032,0.7378105162823262,1.2801878125956911
2019-03-04,1.234322694099428,1.1831572998909616,1.211174192219753,1.0417774435661171,0.736718718771317,1.275441461671939
2019-03-05,1.2343837934130193,1.1838053676124445,1.2117605018528543,1.043298504398256,0.7389163355608853,1.2740124527916694
2019-03-06,1.2301104047614673,1.183994279182224,1.209929045218775,1.0376119596626554,0.7392508391879855,1.2661529039501873
2019-03-07,1.2242760558102859,1.184357240933452,1.2077493517890736,1.0361280953492964,0.7423122572703316,1.2560477697254246
2019-03-08,1.2234473226802711,1.1860183014093975,1.2087218451205495,1.0390726127836671,0.7453702342257799,1.2531387159334475
2019-03-11,1.2336091967828362,1.1892455184749833,1.2161959690094926,1.0472135582026916,0.747001899753767,1.2713585791568833
2019-03-12,1.237920206402876,1.193220923963646,1.2215181563712694,1.0530948642464106,0.7472829325028985,1.2757476778605679
2019-03-13,1.2436329854939907,1.195843957648284,1.2260805515580362,1.0574657911918155,0.7488886304396662,1.2843727671736227
2019-03-14,1.2408622675982284,1.1934250213849595,1.222677723164657,1.0514897552367064,0.7471499327237159,1.2837603347963644
2019-03-15,1.2462238868477633,1.1975750857473533,1.2288173856163733,1.0581727371429968,0.7452856622886448,1.2900888026947008
2019-03-18,1.2502291604474287,1.198375022337768,1.230954521113233,1.054202773535453,0.7399184874641692,1.2950392977442058
2019-03-19,1.2495607113464307,1.197596960869664,1.23019450298576,1.048657147583155,0.7409059267616622,1.2954475859957113
2019-03-20,1.2509307093463073,1.2033383515075855,1.2362693217442597,1.0557256412929599,0.7437444256157439,1.2908033071348355
2019-03-21,1.2580840767166364,1.2059147734420668,1.2416329531535817,1.06503594797797,0.749452075214329,1.3049402878432157
2019-03-22,1.2441225498245922,1.2064377088521896,1.236366386157539,1.0643208214280613,0.7564583205963119,1.2809023170358258
2019-03-25,1.2457231985011168,1.2097046915037735,1.2397607335928984,1.0651522532027329,0.7562707496229927,1.2793202000612418
2019-03-26,1.2516347749791656,1.2116266216860425,1.2441894469031236,1.0710821546027032,0.7590971148433968,1.2887108298458696
2019-03-27,1.2483436240649537,1.2125470665728166,1.2434664823851085,1.066613376697734,0.7596752355917377,1.2818720016331515
2019-03-28,1.2510424253158163,1.212977648802306,1.2452244512031858,1.067145057957904,0.7605757141573172,1.287179748902724
2019-03-29,1.2563514666339557,1.2137387984414856,1.248445925870216,1.0723622802656145,0.7638359582956568,1.2951413698070824
2019-04-01,1.2632782843739678,1.2118682420182902,1.249551389388151,1.07171230696082,0.753745700513934,1.3102480351127883
2019-04-02,1.2635876285604226,1.2134079446734787,1.2509920696944823,1.0735564311283472,0.7551919074969902,1.3113708278044283
2019-04-03,1.2644078437390451,1.2115547836518974,1.2497992125188424,1.0715855386332622,0.7505988322464602,1.3135143411248325
2019-04-04,1.2676640273571513,1.213862800103515,1.2531164110957367,1.0704113687913757,0.7473791813577152,1.3168316831683151
2019-04-05,1.2732975071963752,1.2161733029272883,1.2577876513440773,1.0774676228049418,0.7510954962591172,1.323007042972337
2019-04-08,1.273416654575202,1.215286162769247,1.2569158780143568,1.0726245785346316,0.7491341933929344,1.324282943758292
2019-04-09,1.268840082627316,1.2148613942413713,1.2548543824339462,1.0717331769491587,0.7489462201830868,1.3175461876084502
2019-04-10,1.2735662039116609,1.2192831325958997,1.2611775268776375,1.0735363025902382,0.7496369149718296,1.3219352863121347
2019-04-11,1.2713328626491915,1.2160609051582103,1.2578642827306379,1.07190452987762,0.7517864306564133,1.3216801061549441
2019-04-12,1.2765603341586025,1.2158252281403137,1.2599621705677586,1.0727540997799403,0.7523661367569281,1.330356231499437
2019-04-15,1.2747280147715228,1.2155029483101383,1.2588096291866582,1.0728389701784158,0.7549559174153007,1.3296927630907405
2019-04-16,1.2723216865097349,1.2121840163693423,1.2544581569128717,1.0558485973631868,0.7437041726969692,1.3305603756251896
2019-04-17,1.2696914031017368,1.211604358729308,1.252452749658049,1.0443825288250344,0.7365322766513743,1.3273451056445833
2019-04-18,1.2719722730001795,1.213809062991848,1.2552498846420346,1.0480414279560366,0.7399050971310713,1.3297437991221788
2019-04-22,1.2706804402394942,1.212612514865003,1.2533013630229346,1.0435988455813776,0.7364118340588861,1.331172808002448
2019-04-23,1.2772902163154367,1.216386242657019,1.2596746484820533,1.0532287872077546,0.7435335486690108,1.3430131672961092
2019-04-24,1.275759574543581,1.2184569958850833,1.2609192700913008,1.0587023006344878,0.751293423127229,1.3398999693783795
2019-04-25,1.2727087307047753,1.217088551775192,1.258559453035325,1.0600907875283048,0.7531669073949498,1.3395427171583123
2019-04-26,1.2774686008366551,1.2220339062065018,1.264919490237106,1.0665503516545423,0.7564818626303961,1.3454118607737047
2019-04-29,1.2759040705795588,1.2193958119758288,1.2617809357062422,1.0627439629498796,0.7523562932968321,1.347096049811165
2019-04-30,1.2814129638630076,1.223907376774368,1.267563235017143,1.0727455929130325,0.7582281608628378,1.3475043380626706
2019-05-01,1.272246576745531,1.2186812569348469,1.2597357299920149,1.0699199462899889,0.7567063483720048,1.3381137082780428
2019-05-02,1.2682512206540886,1.2148678844663767,1.2552392535125678,1.0679449014144333,0.7546613568960922,1.3349494743288746
2019-05-03,1.2787113722068877,1.2208458464143426,1.2645107319594626,1.0756640221039309,0.7560711655792073,1.3480146983770525
2019-05-06,1.273174979287278,1.2203075671746368,1.2619875003582282,1.0710059670764358,0.7579968852262503,1.3427579871389184
2019-05-07,1.2580044779610817,1.216067129000235,1.2521076686596535,1.0602170713639387,0.7568190995438224,1.3208635296519324
2019-05-08,1.2558659678270054,1.2136171751027647,1.2491962539398376,1.056610947588654,0.7534794485311012,1.3193834847402246
2019-05-09,1.2526702593380876,1.2140870609166952,1.248140005559817,1.0550515238076814,0.7530698656080212,1.3145350617535962
2019-05-10,1.2599379301072562,1.2178799145337262,1.254362104905216,1.063619973001392,0.7567881684161564,1.3207614575890563
2019-05-13,1.2418616647094973,1.2143618366830342,1.2439397238179837,1.0514555585180911,0.7521319738292505,1.2884556496886785
2019-05-14,1.2499120327345303,1.217241349990097,1.2496897453036893,1.056004062355955,0.7501399080260138,1.2994283964478908
2019-05-15,1.2546643351928894,1.2218136500427892,1.2553760010529664,1.0609266670502795,0.7506203243810673,1.3075431254465637
2019-05-16,1.2609045172805635,1.2224541218116258,1.2586370111232579,1.0668823574433797,0.753339045349612,1.3191283045830342
2019-05-17,1.253915823941189,1.2199001251869699,1.2539749679990617,1.0638605641026115,0.7555140664186663,1.3111666836786757
2019-05-20,1.2487721474081783,1.2167447928670625,1.249242657104951,1.0569861886354817,0.7517727245058947,1.3020822700826769
2019-05-21,1.2566545862392853,1.2187275443044747,1.254098355298031,1.0613164089331306,0.7518037331755607,1.313616413187709
2019-05-22,1.2532938740124855,1.2194879274895458,1.2535748036150207,1.0651065362696297,0.7567599223436426,1.3096866387669681
2019-05-23,1.2439440826968764,1.2208884968935927,1.2507316036015834,1.0608258237943937,0.7636077815647836,1.293967541084004
2019-05-24,1.2474942292075895,1.2224328345633593,1.2534340555294077,1.0604798239579987,0.7603117265954018,1.2974379912218013
2019-05-28,1.2398474602612197,1.2214890416832087,1.2491125864861308,1.0524810648073628,0.7561827817132966,1.2853424517709489
2019-05-29,1.2344017559368408,1.2192098869987393,1.244715417350896,1.0443913298174408,0.7489921322211336,1.2759518219863208
2019-05-30,1.237441178039119,1.223905046516753,1.2502475073040333,1.0474017848446702,0.7521084305968917,1.2792691640298035
2019-05-31,1.229907696852371,1.2265386825754139,1.2484671711025261,1.0426514936985807,0.7506474549381922,1.26268245381239
2019-06-03,1.2376975094885574,1.2354051833066186,1.2585029840670408,1.0442515148050988,0.74255782073311,1.2592120036745926
2019-06-04,1.2525417112750823,1.239477394570959,1.2684626380892214,1.0547389814899597,0.7457937133202279,1.2861590282739597
2019-06-05,1.2575469036324496,1.2419734907279825,1.273123920690355,1.0707475188571516,0.7605315779221831,1.2970807390017334
2019-06-06,1.2656781057772748,1.245971060269038,1.279483781092894,1.0784535752603386,0.7612463158949546,1.3058589364091029
2019-06-07,1.274955372099137,1.2538035459079044,1.289729103438756,1.0876745180093932,0.7671159656418967,1.31866898030009
2019-06-10,1.2757273181373359,1.2495433297754008,1.2868301259599526,1.082173161305575,0.7633964613241655,1.32489537613555
2019-06-11,1.2772848354375976,1.2501429506229549,1.288214642384047,1.0821758251402052,0.7639469267085729,1.3247933040726734
2019-06-12,1.2752997381912927,1.251199379691576,1.2884247289937356,1.0891750821124995,0.7706148557863309,1.3219863223435726
2019-06-13,1.281340915580515,1.2570177424964748,1.2953292416239086,1.0931989695796738,0.770115714873168,1.3278554659589652
2019-06-14,1.279587874055465,1.2568262970536368,1.294350010474286,1.0973500311239048,0.7767916935446563,1.3262733489843812
2019-06-17,1.2793211860320968,1.2558074921560138,1.293570081297453,1.1005932950705113,0.7788762917344721,1.327345105644583
2019-06-18,1.2916337490579544,1.2637917403541792,1.3051789371744766,1.1062132047758815,0.7761831887142085,1.3404103296927612
2019-06-19,1.2964614870041573,1.270734260236459,1.313482676126687,1.111714976546145,0.7781450843550781,1.3435745636419292
2019-06-20,1.3114699476125593,1.2818048762056184,1.3283908595195442,1.118750175892932,0.774813628132115,1.3567418597529834
2019-06-21,1.3083257979709857,1.2769994242634537,1.3232369223325728,1.1113471416418308,0.7688890656784194,1.3547004184954559
2019-06-24,1.3093639858856954,1.2811797627806782,1.3267530701839738,1.1130699193104336,0.7699543626433933,1.3531183015208716
2019-06-25,1.3022836676971472,1.2783504619749309,1.3209990009626842,1.1070310657135927,0.7677879580310712,1.3398489333469408
2019-06-26,1.2983385121694533,1.2716296370836775,1.3140248636455536,1.0904452365680515,0.7551474475818476,1.338573032560986
2019-06-27,1.303710200890815,1.2775900180111999,1.3212549927958017,1.0969332993923733,0.7591803144701809,1.3432683474532998
2019-06-28,1.3080804037498952,1.2800051291917678,1.3250758660439452,1.098433344735109,0.7590253271739921,1.3505154639175236
2019-07-01,1.3123997627959034,1.2797430680018715,1.326896453837286,1.1017359819265053,0.7603840380782868,1.3619475349596792
2019-07-02,1.3167364646042643,1.2860027629023916,1.3338635722779226,1.1193402191663815,0.7756416360115185,1.3659283454118583
2019-07-03,1.3261582078143195,1.293102128293884,1.3432626973100776,1.1296796838697174,0.7818888239757692,1.3767990201081939
2019-07-05,1.3193982877150443,1.2829030214598975,1.3320038302609802,1.118482385502348,0.7742578057066988,1.3743492905991608
2019-07-08,1.3148058769437865,1.2794083753400944,1.327336426587662,1.117463300056235,0.7726618349787268,1.3678677146065097
2019-07-09,1.3139740514927996,1.2784980988109018,1.3257753631832616,1.1180749372979297,0.7723749517346082,1.3695519036439703
2019-07-10,1.3212976152629272,1.2854975680976626,1.3340130631398521,1.1184182959729498,0.7666988717151809,1.3759314075737445
2019-07-11,1.3193540419885528,1.2798195468677451,1.328928848939949,1.1144853826767143,0.7643034013019924,1.379197713585789
2019-07-12,1.324343924103183,1.2831245004079725,1.3332873651225583,1.1128467646268834,0.7634382681875992,1.3853220373583721
2019-07-15,1.324356941919744,1.2846030656058534,1.3346507582412883,1.1164382661759558,0.7682790070514424,1.3861896498928215
2019-07-16,1.3187803236543942,1.2792270675362172,1.3287399879524857,1.1127612143992416,0.7691113180848422,1.3812901908747546
2019-07-17,1.3153757370618004,1.281982290529306,1.3295984541775787,1.1170205521559902,0.7742098966740603,1.3721037052158795
2019-07-18,1.3210916213970987,1.2878655566869561,1.33631131912275,1.1216414109096493,0.7769437645727879,1.3771052362968226
2019-07-19,1.314391537266651,1.2811942842158321,1.3285038877671527,1.108716514939171,0.7683416943771911,1.3697050117382843
2019-07-22,1.3154828864625414,1.2823984629505578,1.3301829060570909,1.1068954184319588,0.7687326507948119,1.372256813310194
2019-07-23,1.3225940599780477,1.2847993959620263,1.3351605761398724,1.1113330289058043,0.7667017953596649,1.382208839440642
2019-07-24,1.326151198154621,1.2881866274209146,1.3388642718095887,1.1114264602462014,0.766480223687945,1.3887924874961695
2019-07-25,1.3178927318279137,1.2812613068247216,1.3306661918065166,1.1064593149473647,0.7659813206819635,1.3822088394406422
2019-07-26,1.3220176199149591,1.2845323205224968,1.3349722360566962,1.1131879301323335,0.770979685855285,1.3913442890680792
2019-07-29,1.3223424625392555,1.2853715595996968,1.3355049129194525,1.1182911223388383,0.7741624765172835,1.389200775747675
2019-07-30,1.3221124835177311,1.2859009340840781,1.3354436216995405,1.1168241454848282,0.7702019093120511,1.3859855057670687
2019-07-31,1.3103381523467843,1.2805198375004736,1.3267684736023853,1.1075899845295156,0.7653627634050241,1.3703684801469809
2019-08-01,1.3045244183236078,1.2868243979929195,1.329687128529229,1.116690650541098,0.7822396998200626,1.3592936613248923
2019-08-02,1.2987964100699159,1.2858173952950698,1.3263315264806363,1.11001722759852,0.7808155227171016,1.3483209145656805
2019-08-05,1.2720809456963837,1.276806221090486,1.308011554800952,1.0876667000076647,0.7749239252044624,1.3088190262325172
2019-08-06,1.2848394649686468,1.2872021233785125,1.3216627870787088,1.1017309284117092,0.7854671406829933,1.325762988669998
2019-08-07,1.2880517423840208,1.2889161805583313,1.324939317084355,1.1117685814611062,0.7942579761124634,1.327753393896088
2019-08-08,1.306559109104477,1.3001080513136138,1.3409408969976178,1.1272604642262731,0.7983487910933966,1.3528120853322416
2019-08-09,1.3001928208115563,1.295319054539783,1.3342895369862342,1.1215520798645113,0.7976990709887126,1.3436255996733664
2019-08-12,1.291565868093796,1.2966414535323114,1.3308507470907014,1.1182940873632703,0.7984908766433177,1.3267326732673237
2019-08-13,1.304171258322588,1.3019273540064729,1.3401513011138222,1.1228419557328388,0.8023645464282431,1.3474022659997928
2019-08-14,1.2792750708549172,1.2937309533482484,1.321741573500061,1.1196175656550973,0.8067093712529565,1.3087169541696408
2019-08-15,1.2847113767636942,1.3035604221052397,1.3317524630691688,1.1286795940526548,0.8138413157010785,1.3115749719301797
2019-08-16,1.2962600398213582,1.3083606877624754,1.341802991077507,1.1345528299291514,0.8162281015189293,1.330764519750941
2019-08-19,1.3034783015679319,1.307419303728847,1.3454237959324435,1.137662214627359,0.8151414724478053,1.346942941716849
2019-08-20,1.3003235631388734,1.3101537835147952,1.3455353166297614,1.1444055418162487,0.8220273968884195,1.3363274471777042
2019-08-21,1.3069327397287112,1.3116457249964195,1.3508355414281092,1.1491357019514008,0.8240802489901121,1.3473512299683543
2019-08-22,1.3045125451316348,1.307802081262016,1.347515016291523,1.1448781225872102,0.8261046496601779,1.3469939777482869
2019-08-23,1.2867338396303618,1.3041882261484277,1.335586291386621,1.1478176476374857,0.8331132174282887,1.3126467285903816
2019-08-26,1.2945991732282691,1.3078919950948715,1.3430454254451685,1.1555562118264675,0.8356354532763598,1.326783709298762
2019-08-27,1.2951661855939658,1.3134606847938295,1.3463033472173167,1.1620958647923298,0.8355889411354417,1.3210166377462456
2019-08-28,1.3019818569179553,1.3184028707583628,1.3528603380197184,1.1649462129692632,0.8349669887898042,1.3309176278452552
2019-08-29,1.3114487399865717,1.321750018294177,1.3597490763653253,1.1710000237041687,0.8350931840211225,1.348116770439927
2019-08-30,1.3115867291926717,1.3214108038478245,1.3598759438157548,1.169529251045743,0.8352458987142332,1.347555374094107
2019-09-03,1.3096050151209935,1.3225787660520034,1.359816355702335,1.1842563575217795,0.8434520098487438,1.339695825252625
2019-09-04,1.3225294249624868,1.3330330410885105,1.3729940271064571,1.1968270563338506,0.8415672443154502,1.3545473104011398
2019-09-05,1.3255049226380207,1.3249768593124012,1.3693933263119178,1.1716577228522795,0.8276697002861075,1.3719505971215642
2019-09-06,1.327895072613417,1.3278648171690297,1.3726095994110055,1.1706875996616037,0.826212748589483,1.3733285699703954
2019-09-09,1.326996553067505,1.321409867868603,1.3677400879077282,1.1600282104306177,0.8134257940911908,1.3740430744105305
2019-09-10,1.3249808841744526,1.3129998899223014,1.3611287840936492,1.1481379081332426,0.8046849495964884,1.3735327140961486
2019-09-11,1.3305511183904057,1.3158025352759772,1.3660002424804398,1.1529182990682683,0.8079784912920213,1.3837399203837877
2019-09-12,1.3331268982840272,1.3155671388144958,1.367755883997729,1.153966631976155,0.809430468184693,1.388588343370416
2019-09-13,1.32973523051147,1.3052565783146513,1.359226966141951,1.1371256691809337,0.7972668097074058,1.3869041543329557
2019-09-16,1.3344718104279802,1.3145525944230563,1.3662779981342519,1.1468345457891032,0.7957004124420698,1.3832805961008439
2019-09-17,1.3367909238161786,1.317660502175107,1.3703572222610938,1.1542692765037514,0.8052050508522617,1.3867000102072027
2019-09-18,1.3357787122897506,1.316865571519403,1.3694578788240392,1.1541511746051827,0.8068772903348482,1.3874145146473376
2019-09-19,1.3371417678593178,1.3188797323985313,1.371578820110135,1.157081493232872,0.8079641568887345,1.3872614065530229
2019-09-20,1.3376510886061856,1.3246287611507113,1.37567222966259,1.160777028145737,0.8076835548238929,1.3798101459630465
2019-09-23,1.3388949011862257,1.3266419316994258,1.377380255203798,1.1651265461974443,0.8110843252050046,1.3808308665918103
2019-09-24,1.334159569752013,1.3279657951527482,1.37613362592903,1.1683680828047194,0.8149421137344187,1.36980708380116
2019-09-25,1.332590619879351,1.3206869795807286,1.3707529341878613,1.1613813140401814,0.8132631674546419,1.3776666326426423
2019-09-26,1.3331374424440823,1.3229656496591273,1.372851147576746,1.1650507939749264,0.8179161634588681,1.3748086148821035
2019-09-27,1.3281656144887786,1.3209423146831303,1.3689383635306502,1.159258562071049,0.8165716345752936,1.3674594263550033
2019-09-30,1.330662943791558,1.322786959967043,1.3723173932575492,1.1566390942732088,0.8189858711682905,1.3738389302847778
2019-10-01,1.3184576695988903,1.317764096794401,1.3633456776836692,1.1552471731497482,0.8207652235717476,1.3577625803817464
2019-10-02,1.30185473911174,1.309605281648836,1.3491399993205466,1.154314020120218,0.8226427019060357,1.333877717668671
2019-10-03,1.3112330975568376,1.3199987794383083,1.360794566954121,1.1639292895308924,0.8251658212713195,1.3444932122078155
2019-10-04,1.3240889542683698,1.3301419020044887,1.374161485089732,1.1768401908875399,0.830182433060771,1.3623047871797458
2019-10-07,1.3168178762625293,1.3219863905886873,1.365156347900131,1.1679156158172472,0.8257362094281415,1.3567418597529823
2019-10-08,1.304526956319311,1.3158175852934602,1.3543642491822265,1.162798743399625,0.8242184495956598,1.336225375114828
2019-10-09,1.3122721578337202,1.3191926025789356,1.36093284279406,1.1669667945778974,0.8253980718354437,1.3476064101255456
2019-10-10,1.316478320755509,1.31674077908734,1.3614629094798578,1.1573670624375385,0.8176101868824909,1.35766050831887
2019-10-11,1.32594527042564,1.318700652066796,1.367932154413237,1.1498298577144415,0.8084665957300515,1.3713381647443061
2019-10-14,1.324659158976548,1.3196542191746052,1.3677827636966096,1.1515042274740501,0.8101846444473096,1.3703174441155423
2019-10-15,1.3293431233568527,1.3191747870038868,1.3704218255869245,1.1444917112857405,0.8055166867970458,1.383535776258035
2019-10-16,1.3296123309698977,1.321173739827925,1.3720374089945828,1.147563901788954,0.8087156764818995,1.3815964070633835
2019-10-17,1.3331136629582636,1.3234658922903988,1.3758244907924366,1.150170147815804,0.8082925971804658,1.3850668572011808
2019-10-18,1.3314387530707068,1.3233935629676898,1.3754921662774067,1.1535716729662773,0.8110960632804523,1.379861181994485
2019-10-21,1.3364155002838782,1.32381726626325,1.3783346104004426,1.1540210717206154,0.8097554114990528,1.3888435235276073
2019-10-22,1.3373175663874521,1.3262668858643087,1.3800853239936075,1.1538638391538678,0.8066709505611233,1.384046136572417
2019-10-23,1.3421556228714142,1.3300535826005324,1.384858071156392,1.1552798916416862,0.8023942878358089,1.3879248749617197
2019-10-24,1.3445236765945896,1.33193426674213,1.3874268105763448,1.1629927975278176,0.8065154854089154,1.390629784627944
2019-10-25,1.3468218807533205,1.3312360878909508,1.3873271784214536,1.1603264927683996,0.8029001961463467,1.396090639991831
2019-10-28,1.346122385419535,1.3275592915081205,1.3847540265305336,1.1518419797419044,0.7993146173959623,1.4041543329590656
2019-10-29,1.3468773679112493,1.3279324704200732,1.3851132256854188,1.152923090175932,0.7963194304117373,1.403235684393178
2019-10-30,1.3512682297672534,1.3341107955544391,1.3913149815380699,1.1652216647279365,0.806550695384054,1.4081861794426829
2019-10-31,1.3496313956509502,1.338447298074078,1.3931402764818863,1.173014816956002,0.8118928603002586,1.4041032969276273
2019-11-01,1.3618917046866326,1.344820633308999,1.4026803191766406,1.1721605130893806,0.8098128338637017,1.4172705930386815
2019-11-04,1.3647078332780385,1.3426228407521716,1.4017272397001699,1.1603225081520243,0.7997555946911284,1.4228335204654452
2019-11-05,1.3597346157358468,1.3353622710052504,1.3941296849809943,1.1437636798743196,0.7914445430207546,1.4213024395222993
2019-11-06,1.359746538364365,1.3375183887715398,1.396376507990632,1.1488883433372796,0.7987255545331858,1.4214555476166135
2019-11-07,1.3567049896268135,1.329560532155302,1.3892197480647521,1.1302747577224457,0.7860884502005809,1.4267122588547476
2019-11-08,1.3556528974265944,1.3281795431160668,1.3880446158225062,1.1250012427190228,0.7857522739445422,1.4300296008982303
2019-11-11,1.3521856512580182,1.3260915192715668,1.3851725090774403,1.1231413288526704,0.7865879860629186,1.4274267632948823
2019-11-12,1.35330097111375,1.327658089207426,1.3866809586150552,1.1238203369775042,0.7864734967187293,1.430182708992545
2019-11-13,1.354888954683364,1.3307147609255028,1.38974840874915,1.1336575030746745,0.7914941057599718,1.431050321526994
2019-11-14,1.3589826272182277,1.3361677633456917,1.395238939684948,1.1415325910214296,0.7975957645329845,1.4328876186587691
2019-11-15,1.3662325533253856,1.339847276339809,1.4014325280426003,1.1455361640390958,0.7957392017423983,1.443350005103599
2019-11-18,1.3657850006079444,1.340416925781225,1.4020871702696878,1.149205529344264,0.8007516601363438,1.44416658160661
2019-11-19,1.3638367627745986,1.3397621029151625,1.4005821452779859,1.1509691920859064,0.8012005624249613,1.443860365417981
2019-11-20,1.3640097543599614,1.3424873581883188,1.4015710767006424,1.151583820759529,0.8001591342929837,1.4387567622741615
2019-11-21,1.3609969121804688,1.3390809713719365,1.3973085705555184,1.144970691796981,0.7921289057052542,1.4364091048280043
2019-11-22,1.3632533969640168,1.3406746534421108,1.3999982959543105,1.1445718881321245,0.792791261136378,1.4397264468714872
2019-11-25,1.371399313781017,1.3455739724733982,1.4073701965686882,1.1510442104521437,0.7960194160185499,1.4503929774420699
2019-11-26,1.3761992125602474,1.350278697385227,1.4131130333532198,1.1586734321390106,0.8037798625886569,1.4534551393283617
2019-11-27,1.3789000707263745,1.3499605553188556,1.4146344883166468,1.1607211534899011,0.8041602971687555,1.4600898234153268
2019-11-29,1.370393202813183,1.3447335829750362,1.407563550501016,1.1602540140159854,0.8047568448857214,1.4550372563029457
2019-12-02,1.3592916942538202,1.336649672553681,1.39738027854118,1.1469041928092532,0.7941770302234091,1.4426865366949022
2019-12-03,1.3571929848999105,1.3412280964677847,1.3997189464971715,1.1503444292374938,0.7986237783822004,1.4327345105644542
2019-12-04,1.3659424025767508,1.344774953152355,1.4062018659186666,1.1488795356623376,0.7958814169085202,1.4419209962233293
2019-12-05,1.3667317150072018,1.343913780636625,1.4062054257376833,1.1483162921006096,0.796180306736674,1.4446769419209917
2019-12-06,1.375683458299683,1.3470342664236694,1.4121149971702014,1.1552489179167011,0.796926338252301,1.4573338777176643
2019-12-09,1.3726875887604848,1.345692406499124,1.4098305459159362,1.1519853448141069,0.7956364781909141,1.4529958150454176
2019-12-10,1.3724886999257835,1.3451994087973764,1.4093840023923905,1.152985753954803,0.7945631741285573,1.4515668061651483
2019-12-11,1.3782643565327146,1.3511708026864595,1.4159760445154101,1.1639644504471558,0.799996258309246,1.4550372563029457
2019-12-12,1.3861415184862347,1.351454601256645,1.4189943663809876,1.1642606473222614,0.7933877261262758,1.4677452281310561
2019-12-13,1.3901695701441656,1.357825659716003,1.4254955837011878,1.170625241372062,0.7980609136848124,1.4687659487598204
2019-12-16,1.3988513067844985,1.3606089074204353,1.431459204651807,1.1741513660996208,0.7946911358136663,1.478922119016021
2019-12-17,1.399651198699881,1.3616857769538244,1.4325008792195715,1.1710529911914416,0.7905368714830111,1.4791772991732122
2019-12-18,1.4002186527473308,1.361097088322726,1.433003910792296,1.1704070886094842,0.7875483547039049,1.4792283352046502
2019-12-19,1.4051046332419077,1.3643255186120862,1.4371892673279931,1.175588084540603,0.7906121500090478,1.4853016229457956
2019-12-20,1.4113450510418535,1.3674520865830226,1.4416328453423515,1.1792614363935197,0.7917958260968332,1.4925487394100194
2019-12-23,1.4124433446623201,1.3674374155245193,1.4416303485290722,1.1815655885850975,0.789981572023224,1.4944881086046709
2019-12-24,1.4149599290149013,1.3701907135062732,1.4443035448023724,1.1823621624501028,0.7901898957237234,1.4943350005103564
2019-12-26,1.4233507305645199,1.3760642986414107,1.4515201880390358,1.1879029232223421,0.7951970685810237,1.5022455853832768
2019-12-27,1.4245172807732986,1.3779199677225717,1.4536138121679647,1.1874820742723913,0.7957279196820792,1.501837297131771
2019-12-30,1.4183597880082335,1.3750431453596184,1.4493351391804532,1.183320772359459,0.792846126388291,1.4938246401959745
2019-12-31,1.4205546159566174,1.3744827095061474,1.4501304881233703,1.1856303172259217,0.794381637710632,1.4971930182708955
2020-01-02,1.4310585940945428,1.382139701700637,1.4586962927838765,1.2038751803102212,0.800473423156788,1.5112279269163993
2020-01-03,1.427093439272268,1.384486711867977,1.4578717845698865,1.1986727055369417,0.7979875672029266,1.4998979279371198
2020-01-06,1.4297695702892532,1.3850898304065442,1.458886141048897,1.198041913530101,0.7975785991956567,1.5059201796468271
2020-01-07,1.4239511390410595,1.3814332816273425,1.4538646963079533,1.1922156508122375,0.792988052976128,1.5013269368173896
2020-01-08,1.4238947010513525,1.3792435827216583,1.453576312720512,1.1989947617763843,0.8011504263387832,1.5091354496274332
2020-01-09,1.4318047282381972,1.383734136188847,1.460219006533428,1.2037480588543314,0.8050721117797728,1.5192405838521958
2020-01-10,1.4318252664941697,1.3853198426753166,1.4613247065408776,1.202377426661315,0.8044899276485991,1.5148004491170728
2020-01-13,1.4398464450304183,1.3879700919769564,1.466334086483733,1.211966309687151,0.8096748173001569,1.5254159436562174
2020-01-14,1.4400536522856495,1.3891135970355182,1.467150873515924,1.2122384142765006,0.8098063265470475,1.5230682862100606
2020-01-15,1.444919752816679,1.3933905660025523,1.472311288883324,1.2161620800986288,0.8159633171954559,1.526538736347858
2020-01-16,1.4543976055414671,1.3971913465839347,1.4786222930929471,1.2259569299262798,0.8225857158295303,1.5390936000816537
2020-01-17,1.457377451646078,1.3984687904322235,1.4808463465691195,1.2302237923426829,0.8253863216943104,1.5444523833826642
2020-01-21,1.4511190805155398,1.3974102139333857,1.4785311498874918,1.231791050228031,0.8299171360815706,1.5410840053077433
2020-01-22,1.4496629633456686,1.39697069154821,1.4783930731253132,1.2360942986854366,0.8350806894855359,1.5413902214963726
2020-01-23,1.451104987577446,1.3985869842419636,1.4797160353452536,1.240946938594372,0.8403529448956106,1.5434826987853387
2020-01-24,1.4391454806701027,1.3942312840966244,1.4722255098797237,1.2326914899294734,0.8355411677443834,1.5292946820455202
2020-01-27,1.4147771494269663,1.386008947414907,1.4578962725622513,1.2167217927631608,0.827744943334938,1.5048994590180629
2020-01-28,1.4254509343548245,1.389537998450915,1.4655321832222008,1.2286316408998839,0.8340103390800483,1.5205675206695886
2020-01-29,1.4271074195127986,1.3932467484127917,1.4684164157958344,1.2284747049043938,0.836110079621883,1.5193426559150718
2020-01-30,1.4289945028909263,1.3947984729432212,1.4705442095377625,1.2359812433696833,0.8406701516444199,1.5240379708073857
2020-01-31,1.404772050869924,1.3867936421480016,1.4564166398238352,1.215889246065093,0.8334305618050366,1.496733693987951
2020-02-03,1.408920636528341,1.3870135187910297,1.4587743473244525,1.2248857655680574,0.8453608707700451,1.5077574767786015
2020-02-04,1.4245817855956824,1.3902046937771122,1.4681312932263026,1.234908283215338,0.8475998316406821,1.5307236909257893
2020-02-05,1.4429482140209464,1.3969810177675004,1.4795588835758275,1.2457810782185357,0.8506009808852828,1.5482800857405283
2020-02-06,1.4455913200817396,1.3992274275876142,1.4821326803567887,1.2542879879870814,0.8565615649132868,1.553383688884348
2020-02-07,1.4382229531258361,1.3988871694943175,1.4790162737780428,1.253999629002304,0.8624298430169751,1.5455241400428659
2020-02-10,1.445623532179336,1.4035772392869272,1.4857636337253473,1.265176178500273,0.8695901366270691,1.5571603552107744
2020-02-11,1.4520278152302815,1.404980345172613,1.489159827143008,1.2642552350964138,0.8653160571595694,1.5596100847198078
2020-02-12,1.4618306267542334,1.4080683408365626,1.4949159808374926,1.266321551418376,0.861470635116623,1.5697152189445704
2020-02-13,1.460880984951438,1.4091171293488087,1.4954793483625817,1.2717788429860273,0.8680081713463945,1.5684393181586156
2020-02-14,1.4645270285060434,1.4125845171086349,1.4995033141707652,1.2773202518216464,0.8723574634438869,1.5704297233847053
2020-02-18,1.4627950321536458,1.4141461416497942,1.4994804385083629,1.277145387680645,0.8726319003227315,1.5663978769010882
2020-02-19,1.468296629113015,1.4167563614249503,1.5021235588916217,1.2846587869739097,0.8735408830522164,1.5737981014596265
2020-02-20,1.467263658530978,1.418478154776145,1.5033409087062168,1.2810590345721726,0.872135920445379,1.567622741655605
2020-02-21,1.460991975175181,1.4193792906409615,1.5015829258404605,1.2701437246814526,0.867427456026479,1.5511381035010678
2020-02-24,1.41557486346443,1.4037642763575795,1.4726648206007558,1.2334783091410115,0.8507847338178439,1.4998468919056815
2020-02-25,1.3755968880505411,1.3860200064606918,1.443026258225192,1.2016745633267416,0.8402583844819698,1.4541186077370587
2020-02-26,1.3677685830376312,1.3826323935627425,1.4368972084909617,1.1974533739751816,0.8420196919084659,1.449525364907621
2020-02-27,1.3196180050664106,1.3628799835565422,1.3959846820434672,1.151421635098158,0.8211984255149926,1.3848116770439893
2020-02-28,1.3075600710899729,1.3663326923828576,1.3908031877617455,1.138739115526639,0.8093463942027149,1.3780238848627093
2020-03-02,1.3473596866246809,1.3855255824200154,1.4298397141876085,1.1790852396718363,0.8268037018110265,1.4369194651423869
2020-03-03,1.33601367524611,1.3925961897365402,1.4273007890174427,1.1773446872288402,0.822731223440654,1.397009288557718
2020-03-04,1.3680737215402554,1.410018173826817,1.4640211328112465,1.2054775465728258,0.8358908486472361,1.4562621210574624
2020-03-05,1.3469258929358232,1.4058081455261113,1.4442217167473062,1.1954125380619145,0.8369131419527697,1.407216494845357
2020-03-06,1.3339425019865325,1.407612527151809,1.4338382283749587,1.1946547991922236,0.8552753655130894,1.3835868122894726
2020-03-09,1.2682741671701896,1.3717845226848875,1.357607629939869,1.1518396000460007,0.8959019543719206,1.285393487802385
2020-03-10,1.286640275969362,1.3656601802200725,1.3688915940448956,1.1570121177913273,0.8943566823917114,1.341635194447276
2020-03-11,1.2541481832158774,1.3377016935211055,1.324392237652317,1.1184179589519443,0.8775449156056975,1.2757476778605659
2020-03-12,1.2042813285255287,1.3010140465630193,1.263550275410922,1.0703715765948973,0.8640186420596745,1.1873022353781735
2020-03-13,1.2320708192995746,1.3210502979805718,1.2932724775855482,1.0931822307793493,0.8842106798206514,1.256915382259872
2020-03-16,1.1869872811760918,1.289441645165565,1.2467131809430765,1.061987587622434,0.8939820231184052,1.1213636827600255
2020-03-17,1.2015415419581108,1.2832777241287383,1.2587271267687963,1.0849252498927364,0.9214983904932165,1.1824538123915451
2020-03-18,1.175594730818511,1.2364176784068321,1.2267426577853617,1.0483644343720595,0.9351066582868139,1.09635602735531
2020-03-19,1.176720456504427,1.240458878157766,1.2259161642100505,1.0575770520118501,0.9333247042788989,1.1189649892824305
2020-03-20,1.169373640788291,1.2517034279778088,1.2222641400418317,1.0677612714067537,0.9165714760789418,1.073389813208122
2020-03-23,1.1630148217129306,1.2575923170582528,1.2203932213367332,1.07758745218159,0.912190519783895,1.041951617842194
2020-03-24,1.1931385949759272,1.2871285059836526,1.2518913461484948,1.102637190469552,0.911062035855097,1.1323364295192377
2020-03-25,1.2015177039607103,1.2987584893422246,1.2625168796030832,1.1077802600344981,0.9043454906898888,1.1547412473206056
2020-03-26,1.2181202824998998,1.3206265863600286,1.28146338460113,1.1298689905349473,0.9124239438520464,1.2209349800959448
2020-03-27,1.2109738560157601,1.317356575347122,1.2750488208376793,1.1314178366099221,0.929818956640974,1.1884760641012526
2020-03-30,1.2180061308202543,1.3259818359505882,1.2830288803131304,1.1379268163659868,0.9380067829199114,1.22389506991936
2020-03-31,1.213227392061384,1.3187054319442413,1.276985629850329,1.1271599023996242,0.9269347065668433,1.2041951617842166
2020-04-01,1.2003479531841201,1.3078428442244032,1.2635681571290984,1.1230526207279992,0.9347420606827582,1.1512707971828082
2020-04-02,1.2079531909060313,1.317709302076781,1.271976875099815,1.1319741042549605,0.9207262449548799,1.1788302541594335
2020-04-03,1.2040801503359535,1.3145327463547274,1.2681581940763422,1.1306448025312912,0.9124675052920386,1.1602021026844924
2020-04-06,1.2219744166348536,1.3321131784282032,1.2870639295126947,1.1493591135617103,0.9253062539714498,1.238746555067875
2020-04-07,1.2227032568457454,1.3300486578895718,1.2871707664306233,1.1431471089515808,0.9195215151776555,1.240787996325403
2020-04-08,1.232618514228195,1.340032077492743,1.2976349054583882,1.153853438737862,0.9187643137891038,1.282076145758903
2020-04-09,1.2411066543187381,1.3536970126706334,1.3096428436243284,1.1619455066970188,0.916052488590805,1.3018270899254847
2020-04-13,1.23712758413943,1.349228325723539,1.3057117972131336,1.1635649846469065,0.9226233922922286,1.2897315504746325
2020-04-14,1.2431189032701824,1.3562758497230554,1.3122948916886121,1.1716556013894235,0.9341376495628754,1.3279575380218405
2020-04-15,1.23575971160264,1.3540533630269542,1.3057871528241791,1.1752624986507874,0.9478418826533264,1.2996325405736422
2020-04-16,1.2352018119314339,1.355533711218439,1.3058652226838277,1.1791153898029618,0.954478857243133,1.3052975400632818
2020-04-17,1.243939946080157,1.3605614175682677,1.3133754241208135,1.1731592940355924,0.9462780771251601,1.3407675819128275
2020-04-20,1.237899528004958,1.3554906563416047,1.3070955126679293,1.1725254294517773,0.9447108969050386,1.318413800142898
2020-04-21,1.2302553096196756,1.34756048917751,1.2982234133536592,1.1729183621347536,0.9456993913220536,1.2781974073696
2020-04-22,1.2361744514110309,1.3524509455586493,1.3044228055823073,1.180922669136664,0.9485191720932475,1.3056547922833492
2020-04-23,1.2365566503150827,1.353609160951645,1.3049151540295307,1.1832229926531013,0.9433741625502597,1.3055016841890346
2020-04-24,1.2386676466551017,1.3553351536003977,1.3066313235766838,1.1865166984449107,0.9453998158962137,1.323670511381032
2020-04-27,1.242418208813771,1.3542269623539804,1.3090389903537611,1.179262577978268,0.9376609022242381,1.3433704195161755
2020-04-28,1.2443058723014044,1.3591458479901717,1.3115200426309528,1.1797714297841253,0.9286272259622536,1.3367867714606483
2020-04-29,1.2510351230793515,1.3660277891383963,1.3186716166932062,1.1810974063918258,0.9200171416700746,1.3716954169643738
2020-04-30,1.2464103046808763,1.3620285692718188,1.3145398681557499,1.1718926549744264,0.9202331422235144,1.3599060937021508
2020-05-01,1.2383026035873868,1.3523309649655486,1.3053343240606954,1.1722839259961038,0.9263881598537923,1.3234153312238413
2020-05-04,1.2395589963448461,1.353607364428495,1.3066660458974217,1.1719078573946073,0.9264449674758157,1.3269368173930767
2020-05-05,1.2416457864733967,1.3560467033920542,1.309389609216053,1.1763503252770147,0.9278920763638991,1.3389302847810525
2020-05-06,1.2367309513792102,1.3471362701220426,1.303185300208887,1.1657481497890771,0.9250326149773218,1.3304583035623119
2020-05-07,1.2411467679387922,1.3572811697272436,1.3092351303027367,1.1754577090955494,0.9277802491465091,1.3461774012452759
2020-05-08,1.2469856625562155,1.3606173948340043,1.3146749450944992,1.1742333279908133,0.9197870036596077,1.36868429110952
2020-05-11,1.2444560235920428,1.355251594999439,1.31118577305442,1.171779577086036,0.92310780126826,1.369194651423902
2020-05-12,1.2398204486465698,1.353169659615251,1.307153988212102,1.176304033695491,0.927877634829412,1.3408186179442658
2020-05-13,1.235078612843747,1.3502411474778562,1.302929321306157,1.1788744124518935,0.9307254430193895,1.317137899356943
2020-05-14,1.238313342027692,1.355672331932326,1.3069076992794315,1.1854500291065713,0.9331389648979317,1.3337246095743562
2020-05-15,1.238694344582905,1.3573996716979058,1.3080850694319475,1.1871047705425806,0.9380896229304287,1.3395937531897488
2020-05-18,1.2506183650794578,1.3639117911639753,1.3192088297276798,1.1839776649014524,0.923032127158908,1.3800653261202376
2020-05-19,1.2472781199723035,1.363400590673999,1.3167808519538426,1.1852664808368385,0.9256245650259358,1.3673063182606886
2020-05-20,1.2526695443644678,1.3699253370920697,1.3229662585076716,1.1872159823741166,0.9220953701435253,1.3898642441563709
2020-05-21,1.2502523886151644,1.3668853657648026,1.3200513138201664,1.1823993664057546,0.9193982314761295,1.3795549658058555
2020-05-22,1.2504071074621235,1.3683489417110575,1.320519664593221,1.1863554510907428,0.9221051421936689,1.3825660916607088
2020-05-26,1.2561443818330669,1.3709672981235412,1.3256233788689147,1.178493462299676,0.908358521063685,1.3999693783811333
2020-05-27,1.2605558246640347,1.3745247846067992,1.329859573538136,1.1811385361501836,0.900380847639705,1.4203327549249731
2020-05-28,1.260727188121289,1.3754886174419583,1.330731625544912,1.1805012182965064,0.9080586983163847,1.4180871695416926
2020-05-29,1.2622324864366152,1.3801011269239651,1.3336372008659265,1.1871266510751624,0.9166371620134668,1.424721853628658
2020-06-01,1.2654127193469777,1.3824530784676958,1.3369921915571739,1.1864825225423896,0.9115156941915656,1.4292130243952192
2020-06-02,1.2691127175507095,1.3851164342430784,1.3407699643131386,1.1859691003601314,0.9090992115874577,1.4415637440032625
2020-06-03,1.2741732095091274,1.3836948903581814,1.3439076032180464,1.179323155030986,0.896065698683706,1.4602939675410802
2020-06-04,1.273171035833743,1.3809082267412962,1.342505781290081,1.1757674669703444,0.8954517799382166,1.4567724813718448
2020-06-05,1.2817181474591528,1.3852483681963614,1.3501531539130247,1.1743634251893413,0.8844176752093938,1.4944881086046709
2020-06-08,1.286770356739969,1.390242881640997,1.3552802636834336,1.1787701639442925,0.8805686782487872,1.51204450341941
2020-06-09,1.2829501465271975,1.390274320798437,1.3524515749807196,1.1850897502635485,0.8894419197499013,1.501735225068895
2020-06-10,1.2805640154701856,1.3949122601946435,1.3526609134757717,1.1954034704713454,0.9045324985062689,1.4928039195672107
2020-06-11,1.2609826243163917,1.3776097752699514,1.3314397685441581,1.1841312891939209,0.9088242722071831,1.4069613146881663
2020-06-12,1.2657888205058192,1.3811612439885026,1.3364892047938481,1.1841587550353432,0.9030544394481547,1.4242114933142764
2020-06-15,1.268617632771238,1.3838249386778423,1.3398241549601873,1.1853553678693767,0.9038322809763903,1.4370215372052633
2020-06-16,1.2734675579104957,1.3859800204854078,1.3443766079533823,1.187946536378049,0.9065878939373486,1.4634071654588103
2020-06-17,1.2715631497664897,1.3860583566827949,1.3431190135493325,1.1893057478589517,0.9089906478837095,1.458303562314991
2020-06-18,1.2718729274656473,1.3881859904230751,1.3437610445571824,1.1922224421629881,0.9122501635961581,1.4587628865979345
2020-06-19,1.2700030907963005,1.3881324108688775,1.3426789075182637,1.1964661430465144,0.9142578537273276,1.4500357252220033
2020-06-22,1.2718260306418616,1.3896055847348092,1.344632256123681,1.199558849374872,0.9203663601758212,1.4600387873838896
2020-06-23,1.2723637249500528,1.3900486933247111,1.3454284719633969,1.1969226925229093,0.9175025428039519,1.4663162192507877
2020-06-24,1.2637515022619108,1.3833196007245951,1.3364229915249255,1.1937196541945814,0.9203820247857317,1.4297233847096016
2020-06-25,1.2670082181700906,1.386818662284809,1.3398818181886327,1.1979773984169308,0.9171229903876812,1.4440134735122965
2020-06-26,1.2609021953401423,1.383766939575474,1.3341438182242058,1.1959414164730293,0.9205349189950919,1.4103296927630875
2020-06-29,1.2658965910574516,1.389294815221222,1.3398444902601856,1.198708740703628,0.9190806854046931,1.4313565377156239
2020-06-30,1.2692599172206145,1.3914384028048967,1.3433179383489087,1.2030328339754468,0.9293964051270536,1.4519240583852167
2020-07-01,1.2706403335499168,1.3918152517816331,1.3449157456906868,1.2018060772770371,0.9263181166200636,1.459579463100946
2020-07-02,1.273505530677432,1.3961158911703415,1.3487712718625093,1.204208208366792,0.92766317306685,1.467183831785237
2020-07-06,1.277879503337845,1.3992192572057662,1.353562856149316,1.2086009118039494,0.9328401782734816,1.489843829743796
2020-07-07,1.274478596066619,1.4000550284652435,1.3512444351303377,1.2117264776061716,0.9383141610402419,1.4746350923752136
2020-07-08,1.2764124125527152,1.401493023111073,1.3535360099872764,1.2159685256285122,0.9341879509902605,1.4858630192916165
2020-07-09,1.2728693608809534,1.401867276599774,1.3510026128720705,1.2210866104075333,0.9395142568364253,1.4785138307645165
2020-07-10,1.2767267802996416,1.403022585216081,1.354108074540032,1.2185351787084926,0.9338431032754925,1.4928039195672111
2020-07-13,1.2750727499472738,1.4019894847123522,1.3521653615700815,1.2185051155232096,0.9339574064108577,1.4795345513932803
2020-07-14,1.2803502051640603,1.4075961474722951,1.3582958449567846,1.2229958631860258,0.9368797279159278,1.4988772073083565
2020-07-15,1.2843818576144923,1.4110245354515136,1.3627452874937986,1.2233367111520534,0.9351714998469912,1.5132183321424895
2020-07-16,1.2832720347146416,1.4102716082874447,1.3613960067622304,1.2191430956966423,0.9299194582124275,1.5079616209043556
2020-07-17,1.2851612836107542,1.412860829157452,1.3642267405924868,1.2218607494253018,0.9343741748255714,1.5118913953250965
2020-07-20,1.2850798268666213,1.4134197329893892,1.3646867342242819,1.2304473548848684,0.9468992849586535,1.523986934775949
2020-07-21,1.289260582675255,1.4186378234412396,1.3696035706761585,1.2315014500096062,0.9387127994867127,1.526947024599364
2020-07-22,1.2919722379727028,1.4224321021487787,1.373386136337712,1.2385432231566231,0.9443168500590207,1.5359804021639245
2020-07-23,1.2906525909631876,1.4235059705321988,1.3725822012577664,1.2357509266417779,0.939002341152577,1.517760538940489
2020-07-24,1.2891336127755197,1.4227276171482697,1.3713103341823727,1.232580900722155,0.9374209956293593,1.5081657650301084
2020-07-27,1.291761180896693,1.424564061249444,1.374434465888014,1.2354851836596747,0.9405568696193477,1.519291619883635
2020-07-28,1.2906731543001102,1.4261691807135748,1.374137745494702,1.2344475083391468,0.9389017787423318,1.5100030621618836
2020-07-29,1.2955558069076272,1.4315722560363524,1.380077058518119,1.2396085032785498,0.9387165852229414,1.5274573849137465
2020-07-30,1.2918576918556304,1.4299161821724884,1.3766851590547997,1.2424209331260907,0.9454216785788433,1.5226089619271177
2020-07-31,1.2920437374916791,1.431014588258335,1.3774130539099516,1.250061745550382,0.9488280766924996,1.5339899969378354
2020-08-03,1.2932394083498393,1.4315984074812094,1.3788349904211354,1.2509688727638062,0.9494901420315992,1.5446565275084183
2020-08-04,1.2973095502311232,1.4387752974811379,1.3846233923696634,1.2633415166085054,0.9554637319315515,1.5508829233438781
2020-08-05,1.299620701333014,1.438461454962354,1.3865491972282218,1.2651302912079698,0.95921925571424,1.5604266612228206
2020-08-06,1.301094893295106,1.4417569193731548,1.3891989757281349,1.2697661199675019,0.9598631704891092,1.5711952638562798
2020-08-07,1.301151110673075,1.438559565370269,1.3875493997770907,1.2636266328884933,0.9541071150563064,1.572369092579358
2020-08-10,1.303627832057444,1.4389648585067483,1.3893567333259451,1.2597976155012849,0.9463986150923337,1.5770133714402341
2020-08-11,1.2990172262870965,1.428770038268072,1.3809967154394993,1.2395643057568895,0.9389786980951291,1.564152291517809
2020-08-12,1.3029312609840533,1.4294315655124954,1.3845311907801934,1.242419953710457,0.9432761818733504,1.5852812085332215
2020-08-13,1.3014335718378178,1.4270662886116783,1.3828784984762588,1.2451401350234925,0.9478867923270611,1.5829335510870646
2020-08-14,1.3009900450209344,1.426252081883627,1.3820031126403483,1.2428565554531164,0.9444007479623512,1.5830866591813788
2020-08-17,1.3035874886436054,1.4310039588508334,1.386580268607333,1.250511044948482,0.9536394722800309,1.5881392262937601
2020-08-18,1.303528641260442,1.4333375650543299,1.3877207669487066,1.2557554733634058,0.9576070048463474,1.5913034602429283
2020-08-19,1.299945586510399,1.4280679496311313,1.3826683173796854,1.2499480355407442,0.9606553147946078,1.584413595998772
2020-08-20,1.2994753406526436,1.4302072139660136,1.383340197203906,1.2563857831968936,0.9650877312634947,1.5899765234255354
2020-08-21,1.2995941253327672,1.4304904671883363,1.383309865461864,1.2551914130807358,0.966637497148801,1.5953353067265457
2020-08-24,1.3043539668068913,1.4328386558632447,1.3876438076014266,1.2566081472743118,0.964863882236994,1.6115137286924535
2020-08-25,1.3042254451250115,1.431576743259361,1.3874488849641937,1.2563649344788772,0.9656536099487737,1.617382872307846
2020-08-26,1.3046727067695512,1.4320894547777379,1.3884401985380312,1.2592397184128863,0.9745884171657936,1.6336633663366302
2020-08-27,1.3041030191333935,1.4275201505904402,1.3860004719781793,1.252586203180158,0.9641754818106062,1.637082780442989
2020-08-28,1.308183453086608,1.432492213426996,1.3914065358406875,1.2586514113361302,0.9677971705339873,1.6475962029192575
2020-08-31,1.3054029123564719,1.4324124022801932,1.3894770073140428,1.2623657439627627,0.9733710482632728,1.644074716750022
2020-09-01,1.308428503601694,1.4369941892270495,1.3937220501985221,1.270941827478921,0.9854343508827429,1.6574971930182674
2020-09-02,1.3135584405601657,1.441635866922221,1.399337120506781,1.274961504003259,0.9883357827934165,1.6814841277942194
2020-09-03,1.3038690799384207,1.4347595927731163,1.3885440504789897,1.2627077149791386,0.9745836520233921,1.623915484331935
2020-09-04,1.3012529933690133,1.4277785522799455,1.3834416128520952,1.256011625685528,0.971423225870741,1.6089619271205438
2020-09-08,1.2927418488329665,1.4228294091233464,1.3747417555362669,1.2457186916511291,0.9651409175756408,1.5662958048382123
2020-09-09,1.2998490236813383,1.4284218145840182,1.3829861004416586,1.2564096356062007,0.9728922273396016,1.596815351638253
2020-09-10,1.2932564625731944,1.4242436393250733,1.3761206781645172,1.2500963144032782,0.9710543813648356,1.5703276513218298
2020-09-11,1.2954318958732731,1.4272685904655062,1.3792465232783206,1.2493553934292536,0.9709056579710178,1.5701235071960769
2020-09-14,1.3008857020186313,1.430788207728418,1.3848696880664404,1.2564635197526284,0.9751334337602886,1.5905889558027935
2020-09-15,1.3022683481472455,1.4314969972816654,1.386588564221184,1.2585170062249929,0.9739110327134753,1.5984485046442753
2020-09-16,1.3041175134559049,1.4327126421693712,1.3883992923821853,1.2542582364349217,0.9652737756692565,1.592630397060321
2020-09-17,1.302331792433561,1.4316857881945217,1.386523982304264,1.2495054039707687,0.9607062667642783,1.578493416351941
2020-09-18,1.297687410089547,1.428374457002888,1.381708020686027,1.2435223344667932,0.9579276791854203,1.560732877411449
2020-09-21,1.28863583171514,1.421891577622443,1.3714552299839458,1.2396726153612805,0.9634447874297153,1.5435337348167772
2020-09-22,1.289835926297724,1.4227021125048958,1.372903437204004,1.2453156103211147,0.9693417298727585,1.5585383280596068
2020-09-23,1.2797591580466403,1.415019169851342,1.3616146699781173,1.2329722124546578,0.9654092005042499,1.5218944574869826
2020-09-24,1.2810619280612372,1.4165923914261382,1.363165202319661,1.2353608807629746,0.964604344391311,1.5260794120649148
2020-09-25,1.2852632153780854,1.4195078912198387,1.3674820922276678,1.2395883794830675,0.9682690399154597,1.5510870674696307
2020-09-28,1.2924601073159272,1.424803651127232,1.375630689409673,1.2462447728527501,0.9718482185372882,1.5771664795345481
2020-09-29,1.2895996437838027,1.423251586752468,1.3729293579497837,1.2480426144815817,0.9749997935169802,1.5685924262529316
2020-09-30,1.2921928630661157,1.4235756993573512,1.375596811218378,1.248949391921134,0.9768748894987984,1.5775237317546158
2020-10-01,1.2933394972514687,1.424806408331337,1.3773749970748197,1.2554785256327057,0.9727124842682114,1.5900275594569737
2020-10-02,1.2929902102958486,1.4232991299936137,1.3761541734926568,1.2553685863416457,0.9616448834683027,1.5754312544656497
2020-10-05,1.2998091431800098,1.4236914005236325,1.3820396561360293,1.258220380750198,0.9649324182162679,1.602990711442275
2020-10-06,1.2959128266051105,1.4222742394981227,1.3782387552261681,1.2511147748830618,0.9571369052656272,1.580483821578031
2020-10-07,1.3018148519298742,1.4241720554206136,1.3837962433805502,1.256745428848406,0.9645109123643067,1.6078391344289036
2020-10-08,1.3077193827756284,1.4292890242607612,1.3903750922709577,1.2607788174136791,0.9569697391291659,1.62151679085434
2020-10-09,1.3103029631885632,1.4316761761935712,1.3940489051845317,1.268909146734589,0.9675747819201279,1.6360620598142253
2020-10-12,1.3139579428046793,1.4351350170401027,1.3986359651825717,1.2756311598277301,0.9742841974434147,1.6626007961620868
2020-10-13,1.3097443404894702,1.4333893372000377,1.3943468801758732,1.2728067743055804,0.975665867523873,1.6522915178115714
2020-10-14,1.3085416167766908,1.433138615053278,1.3932266124089876,1.2724604386439153,0.974576168951287,1.641727059303865
2020-10-15,1.3085677674259542,1.4330752525409503,1.3931014792101235,1.2717865716168275,0.9703590512446129,1.63988976217209
2020-10-16,1.308019553926906,1.4319134200475498,1.3922339275198248,1.2736201155255957,0.976053513585237,1.638818005511888
2020-10-19,1.302282123816491,1.427433508148609,1.385879617640923,1.267038233235917,0.9729047958430349,1.6143717464529923
2020-10-20,1.304913457463204,1.4273558957162191,1.3880979928071766,1.2681378284341949,0.9707465080582863,1.6198836378483172
2020-10-21,1.3026804300547332,1.425340442541068,1.3856191107701752,1.2656353748248366,0.9735958443764783,1.6168214759620256
2020-10-22,1.3055722707386102,1.4235915886895196,1.3865634999447958,1.261900554550596,0.9673268893158157,1.6262121057466534
2020-10-23,1.3070842143095172,1.4257820519871354,1.3888368140295702,1.2642011312859736,0.9698207073000693,1.6308053485760914
2020-10-26,1.2987833217934748,1.422728606527925,1.3808657217368094,1.258921861420542,0.9681602472505565,1.6015106665305672
2020-10-27,1.2964116404802093,1.4233059330563744,1.379659641106236,1.2604089860426584,0.9713000153523381,1.5964070633867478
2020-10-28,1.2808837257527546,1.4127533834008918,1.3620378647674163,1.242551066014312,0.9658489687593479,1.541543329590688
2020-10-29,1.2840608671682399,1.4119305982184251,1.3637121118107212,1.2448175509037376,0.9680186578882437,1.557517607430843
2020-10-30,1.2810420188867842,1.4077903839977475,1.3593845858873381,1.2368493510822194,0.9620485614824029,1.5414922935592497
2020-11-02,1.290733553432281,1.4154930560321002,1.3705104198993179,1.2407713693993176,0.9574302024817024,1.5580279677452247
2020-11-03,1.298207101549107,1.4185872570775138,1.3783198844129345,1.248150478779233,0.9636829183355924,1.5850260283760302
2020-11-04,1.3040682468121556,1.4284248680433866,1.3886669985621487,1.2636873979910466,0.9839912333830418,1.6215678268857783
2020-11-05,1.3127741039254857,1.4337150425765584,1.398235595421681,1.2783489843500573,0.9970602791225077,1.6523935898744482
2020-11-06,1.3110528610287226,1.4309252085358346,1.3957694088722525,1.273545278118971,1.0004201765901934,1.65234255384301
2020-11-09,1.3223504577080047,1.4302084299340496,1.4019055427709506,1.2488581340346052,0.9518319969687377,1.6732673267326703
2020-11-10,1.3261236086722132,1.431021784978137,1.4050179098482958,1.244976432679,0.9455124574965547,1.6707155251607606
2020-11-11,1.327105400601895,1.4320596906463294,1.4065505731887957,1.2503401990243284,0.948167149784717,1.6832193528631183
2020-11-12,1.3217523054254423,1.4324840820872016,1.4027901084843621,1.2507522791991936,0.9517289247848486,1.6672450750229633
2020-11-13,1.32975377794067,1.4363114857511898,1.410743101241243,1.25633647383801,0.9492649326400507,1.6897009288557692
2020-11-16,1.3381268396310522,1.440841350432667,1.419114764195909,1.260133869693416,0.942367587566746,1.7108298458711821
2020-11-17,1.3369424586742027,1.4411494658328765,1.418165223987218,1.2588519546876702,0.9383724466199604,1.7025620087781945
2020-11-18,1.331182862746343,1.4381678792584878,1.412346676491666,1.251841789437145,0.9377992871780597,1.680973767479838
2020-11-19,1.3333494696244828,1.4406514764858716,1.415463318585577,1.252732049707746,0.9354621741470744,1.6890374604470726
2020-11-20,1.3323025778079818,1.4418455330276374,1.415321417719862,1.2526608280689455,0.9354843991408076,1.6767377768704679
2020-11-23,1.336387435836263,1.4420408164650083,1.4174582369740585,1.2472598041697378,0.9257098824875482,1.6869960191895452
2020-11-24,1.3443526635113383,1.4447534347472433,1.4245608106478858,1.2462215161536616,0.9185290030222221,1.7134837195059687
2020-11-25,1.3426418452503814,1.444247814799731,1.4235466648255721,1.245157338677765,0.9195033641699825,1.7104215576196768
2020-11-27,1.3431463877465202,1.4461496547743822,1.42527422846567,1.2467323534744597,0.9222174340444972,1.716188629172193
2020-11-30,1.3362697119201288,1.4426679413546402,1.4188888091577727,1.2458062044462817,0.929409487581022,1.7090946208022841
2020-12-01,1.3412157897642918,1.4418244242454747,1.4224805871501063,1.2527445537406727,0.9337407835921068,1.7262427273655176
2020-12-02,1.342132400720297,1.4417215066358229,1.4227414659180644,1.2500609491536299,0.9272231050986856,1.7308359701949552
2020-12-03,1.3439308012847855,1.4449397897222422,1.4260646705939304,1.2517637690322405,0.9292125670795035,1.7301214657548205
2020-12-04,1.3492447165721402,1.4444680828480962,1.429215190097117,1.2523293018857287,0.922516130261977,1.744819842809021
2020-12-07,1.3478818847857055,1.4466071396990514,1.429751453375492,1.25471296679391,0.928032167831697,1.7419107890170438
2020-12-08,1.3496404958923116,1.447634160439639,1.4312946849314347,1.2564570025454822,0.9282823551844877,1.7467592120036721
2020-12-09,1.3468826753448417,1.4447131121646397,1.4271572675828852,1.2516041615815237,0.9253365975297199,1.7306318260692024
2020-12-10,1.3489348547254936,1.4478745741226462,1.4304984493054207,1.2529717782510987,0.9197332881920569,1.7310911503521458
2020-12-11,1.3472821835717672,1.449123264866529,1.43026695160271,1.2526222018490083,0.9201859557379892,1.7276207002143484
2020-12-14,1.3432585999293516,1.446569719937286,1.4263039442469632,1.250284071128061,0.9220867016568594,1.7218025926303941
2020-12-15,1.351341692133896,1.450419360427818,1.4348708807770019,1.2594053004351433,0.9261426986324288,1.7437991221802562
2020-12-16,1.3514320405555955,1.4501979388943664,1.434988508583059,1.2607839224948174,0.9253416019117485,1.7461467796264132
2020-12-17,1.3556612715259058,1.452460846775911,1.440196601543037,1.266322819249118,0.9268763901699079,1.7562008778197378
2020-12-18,1.352883210374783,1.45082295258557,1.4374899794791816,1.2652517057783748,0.9313365452355696,1.7492599775441433
2020-12-21,1.3484450531637624,1.4487907030609797,1.432251316429817,1.2621264656648692,0.9289426662736734,1.7421659691742342
2020-12-22,1.3460495768971366,1.4482775780847665,1.430200760215906,1.2618525849414588,0.9296436816765746,1.7404817801367736
2020-12-23,1.3489760359394287,1.4491327382826182,1.4332056949824865,1.263975455078451,0.9278212484697433,1.741400428702661
2020-12-24,1.3510613816712524,1.4509514238364338,1.4361881437395225,1.2652894111333448,0.9282100855500287,1.748698581198323
2020-12-28,1.3529372196963245,1.451823341017135,1.4384039529272685,1.2677424135440103,0.9298466335089662,1.7638052465040293
2020-12-29,1.3526534713291363,1.451771977323817,1.4385167416949407,1.2708609045287407,0.932679084820391,1.7609982647749285
2020-12-30,1.3566817956451107,1.454552657118621,1.4432719109738905,1.2773750104070056,0.9351781387057747,1.7629376339695797
2020-12-31,1.3593441232148253,1.4561346793071923,1.4464060505848648,1.2787961957116434,0.9369306471918997,1.773451056445848
2021-01-04,1.3538088567129638,1.4541810240662347,1.4409201457664562,1.2755101712347556,0.9387839035552468,1.7484434010411323
2021-01-05,1.360724035404514,1.4562184819588289,1.4470633410735494,1.2805101489534667,0.9346488352922742,1.7599265081147262
2021-01-06,1.3662855916042396,1.453318531954819,1.4482750775527915,1.2743060734015181,0.9311749944772825,1.7694702459936686
2021-01-07,1.370165417274329,1.4537244382151806,1.4515338584107114,1.2818655034154471,0.9357299018576183,1.7965703786873501
2021-01-08,1.372355808343153,1.452598285358363,1.452863112551819,1.2795249946183431,0.9399239786119066,1.806777584974989
2021-01-11,1.3686664327291829,1.4494563541372412,1.4470883810086639,1.2740417397442825,0.9334615536617752,1.7945289374298223
2021-01-12,1.3733277278455485,1.4516318021461445,1.4514903349850514,1.277467069339713,0.9322686381911893,1.7943247933040694
2021-01-13,1.3748371046775878,1.4541778984958762,1.454572186908335,1.2799369230392217,0.9317766856742119,1.7992752883535745
2021-01-14,1.3758751117741566,1.4532679917071374,1.4542936161291582,1.2744529998509226,0.9231339402486347,1.7939675410840021
2021-01-15,1.369897822357789,1.4517911395130862,1.4496620622183047,1.2670529897539449,0.9187813036602005,1.7801878125956894
2021-01-19,1.3740444274576402,1.4547784594854334,1.4544985737663223,1.2717662138311157,0.9223650690315168,1.7942227212411932
2021-01-20,1.3797677467551788,1.4578032131690648,1.4606253594907466,1.2807733673530222,0.9264548886589845,1.8186689803000888
2021-01-21,1.3761486772384188,1.4552769471349112,1.4570579727244553,1.2770080385069522,0.9311068088705925,1.8203531693375494
2021-01-22,1.372841958426738,1.4540541489521521,1.453687346952632,1.274505894035193,0.9278047898144522,1.8140247014392132
2021-01-25,1.3759612878945067,1.4582493820888822,1.459097273798593,1.2777673072627105,0.9233688526296987,1.8221904664693247
2021-01-26,1.3730493256775718,1.4566245686128414,1.4565754651821439,1.272552237813423,0.9193779954046079,1.8184648361743363
2021-01-27,1.3591601382480945,1.4509164936047436,1.44303785628006,1.2552760995750492,0.9086482499293984,1.7753393896090615
2021-01-28,1.364057819709611,1.4517458095343765,1.4467845842819536,1.2596101936129094,0.912471443112581,1.788914973971621
2021-01-29,1.352580043162237,1.4465772205367566,1.436055288206113,1.2474012275267183,0.9024284034193398,1.7539552924364574
2021-02-01,1.3619089748083337,1.451586971658047,1.4460271585468805,1.259656215428916,0.9092379299856669,1.781820965601712
2021-02-02,1.3682828947331913,1.4518767243903659,1.450309322833445,1.2677089568355306,0.9138139007574727,1.8066244768806752
2021-02-03,1.3697115651417453,1.4511559492756034,1.4501889268882673,1.2644542963407728,0.9118789524752205,1.8093804225783374
2021-02-04,1.3735337434687025,1.4519752018993637,1.4532493602507435,1.264640632261469,0.9088706841239064,1.8296417270593008
2021-02-05,1.3771897203098042,1.4531030165573515,1.4566237154044361,1.268702956758806,0.912328489192114,1.8368378074920866
2021-02-08,1.3837285203999088,1.4562264631399728,1.4625873932975195,1.2754461349472745,0.9087630156857952,1.8505154639175228
2021-02-09,1.3840174950932094,1.4561671977515878,1.4627870482807306,1.27681668476431,0.9088600801471983,1.849545779320197
2021-02-10,1.385359287460805,1.4581594485630573,1.464660223139575,1.2758782752346722,0.9041664684799415,1.8488823109115005
2021-02-11,1.3845045592999643,1.4569470936708744,1.46356218600031,1.2743972957869978,0.9097154073600079,1.8514341124834102
2021-02-12,1.386945151631155,1.4563329524773785,1.4647047003722127,1.274235901157527,0.9110749179108538,1.861028886393791
2021-02-16,1.385798255875218,1.4517694444099354,1.4601418893660447,1.2664963079534868,0.9047472615401643,1.8593446973563306
2021-02-17,1.3867303674663292,1.4529158810743228,1.4614701681873419,1.2665855074628318,0.9005239657609354,1.859701949576398
2021-02-18,1.38268446009555,1.451087451215944,1.4579236851652067,1.2642140784976128,0.9008547738215832,1.8519444727977925
2021-02-19,1.383267289958011,1.4492464608822182,1.4562533045482826,1.2655682495040383,0.9006867782046395,1.8483209145656807
2021-02-22,1.3825543141054024,1.4477412208184934,1.4537284506411117,1.252242319351431,0.8843069506192653,1.8342349698887386
2021-02-23,1.3845646390568136,1.4488040425745181,1.4556873463258724,1.2510685332146159,0.8804474575518323,1.836327447177705
2021-02-24,1.3904208972855585,1.4495851439064806,1.4592705065321798,1.254441101897619,0.8802544736178775,1.8567928957844213
2021-02-25,1.3738026375874905,1.4350325210863257,1.4379944868074024,1.2367202215135817,0.8697541302558256,1.8119322241502476
2021-02-26,1.366807755428637,1.4385079791382545,1.4363550055928398,1.2359327302390812,0.8719063621842477,1.8007553332652828
2021-03-01,1.3794634416414335,1.442673249752911,1.447536257231147,1.2511110642203895,0.8818251921341236,1.8453608247422655
2021-03-02,1.3768273964105955,1.4426588613693554,1.4459258328440536,1.2483618331890316,0.8815679649270153,1.8317852403797057
2021-03-03,1.3711992965013373,1.4362199734522068,1.4374343141871972,1.2420072008009995,0.8763515474108106,1.80733898132081
2021-03-04,1.3638505033806898,1.4309449768457525,1.4287418982600963,1.2330037612292775,0.865840956397834,1.7849341635194425
2021-03-05,1.3758858986239182,1.4368358245516033,1.4393519636142988,1.2415659308051168,0.8660884771586747,1.8175461876084493
2021-03-08,1.3736627556522736,1.4325201695981788,1.4343619618838355,1.2323150694169185,0.8584784983809872,1.8088190262325181
2021-03-09,1.3815844261401355,1.439042928116287,1.4437361050201254,1.2487913811606948,0.8691273733142154,1.8344901500459303
2021-03-10,1.3885498865240977,1.444167151131471,1.4507435290762791,1.2492728612999753,0.8656083357539752,1.8452077166479517
2021-03-11,1.3938752068463864,1.446158682152687,1.4551964525158954,1.2624073444621868,0.8750232532016031,1.864448300500151
2021-03-12,1.3939451145518331,1.4421919773681926,1.4526530804015354,1.2580845588784155,0.8687325329205736,1.8670511381034989
2021-03-15,1.3977839343696343,1.4450947515331944,1.4567107750576314,1.2579979231128342,0.8639237512296662,1.8787894253342838
2021-03-16,1.3937860782786096,1.4430975202232197,1.4539818612301743,1.252529491489516,0.8597447577296768,1.8758293355108686
2021-03-17,1.3958293545970037,1.4433913445547606,1.4552807145831759,1.254556730062759,0.8642962854747583,1.882259875472081
2021-03-18,1.3823604900920323,1.4343907372971314,1.443465451869726,1.2353974357238198,0.8566087195886756,1.8553128508727137
2021-03-19,1.383768316964964,1.4360710197440776,1.4454137790788242,1.2391775435211356,0.859160302744383,1.8520975808921074
2021-03-22,1.3866516051518925,1.43885917907909,1.4490496668345634,1.240617618688934,0.8588572331937375,1.8662345616004878
2021-03-23,1.3791946219291544,1.4370914335632414,1.4451629823773078,1.2321473763086384,0.852359555907025,1.8523527610492985
2021-03-24,1.3804519921050913,1.4392661586269047,1.4466007561128404,1.2386748231000455,0.8559834051234654,1.842860059201794
2021-03-25,1.3846475805012295,1.440159751528448,1.4493379487065865,1.2426034551494274,0.8582358490494707,1.8528120853322423
2021-03-26,1.3994711368046933,1.4457467505946622,1.4587010998325374,1.255731085195312,0.8668428295498092,1.8822088394406429
2021-03-29,1.3963084473542953,1.4428001161524406,1.4559093699529415,1.2517155370228967,0.862310627276414,1.8814943350005082
2021-03-30,1.3929109224622014,1.4409384976602222,1.4533025734165372,1.2498958120211272,0.8627088158090112,1.8764417678881269
2021-03-31,1.3942863699783743,1.4409176716144043,1.4541113097056155,1.2534552128750824,0.8659971945405279,1.8841992446667326
2021-04-01,1.4051261364847,1.4473736985443688,1.4619699158242987,1.2627518319509887,0.8730870887042688,1.9045626212105726
2021-04-05,1.4101197981541935,1.4479302484290968,1.4646347089798197,1.2637771350614113,0.8732563242233207,1.9319179340614456
2021-04-06,1.4121042186496668,1.4510056617485496,1.4678501540025688,1.2638035425852518,0.8720042964296968,1.9307441053383672
2021-04-07,1.4095364062750309,1.4493501802613016,1.4657057430902858,1.2626279753106713,0.87194627068711,1.9329896907216477
2021-04-08,1.4131713834294846,1.4530882191225252,1.4699121747674426,1.2618120641873638,0.86854935367862,1.942176176380523
2021-04-09,1.414546682050985,1.4518390677944102,1.4694772065254325,1.2624965537027748,0.8697544839940966,1.956313157088903
2021-04-12,1.4144957232220574,1.451402785850775,1.4692167750637615,1.2609586591678081,0.8687207881088596,1.9570276615290374
2021-04-13,1.4189331166667933,1.4551511438084912,1.4735518040458173,1.2618286824842209,0.8668634772301401,1.9627947330815534
2021-04-14,1.4216209144738188,1.4557060957116135,1.4742492063008756,1.2678889699852876,0.8714199051832011,1.9561090129631498
2021-04-15,1.4326565584111297,1.4635616223228511,1.4841097634787734,1.2684021834689319,0.865728398976192,1.9771358579156861
2021-04-16,1.4354516754739521,1.4634537429517966,1.4848477533321691,1.2689207373449818,0.8652338795008935,1.9837195059712134
2021-04-19,1.4315283510562964,1.4611406118575783,1.481691110443272,1.2662892649265778,0.8642100432343215,1.973971623966518
2021-04-20,1.426369984260309,1.4610687756534904,1.4804550339469817,1.2560148648186276,0.8533755188115895,1.9595284270695086
2021-04-21,1.4355536095993462,1.465559802608987,1.4869901510790893,1.2639373309295716,0.858509912664688,1.9780545064815733
2021-04-22,1.4288283985817922,1.4630707322362213,1.4829608550914275,1.258508149127568,0.8559395301830359,1.9599877513524524
2021-04-23,1.4373139803146828,1.4653009700333859,1.4871802490725456,1.266760835266493,0.8621156656368661,1.9812697764621794
2021-04-26,1.4382462366609945,1.464508544808406,1.4864584516983554,1.2698624749778262,0.8647871706652975,1.9854036950086733
2021-04-27,1.4376215502772516,1.4627244894923386,1.4844806369177594,1.274019357203529,0.8695509110158892,1.9849443707257297
2021-04-28,1.440707475762352,1.4642739916473893,1.4862139744188856,1.2734815875447394,0.866756649483924,1.9843829743799095
2021-04-29,1.445251439757777,1.4662594041077126,1.4889444077502136,1.2771718863786055,0.8709649972463174,1.9970399101765823
2021-04-30,1.4386537567613065,1.4647054550073881,1.4862885545820819,1.2690933720294146,0.8675767780221231,1.9839236500969664
2021-05-03,1.446709743704912,1.4682349291495984,1.4910108110118643,1.2732989084233797,0.8667262003829831,1.9882106767377745
2021-05-04,1.4445264077600855,1.468042436043045,1.4897886546577155,1.2706960199776947,0.8676860071109987,1.9759109931611696
2021-05-05,1.4482292179625533,1.4699890639054916,1.4920929300248795,1.2715496645185582,0.8649821352571488,1.9765234255384276
2021-05-06,1.4572197312172626,1.4739623864199425,1.497515394857712,1.276867448265987,0.867419768267231,1.9923445952842684
2021-05-07,1.4666201996846473,1.4779980546108233,1.5032384232658162,1.283564509772695,0.8710309426719742,2.006838828212716
2021-05-10,1.4606976818178523,1.4743064652724476,1.498612294637913,1.2757261427692823,0.8651770873286809,1.9869347759518197
2021-05-11,1.450547328767649,1.4694284135731006,1.4921852434211773,1.2686333761141175,0.8644916330480645,1.969225273042766
2021-05-12,1.4299181892218056,1.4593764646460703,1.4783575876558261,1.2507945169787915,0.8507476084182322,1.9273757272634455
2021-05-13,1.4379558191523087,1.4639761446922206,1.4850435550957164,1.2608710171417652,0.8580847820764532,1.9505460855363863
2021-05-14,1.4535997638606661,1.4709991721539963,1.4944756613452919,1.2734178488213967,0.8662836304406976,1.980504235990607
2021-05-17,1.4555313353750379,1.4714135883007955,1.4946371289029534,1.2748591737261217,0.8654680495975967,1.9752475247524728
2021-05-18,1.449848827752948,1.4693942187375746,1.491789618009313,1.2659589353230138,0.8635989842825227,1.9588139226293741
2021-05-19,1.4415544273244625,1.4646584134202518,1.4860770897022861,1.2552732891834057,0.859553449728381,1.9528937429825435
2021-05-20,1.449958333064482,1.4705395236785324,1.4937484398607328,1.2543228752034563,0.856335220176602,1.9737164438093273
2021-05-21,1.4512180422458787,1.4711622661365473,1.4943139003225858,1.2588439557504687,0.8598084889631243,1.972899867306316
2021-05-24,1.4594894547405315,1.4753993834944823,1.4996917638894418,1.2655006833089404,0.8638635157776575,1.9928039195672123
2021-05-25,1.4579679849078988,1.476152811120698,1.500274238939587,1.2605683845131122,0.8589205666968218,1.9888231091150328
2021-05-26,1.4598108195631374,1.4768756679813129,1.5012014971539716,1.2622548779882354,0.8605813724583448,1.9921914871899538
2021-05-27,1.4617854956301266,1.477049148319913,1.50143964245415,1.2722369389631962,0.8670021922112042,1.9928549555986501
2021-05-28,1.4640793298750747,1.4779694865421644,1.502822203660884,1.2732462233935253,0.8683173167212225,1.9976523425538404
2021-06-01,1.471111906223143,1.4797425825897146,1.5052256767811594,1.2808394987470801,0.8698317309059015,1.9952026130448068
2021-06-02,1.4752227612384432,1.482121009171386,1.507906911235791,1.2807226431947345,0.866892111315292,1.9986220271511659
2021-06-03,1.470186067625984,1.4783783946610682,1.5035934764405035,1.2778509590602278,0.8649871769121718,1.9911707665611893
2021-06-04,1.47946867174187,1.4848862078604952,1.5110475339975096,1.2854319056823507,0.8679882990579366,2.0083699091558613
2021-06-07,1.4782597211804422,1.4841028337891116,1.5102630207155583,1.2811932878303327,0.8646103454616137,2.0075022966214124
2021-06-08,1.4800761622586607,1.4860094360813505,1.5121259993500324,1.2835207870336505,0.8638580996083658,2.007706440747165
2021-06-09,1.4785601933073311,1.4862081339756132,1.5120304115251848,1.2769725622965478,0.8567859169327382,2.0046953148923117
2021-06-10,1.4835107400269285,1.4905247193612965,1.5170648420459452,1.27330386685761,0.8521543227823981,2.013932836582625
2021-06-11,1.48301197856823,1.4892170272910936,1.5160046995521228,1.2750375248224817,0.8547886500533776,2.017250178626108
2021-06-14,1.4797703143792094,1.4858757949656813,1.5127154342034725,1.2680535703897071,0.8511421633080459,2.021741349392669
2021-06-15,1.4786918720909228,1.4850024384849971,1.5115340552246024,1.2679822940142405,0.8522943982807265,2.018066755129119
2021-06-16,1.467902719225834,1.477004469482699,1.5024753144638847,1.2620452974574454,0.8499740968228467,2.0067877921812776
2021-06-17,1.4591148811984245,1.474457670031369,1.4996991757267875,1.242041864179255,0.8335400436819459,2.006124323772581
2021-06-18,1.445280331271225,1.4689095720085155,1.49200878242944,1.2323983971117203,0.8280091759478658,1.9790752271103373
2021-06-21,1.4620132740132645,1.4751439999332594,1.5004998769606936,1.248614390941627,0.8401894662797915,2.007400224558536
2021-06-22,1.4640276888230974,1.4773470640974837,1.5027921525836878,1.2498106476851385,0.8391890191223648,2.018117791160557
2021-06-23,1.462094416850034,1.4742484175469814,1.4995492302848132,1.2499815505396497,0.8392218865971157,2.0156680616515232
2021-06-24,1.4685879938281752,1.4779362872501707,1.5040236700867178,1.2551835810458556,0.8424706972249086,2.027610493008061
2021-06-25,1.4727539597030461,1.4785626366808242,1.5058042304339656,1.2601569028298363,0.8459808382120177,2.034806573440847
2021-06-28,1.471263772031355,1.480652686603401,1.5073051273060465,1.2579165720240868,0.8487465028222254,2.038889455955903
2021-06-29,1.4690585723360556,1.4793802185909726,1.5060458970655843,1.2566463056544699,0.8488715243683811,2.0400122486475434
2021-06-30,1.4720132863834612,1.4821318481356325,1.508338955173725,1.2617866503640829,0.8511269744367365,2.041747473716442
2021-07-01,1.4781974388202892,1.484510417915324,1.511157702001327,1.2675217477212082,0.8550031034670681,2.053026436664283
2021-07-02,1.4844213026993625,1.4899625568238586,1.5168420716386546,1.2672911637612563,0.852789227186008,2.068745534347247
2021-07-06,1.476664509126759,1.4889324471319005,1.514932855077263,1.2558060010892977,0.8427032052295491,2.064968868020821
2021-07-07,1.4805804821060289,1.4926438264146609,1.5189465827937,1.2515843240706126,0.8392905277451751,2.072267020516483
2021-07-08,1.4716037236576198,1.4903906460021579,1.5150015480749623,1.2445577501104685,0.8346276162553898,2.05537409411044
2021-07-09,1.4855275507925243,1.4937114898134338,1.5207367766259903,1.2581267979201523,0.8450698769551126,2.0773195876288635
2021-07-12,1.4886242990681353,1.494358833642887,1.521882249968711,1.260027617676714,0.8461929969478414,2.0847708482188403
2021-07-13,1.4814491214216507,1.4883117827961838,1.5152445532267749,1.2574433253412274,0.8457842032639846,2.077625803817493
2021-07-14,1.4834473758329538,1.4930636783602897,1.520027547918438,1.251643385947721,0.8380752378234416,2.080739001735223
2021-07-15,1.4830331194831643,1.495114595824362,1.5211972058375924,1.2491002133056401,0.8339222885075117,2.073644993365314
2021-07-16,1.47367001731888,1.4908775231074354,1.5161539790815801,1.2403448561727832,0.8277833129111163,2.0573644993365297
2021-07-19,1.4540011597513394,1.4853017326246303,1.5075415213929564,1.217969834729224,0.8122134231344685,2.0269980606308033
2021-07-20,1.4684353893762,1.4919080743964557,1.5168571974534342,1.2308356184656268,0.8222442447968894,2.0560375625191365
2021-07-21,1.4768771548414374,1.492543554299019,1.519310183817169,1.2451445123102411,0.834090276598953,2.072675308767988
2021-07-22,1.4781109098410457,1.4953179619608183,1.5215419837460469,1.2445196021159244,0.8324999414479884,2.0770133714402346
2021-07-23,1.4833460846877053,1.497552277784778,1.5253326236936486,1.2462395210739399,0.8329184973724209,2.0983974686128386
2021-07-26,1.4851443124365493,1.4971561315664323,1.524789499461358,1.2514200415077081,0.834198051556014,2.1035521077880963
2021-07-27,1.4839223449154877,1.499443323170305,1.525764615499001,1.2470970607689145,0.8305466887271407,2.0939573338777158
2021-07-28,1.486868943346746,1.5011746548281697,1.527624570126887,1.2474243664748552,0.8317788886800432,2.0930897213432664
2021-07-29,1.4955206383182251,1.5043810039279983,1.5320684501708355,1.2542244286231012,0.833366280917765,2.1017658466877593
2021-07-30,1.489414271435481,1.502978378184038,1.529722695395154,1.250222142751271,0.8318467219071369,2.09155864040012
2021-08-02,1.4884330260927894,1.5048714029020875,1.5306251266392625,1.2482051467271877,0.8305896657131763,2.087169541696435
2021-08-03,1.4975345167594984,1.509081030767347,1.5360370322152255,1.255245352749617,0.8344982710050082,2.1041645401653546
2021-08-04,1.4882043434905088,1.5040016686970206,1.5301760317872293,1.2470597421220204,0.8265081272710743,2.093804225783401
2021-08-05,1.4944637759247,1.5049493042738078,1.5321673268441067,1.2560210077135598,0.8334231336305762,2.107073593957332
2021-08-06,1.4907826979988077,1.498333443590885,1.5267735600131738,1.2559428383497848,0.8384602789112268,2.1105440440951293
2021-08-09,1.4852458533682018,1.4939445417171575,1.5225621570667736,1.2484469687892932,0.8338602193258992,2.1088598550576685
2021-08-10,1.4903967726189047,1.494617270219561,1.5234380449946576,1.2520324107623337,0.8370314728168307,2.111462692661017
2021-08-11,1.4991738782619395,1.4998867009096228,1.5292946340302511,1.2562709149807427,0.8363872529054458,2.116719403899151
2021-08-12,1.4992758664919366,1.4999142686589757,1.5297877085680067,1.259424707874371,0.8390110022743443,2.123047871797487
2021-08-13,1.5039894398052955,1.5061157925444113,1.5355196091528958,1.2606721406394283,0.8354030690258942,2.12692661018679
2021-08-16,1.5034014259153925,1.5076649971792666,1.5369997486399587,1.2566745562764476,0.8310646891070411,2.1319281412677333
2021-08-17,1.493406058109456,1.5027289314731669,1.5310419831521005,1.2509704886114306,0.8267499842794105,2.117944268653668
2021-08-18,1.4820134362526802,1.4971605542851973,1.5243095697709215,1.240064807504032,0.8205568784315503,2.0947739103807272
2021-08-19,1.476784676484011,1.4964220097644931,1.5230163189496269,1.2324802745155308,0.8162332121095872,2.0979891803613335
2021-08-20,1.4811432088400889,1.4982812348453407,1.5260339068794166,1.2309035589364539,0.815178124060153,2.1146779626416237
2021-08-23,1.4948531424238685,1.5044491757874856,1.5328128841521422,1.2452582894791329,0.8247992205011452,2.1333061141165652
2021-08-24,1.4997058239142795,1.5046537519983558,1.5337080861913497,1.2526151970990493,0.8296334457616593,2.1366744921914864
2021-08-25,1.501657824012343,1.5037745070493822,1.5335672380107148,1.2569077108552948,0.83351400705702,2.1411656629580476
2021-08-26,1.49426490671163,1.5007833442703473,1.5298174185094013,1.2526697017370099,0.83315837080142,2.128508727161375
2021-08-27,1.5093929126663417,1.5102659806881373,1.5398780377600492,1.2596601028474228,0.8330531305406184,2.1475451668878223
2021-08-30,1.5113607901214658,1.5126787275415803,1.5426421069966072,1.2619915506100847,0.836383370624023,2.1569868327038884
2021-08-31,1.510115353156041,1.5108516026856686,1.541489088082349,1.2608808716337476,0.8320755528214584,2.15382259875472
2021-09-01,1.512955837161026,1.512897470796782,1.5440328100015441,1.2578081767934124,0.8282501079955848,2.1549453914463603
2021-09-02,1.5217401200013216,1.517878343961295,1.549023991184006,1.2674640746786356,0.835360884647691,2.1615800755333257
2021-09-03,1.5195300670784018,1.5154283743459995,1.5473212816680568,1.2652604001750736,0.8313360215866964,2.1610697152189435
2021-09-07,1.5077540316047213,1.506611265510693,1.5384752754618145,1.2599902422726088,0.8293130875405158,2.153312238440338
2021-09-08,1.5079105270593298,1.5092993551818312,1.540526417015793,1.260173529022028,0.8319901295199388,2.15070940083699
2021-09-09,1.50480118173164,1.510059642647905,1.540056082458002,1.2592033272185703,0.8320300959284618,2.1415229151781148
2021-09-10,1.4966367612401594,1.503760383203911,1.533506089897759,1.2526276712090996,0.8289553523675018,2.1246299887720723
2021-09-13,1.5046008795249781,1.5085570563320334,1.5382618864439914,1.260207167191714,0.8328941770969055,2.130039808104521
2021-09-14,1.4992735830000155,1.508429516669594,1.5368436006640547,1.2555336142348363,0.8262947563025445,2.118556701030927
2021-09-15,1.5095992450379874,1.512071269012784,1.5411927798952445,1.2629585601978253,0.8326989842690149,2.1362662039399805
2021-09-16,1.5003049940004864,1.5057669704891037,1.5351380376142605,1.2618250063886496,0.8356640906342603,2.1328978258650597
2021-09-17,1.4875448242638458,1.4984368266584396,1.5272538570274692,1.252752376434402,0.8287923185901069,2.1120751250382757
2021-09-20,1.4693014341506212,1.4923262193637337,1.5187446454947722,1.2356703323072586,0.8168305191024173,2.076860263345921
2021-09-21,1.4711112147230954,1.4936731208468852,1.5204134109100258,1.235479814584866,0.8152371473932056,2.0749208941512696
2021-09-22,1.4846972184440819,1.4995060035569678,1.5266645477597678,1.247115078375454,0.8218155601657634,2.0951821986322328
2021-09-23,1.4942625673765426,1.4980290952019857,1.5277146887924629,1.262453856474556,0.8346453014791939,2.120598142288454
2021-09-24,1.491141811586607,1.4943971299839804,1.5242010134439323,1.2591668969829763,0.8344580752723931,2.1241196284576893
2021-09-27,1.49346120904604,1.4933571045427263,1.5228675780995387,1.254457307582213,0.8261736869114502,2.118046340716544
2021-09-28,1.4718049962123443,1.4801967875831261,1.5082432191041,1.2377206264413545,0.816172417752373,2.0753291824027746
2021-09-29,1.4740962912737827,1.4824601039771377,1.5108713731169012,1.2413005600733367,0.8203905788105558,2.0788506685720103
2021-09-30,1.4627855813148845,1.4780697423298834,1.5045080438706606,1.232096889992377,0.811132765703633,2.053434724915789
2021-10-01,1.4776141296416543,1.4867053948544684,1.5141535730095383,1.244445965229673,0.8195064711098256,2.077829947943246
2021-10-04,1.472805039694541,1.4829760676289334,1.5089676230724616,1.2339067830325054,0.8162278736672671,2.0510360314381937
2021-10-05,1.479350036601225,1.4840651578338862,1.5111899756031058,1.246005504713615,0.8248321626431051,2.0723690925793594
2021-10-06,1.48072205444573,1.4850690525941759,1.5124446864607668,1.24839363211582,0.821864533707177,2.0809941818924145
2021-10-07,1.4893011195075363,1.4866999867597241,1.5156572344401253,1.2571869940430949,0.8299824789510948,2.0990099009900973
2021-10-08,1.4882313475354365,1.4836315873361967,1.5120910672645256,1.255244679951004,0.8295378595304906,2.0951821986322328
2021-10-11,1.4822989999507414,1.4785169260519304,1.506429895672409,1.2533251762879152,0.8308918736510221,2.0799734612636507
2021-10-12,1.4865528122036673,1.4838832279710343,1.5113506284360374,1.2587891908656803,0.8319564505445914,2.0748698581198313
2021-10-13,1.4964969523372242,1.489858134433655,1.5178334113551721,1.2603028210603116,0.825129343806287,2.0823211187098076
2021-10-14,1.515864005802399,1.4999344821649192,1.5304515097929472,1.2761652666817878,0.8336714858618753,2.1173828723078483
2021-10-15,1.5207801992166752,1.4990653061166628,1.5305998885313692,1.2854050765352114,0.8422485304494616,2.133510258242318
2021-10-18,1.5195526590679103,1.4964237286597537,1.528004770765305,1.282828418989827,0.8390339363932182,2.139787690109216
2021-10-19,1.526423128316973,1.4986203660664756,1.531383218430695,1.2903414221689096,0.8460323557702861,2.156323364295192
2021-10-20,1.5356449411370883,1.5034153168358744,1.5372011816692461,1.2988021238430356,0.8511835570410262,2.1647953455139324
2021-10-21,1.5319268479368628,1.4987548252287601,1.5328981210810506,1.2906799559183364,0.8447886611491945,2.170409308972134
2021-10-22,1.5388262895096505,1.5029999472919808,1.5368605839206977,1.297643064036904,0.8491246215122628,2.168163723588853
2021-10-25,1.5460133928453255,1.5072453166129955,1.5418268223910456,1.3031447129763774,0.8483672595672911,2.1797999387567617
2021-10-26,1.5488380955011398,1.5091331997986746,1.543731218697206,1.305593641916569,0.8502735397509072,2.1817903439828514
2021-10-27,1.538720887374794,1.5067361315650754,1.5396492212726467,1.2923663924628375,0.8407305931774857,2.1720934980095943
2021-10-28,1.5497670398724852,1.5113709032462428,1.546222911247973,1.2999520267478213,0.845128295611592,2.1930693069306924
2021-10-29,1.5445897109070275,1.509072133977755,1.543241012403662,1.2966087370120298,0.8427811343815141,2.1975094416658156
2021-11-01,1.5516568557461372,1.5108020895464271,1.5458292172379118,1.30255186380176,0.8442306703979222,2.2012861079922423
2021-11-02,1.5550246780086037,1.5153168572558635,1.5508339011251997,1.3026513925389354,0.8456997469799822,2.2101663774624885
2021-11-03,1.5557688338689795,1.5138859089503525,1.55145087072122,1.297135188372141,0.8424043083156564,2.22369092579361
2021-11-04,1.5586100649654153,1.51895104232633,1.5562808177307719,1.292983125900134,0.836939329830777,2.23415331223844
2021-11-05,1.5705713688169738,1.52815671667688,1.5656357369654361,1.2996206805838943,0.8375173322206331,2.2419107890170453
2021-11-08,1.5718871637387308,1.5252284961545026,1.5628771481960309,1.3036510726052113,0.840100594274365,2.243850158211697
2021-11-09,1.5739203426969963,1.5293991445060242,1.5661511684188931,1.3054208109139478,0.8375097286533641,2.2363988976217204
2021-11-10,1.5613872595737763,1.5170726936244725,1.5535957531032154,1.296738521083106,0.8313107089695765,2.218434214555476
2021-11-11,1.5643843051790483,1.51642758175921,1.5530994110835352,1.2976877002746392,0.8311723217826378,2.2191487189956103
2021-11-12,1.5688604915130155,1.519946743229241,1.557365248565968,1.3005781830152199,0.8313752209984447,2.2358885373073383
2021-11-15,1.5678247499349456,1.5168761732208418,1.5548447317208776,1.3036282616050288,0.834861375272362,2.236654077778911
2021-11-16,1.5674215943397298,1.515691244872647,1.5539330526158395,1.309401281413137,0.839279498396816,2.245483311217719
2021-11-17,1.5647680620628543,1.5168751129595142,1.5542410293154687,1.3033350761494595,0.8337564618839791,2.24007349188527
2021-11-18,1.5636449781532311,1.5162082936690084,1.5535295972183913,1.3014048562462863,0.8361376811702611,2.247677860569561
2021-11-19,1.5554343220088949,1.5131226715881587,1.5497420450136987,1.2855986019943704,0.8267573928105955,2.243646014085943
2021-11-22,1.5514798973264472,1.5053814414810924,1.5422868046932208,1.2927978965766567,0.8347457805925382,2.2373175461876067
2021-11-23,1.5556406883662064,1.5047583384372218,1.5422381117769934,1.3084285586717945,0.8463879715432832,2.240277636011022
2021-11-24,1.5588154133598997,1.5076115102047212,1.5442572574306908,1.3142184757235158,0.8476186157335146,2.2462488516892907
2021-11-26,1.5233876698128148,1.495382524294136,1.5274543120757,1.2753113604525306,0.8227761624232748,2.196182504848421
2021-11-29,1.5324699260251702,1.5003952960979952,1.5353978145868732,1.2844873318671175,0.8279894773267242,2.2231295294477884
2021-11-30,1.507450479671346,1.4870984383790666,1.5168744854507639,1.2663538361915967,0.8178178036151225,2.1798509747881987
2021-12-01,1.4977185231176326,1.4834442816925835,1.5108405871666553,1.2562690409106032,0.8087784335216472,2.155659895886494
2021-12-02,1.5201042978970285,1.4938316857815204,1.5257517431692256,1.2713923337407693,0.8170812587692399,2.1886802082270065
2021-12-03,1.5175991911352515,1.4971007146931314,1.5274149278826972,1.263418622085129,0.8106304000392844,2.1695927324691215
2021-12-06,1.5324901688765877,1.5015731523228093,1.5367942531777867,1.2740694386252571,0.8178019637418562,2.195314892313972
2021-12-07,1.5531947024975963,1.5091766249738032,1.5502883618006638,1.2939826509779742,0.8294416294592284,2.2407369602939657
2021-12-08,1.5543708072569926,1.5075805249915095,1.5501931119155299,1.2966643760853318,0.8309570245365,2.246657139940796
2021-12-09,1.5455378972687361,1.5035903355505227,1.54328307439032,1.2877321588995052,0.8252362243227453,2.2314994386036524
2021-12-10,1.554898067867386,1.5092729945851142,1.5514433155823972,1.2933998785236673,0.8299995216659202,2.2524752475247505
2021-12-13,1.549506148234111,1.511296371431911,1.5513206784598967,1.2842307426939732,0.8263254044687487,2.2326222312952924
2021-12-14,1.5406541104353377,1.5049228435446256,1.5430807078343078,1.2815305393388539,0.8241704984759464,2.217158313769519
2021-12-15,1.5527371498830644,1.511528222577424,1.5541640094386533,1.2895139998341167,0.8282500812320013,2.2518117791160543
2021-12-16,1.5546887651796453,1.5153690048260589,1.5574749022763794,1.2851715527903602,0.8220855226435457,2.2319587628865962
2021-12-17,1.5404535415180791,1.5086822637100987,1.546929546297211,1.2759264163473705,0.8187731310767191,2.2082270082678357
2021-12-20,1.5258371027035933,1.5001219908109749,1.5361858878926684,1.2664396234425148,0.8157162241744009,2.1847504338062658
2021-12-21,1.5443917144940427,1.507498157737601,1.5484073651091574,1.2855229574320965,0.8274316691860742,2.2235378176992944
2021-12-22,1.5569736890718051,1.5149882663389227,1.5585814201534796,1.293341602972221,0.8298749012607259,2.2457895274063477
2021-12-23,1.562877415853358,1.5166208210992624,1.5628751922300148,1.2982117367612078,0.8316035038493207,2.2597734000204133
2021-12-27,1.5789230503141265,1.5244027941395863,1.574350424235389,1.3093009642138966,0.8386793550195655,2.291721955700724
2021-12-28,1.579599474720006,1.5241688984502562,1.5747503309232782,1.3115643028483925,0.840482213199463,2.2898336225375107
2021-12-29,1.579554995291769,1.5214424887961493,1.5732755082992105,1.3148345179743361,0.843715619356283,2.292793712360926
2021-12-30,1.5804702252015712,1.5252679513664074,1.5761606637620524,1.3144130782081207,0.8394455051378156,2.2864652444625895
2021-12-31,1.5810734852014088,1.5252805176141906,1.576413810155358,1.3131783647528121,0.8366747582910815,2.2806981729100735
2022-01-03,1.5796633068823698,1.5163096990292628,1.5690265610806797,1.3225605542196401,0.8509349698819447,2.2938654690211275
2022-01-04,1.5878412131916875,1.520026042947173,1.573885216269499,1.3205592114940492,0.8504718742801786,2.293099928549555
2022-01-05,1.5703037153315362,1.5069884456907305,1.5571114252595364,1.298936188217707,0.8392439013456339,2.2491068694498306
2022-01-06,1.569498597479859,1.5039036024135375,1.5533397809986984,1.2960182827387576,0.8395277203313074,2.2469633561294264
2022-01-07,1.56907045183737,1.5016722764317307,1.5510981155571428,1.2895416374049218,0.8308443948421084,2.2380830866591803
2022-01-10,1.5638537691498775,1.4985482829198584,1.546724116565735,1.2893852091393203,0.8308593045625463,2.235327140961518
2022-01-11,1.5800502752960406,1.5091471016091647,1.5592736944219256,1.2967678169508479,0.8312291182852255,2.255588445442481
2022-01-12,1.5863686772922507,1.5119287416149592,1.5637193859471485,1.300521751214807,0.8301520114482619,2.261763805246503
2022-01-13,1.5768212875698409,1.509016723340928,1.5578499947922788,1.288770620095137,0.8244349580425689,2.2305807900377657
2022-01-14,1.573019240747599,1.5011364124544935,1.5503779948981526,1.2880192044358678,0.8264004033590668,2.2314994386036533
2022-01-18,1.552944352282391,1.4834466603263967,1.5299660975471834,1.270705660228628,0.8176839100009307,2.1919975502704903
2022-01-19,1.548916249910667,1.4843346392936267,1.529050106346536,1.2606991201453432,0.806382251252356,2.169235480249055
2022-01-20,1.539401045435486,1.4795729738658625,1.5216749806835703,1.2512232766871985,0.7983382991422963,2.145248545473103
2022-01-21,1.5257191694339802,1.476194411267565,1.5147906157097442,1.238374144345779,0.7921428577013795,2.103092783505154
2022-01-24,1.524317773508475,1.4742478145323719,1.512866345816176,1.2414496533821893,0.7970513067993912,2.112024089006838
2022-01-25,1.5187579437128762,1.469222925416401,1.505625603594261,1.2445032578147504,0.8000086089967677,2.0862508931305492
2022-01-26,1.5077271971325499,1.456174652178916,1.491891818520834,1.2416723633902695,0.8036065471420649,2.0810452179238537
2022-01-27,1.5041727267565241,1.4554834153387357,1.4883409225197852,1.238154753404986,0.8027314211198909,2.0707359395733382
2022-01-28,1.5209982832968048,1.4665710829712235,1.5025376546570466,1.2548590775653081,0.8157544830415093,2.122180259263039
2022-01-31,1.539539564799225,1.4772457683736895,1.5163930523760223,1.261003356308957,0.8134055504625348,2.1604062468102474
2022-02-01,1.5484277111115052,1.4820247651508556,1.5228001776735687,1.2679997621488175,0.8180860171699312,2.175002551801571
2022-02-02,1.5576033817512247,1.4895149418193698,1.5316048096874153,1.2752273383366906,0.8234037276296458,2.196131468816984
2022-02-03,1.5394589832546912,1.4750147583672721,1.5142105118219638,1.2706949930748292,0.827164629712533,2.1444830050015304
2022-02-04,1.5375651370261183,1.4664725503571698,1.5057213873877602,1.269281163205742,0.8268197710293981,2.154588139226293
2022-02-07,1.538672246246323,1.4680271891338066,1.5068262905954521,1.2722428418910796,0.828288528992235,2.1476982749821367
2022-02-08,1.542942422095357,1.4675623947509466,1.5085788387242673,1.2685166075012333,0.8217627853329617,2.1653567418597524
2022-02-09,1.5598936502807565,1.4786919607724491,1.5227494561357495,1.2826759250302275,0.8280052101304002,2.197050117382872
2022-02-10,1.5369163210502972,1.4517305404140697,1.4932368891014576,1.2696093617762851,0.8224915512026046,2.1575482290497083
2022-02-11,1.530975347471423,1.4565666816390144,1.4926537739908687,1.2767554921233932,0.8340075916908393,2.1150352148616918
2022-02-14,1.521104030097541,1.4430903882998751,1.4798061432557819,1.268809016663324,0.8302730672825795,2.108094314586097
2022-02-15,1.53017883152805,1.4468224819864797,1.4872046997719996,1.2716646450364057,0.8286745311588124,2.142084311523935
2022-02-16,1.5368180423956992,1.4555417623218165,1.4958824489807838,1.2743708875864264,0.8253943888986671,2.1444830050015304
2022-02-17,1.5245520188871833,1.4504657462376698,1.4870652029986968,1.263081789877388,0.8187724424269703,2.0987036848014693
2022-02-18,1.5209723603844227,1.450412999342711,1.485377776133939,1.2599408485347716,0.817610051705933,2.0851281004389093
2022-02-22,1.511001239229656,1.44254562447767,1.4758341627478386,1.2575617502166465,0.8223263869741986,2.0627232826375415
2022-02-23,1.494767565508971,1.4265763573731394,1.4588623112924088,1.2538670991529317,0.8241473564504984,2.0266918444421758
2022-02-24,1.4980815832449952,1.4295229971166223,1.4628312868652469,1.256715724606606,0.8324565355370126,2.0551189139532506
2022-02-25,1.525278297916634,1.4519016387953247,1.4896189290457484,1.2788006224670625,0.8421436765794839,2.102021026844952
2022-02-28,1.5272692620076878,1.4623521640496553,1.4950357512751045,1.2837769893599462,0.8442517969674257,2.0966112075125034
2022-03-01,1.520459421454634,1.4662609363141696,1.4927421068851996,1.2849758542457053,0.8492964613541198,2.064713687863631
2022-03-02,1.5346637099099265,1.4666072404137716,1.4979208735976253,1.3070622370463247,0.8666790935442551,2.1026844952536483
2022-03-03,1.5350634758773298,1.470583953501418,1.499777776953746,1.311653109080896,0.8739306046983643,2.092222108808818
2022-03-04,1.5380880837806545,1.4805239427988688,1.5038801398042432,1.3214479818068041,0.8810356980674136,2.075227110339899
2022-03-07,1.5131982906858417,1.4576335414736927,1.4772682778281343,1.312815681674484,0.8833212518483464,2.0140349086455025
2022-03-08,1.5095179803001193,1.4526274741606882,1.469788790753291,1.3129249963251786,0.881498588297615,1.9987751352454821
2022-03-09,1.5193346537842642,1.451103355646531,1.4786250507656693,1.2978604572993588,0.8684436146995471,2.0523629682555873
2022-03-10,1.5136341524249102,1.440872104623829,1.4689241251267133,1.2952846425625086,0.8685004922959242,2.0430744105338356
2022-03-11,1.5029599247291556,1.43132139378944,1.4577162806641462,1.2904466436850865,0.8706256082746291,2.0170970705317943
2022-03-14,1.488356691246801,1.4077467325298223,1.4388859691358582,1.2740880601078037,0.8655984262665094,2.0023476574461556
2022-03-15,1.497972260829615,1.4145164897096771,1.45050286612913,1.2698103464158725,0.8588601306270393,2.0463917525773185
2022-03-16,1.5220368814810048,1.435325289018264,1.4731527598286012,1.2695243076522016,0.8405791343662796,2.0917627845258737
2022-03-17,1.5392890103408006,1.4520556118518995,1.4885874358509945,1.2914948284052934,0.8529032807941942,2.1179442686536682
2022-03-18,1.5470012905512531,1.4584676457817358,1.4953016193286595,1.2924619549291114,0.8518578647941853,2.141165662958047
2022-03-21,1.546954848070404,1.4514936658626096,1.4866196627401436,1.3101278522387543,0.8669827570464156,2.1405021945493505
2022-03-22,1.5529484314306332,1.4524916175937856,1.4902915561401575,1.3096758317009896,0.8629588186483979,2.1655608859855047
2022-03-23,1.5503207146136582,1.456437980205321,1.4888138040893004,1.3161854395495667,0.8658834980399345,2.13769521282025
2022-03-24,1.5595401085777283,1.4626555806558124,1.4967177970481114,1.3212888323406464,0.8716565023448187,2.169898948657752
2022-03-25,1.563229103583405,1.4595096764470075,1.4947980027196757,1.32989032317507,0.8817865623382903,2.180514443196896
2022-03-28,1.5628713695918592,1.4562653413683064,1.4962268185927308,1.3173421412288326,0.8756314146673138,2.1956721445340404
2022-03-29,1.5791289876755898,1.4728532062980169,1.51413406549681,1.3188278344470812,0.8726853259410233,2.223078493416351
2022-03-30,1.5795745735723168,1.4776415368213707,1.515760157755678,1.3249638924026408,0.8775149484552268,2.2098601612738586
2022-03-31,1.5641841391390863,1.4651653871583756,1.5029133487302788,1.3146668772041148,0.8737045243346646,2.175461876084515
2022-04-01,1.571233150861284,1.4684003090981355,1.5073642713005402,1.31584350943571,0.8703368467980587,2.1815861998570982
2022-04-04,1.5766347823822013,1.4732396213303784,1.511861869939047,1.3196641898968586,0.8711265516501698,2.2003164233949164
2022-04-05,1.5594776841275049,1.4517163624766831,1.4918719311485011,1.3131125376136146,0.872564170142895,2.1725017862611002
2022-04-06,1.5539047358245306,1.4486253214138636,1.4881553365576234,1.3070325607562319,0.8761126402323324,2.150760436868429
2022-04-07,1.5567635855741822,1.4517338309288683,1.4907902657715468,1.311260975460783,0.8804464974068982,2.161631111564765
2022-04-08,1.5583895987953627,1.451452693944827,1.4891053644453964,1.3182137510104748,0.8869965754493239,2.1558130039808105
2022-04-11,1.5413796302131044,1.4351923236698114,1.4731104417467942,1.3012802799200205,0.8788479930891967,2.1189649892824334
2022-04-12,1.5444102639368325,1.4430111263128704,1.478325444172606,1.3112557301586474,0.8857321210700595,2.1111564764723894
2022-04-13,1.5581073702575332,1.4560924299295335,1.490993179185016,1.3221303268127926,0.8887076569034936,2.1352965193426554
2022-04-14,1.547731719659037,1.4426766027511073,1.4780679442694762,1.3211463016278664,0.8885397024483275,2.108706746963356
2022-04-18,1.5463551196115204,1.440010335844994,1.4743724345671443,1.3221631339484852,0.8929118582936239,2.109574359497805
2022-04-19,1.5520838006488042,1.4380438095439732,1.4767611101392377,1.3238788423192855,0.8988864889857539,2.1436664284985194
2022-04-20,1.5615065873425054,1.4515209314053097,1.4891667894340788,1.3309729986725405,0.9058049745779962,2.1420843115239356
2022-04-21,1.5440713575095084,1.4331714168187115,1.4710669016625295,1.316431427847638,0.8971765261038152,2.1100336837807485
2022-04-22,1.51711087130678,1.4083156155215326,1.4464084909642647,1.293658502769494,0.8863156361513688,2.0521077880983967
2022-04-25,1.5163451719658514,1.4095351156053382,1.4494656384324929,1.28484979731698,0.8774873294117912,2.0640502194549346
2022-04-26,1.4979092771251976,1.398556324221772,1.4348839004424114,1.2816649054567222,0.878440451737924,2.0042359906093696
2022-04-27,1.4994038075198173,1.3956644706695485,1.432934446117967,1.284803093359873,0.8837841825546847,2.0099009900990095
2022-04-28,1.5180277322969145,1.4108149558538958,1.4488138067258824,1.300567291473611,0.89266568083191,2.060681841380014
2022-04-29,1.4879814612593643,1.3814107067289354,1.4182404957929033,1.2778248384825228,0.8790232335126854,1.9844850464427881
2022-05-02,1.484607545541201,1.3735384240191364,1.4116603527366844,1.2754091586315333,0.8819848511097016,1.996427477799326
2022-05-03,1.4916467124551978,1.3795361261334642,1.4184567764780383,1.2766962483441224,0.8801080664638843,2.005613963458201
2022-05-04,1.5194547242211982,1.4082875754514022,1.4462891534646025,1.2979390316336732,0.8852148783324888,2.0667040930897205
2022-05-05,1.4887365972848368,1.378292065250048,1.4154140795413734,1.2837304780684795,0.8909745478954206,1.9932122078187193
2022-05-06,1.4833203883677168,1.3723918803198338,1.4088619878483268,1.2836393910941308,0.8953023702242461,1.9813208124936197
2022-05-09,1.454930003826113,1.351584248168512,1.388097769567859,1.2536408806330355,0.8787104144725019,1.917883025415943
2022-05-10,1.4540067126492413,1.3503274761544057,1.3872257233133285,1.2543012150046609,0.8783328882710817,1.9223231601510657
2022-05-11,1.4519559218875795,1.352691943949048,1.3867184282728908,1.259635183334402,0.8771165947584078,1.891803613351025
2022-05-12,1.4508889605091289,1.3519215878634114,1.3863288894337362,1.2608549899611168,0.8785774337530368,1.8898132081249355
2022-05-13,1.466658765321622,1.3615060345205603,1.397877325478374,1.2763069902530162,0.8865386146738656,1.9349800959477381
2022-05-16,1.467914726501035,1.3654260759622938,1.400056620417956,1.2840224321759388,0.8905151736195949,1.9271205471062562
2022-05-17,1.4787843512379522,1.368422473820429,1.406273454272231,1.2816655426100048,0.8898244867495406,1.9667755435337337
2022-05-18,1.4529187329759146,1.3497157525759917,1.384266307659528,1.256794899637829,0.8758107487044797,1.8875165867102162
2022-05-19,1.454417260734844,1.3550335244108165,1.3878385385649181,1.2556807020763334,0.8709989710340614,1.875931407573746
2022-05-20,1.4563391851160137,1.3595326495050164,1.3913164773157138,1.25759550102197,0.8664107928915404,1.8767479840767574
2022-05-23,1.4679791698876659,1.3671573030308775,1.4006476252027373,1.269231808191021,0.8711910720294009,1.9118607737062359
2022-05-24,1.4704607417836746,1.377127495988971,1.4083387311799462,1.2753110283255304,0.8704762721138699,1.8972644687149118
2022-05-25,1.4781652766679245,1.3847052712383625,1.416648272690206,1.2811266068343439,0.8738161940094211,1.9140553230580784
2022-05-26,1.4912382578461605,1.395054606298252,1.428417808258083,1.2892940042445729,0.8772634937716237,1.9522813106052865
2022-05-27,1.5081406121112628,1.4098213793865841,1.4444135985963673,1.2995235074233042,0.8785547291401035,2.0002041441257523
2022-05-31,1.498972902037179,1.395502808669822,1.4319278170456018,1.29000496339184,0.8745308042567417,1.9889762172093495
2022-06-01,1.4933368978059198,1.388362332564953,1.4242605429204076,1.2914342425797907,0.8775500957288337,1.9728998673063178
2022-06-02,1.507864264498111,1.4019584188886054,1.4377829155799826,1.299249030446814,0.8756024536790094,2.010207206287639
2022-06-03,1.498326210643928,1.3926366731198911,1.4279885366421294,1.3004683430606112,0.881668235979641,1.9774931101357558
2022-06-06,1.4979974830468397,1.387768078178857,1.424672956194244,1.3013877617433303,0.8821100062033777,1.9835153618454624
2022-06-07,1.507136802169648,1.3976035053695668,1.4339447799891067,1.3125186653790317,0.8891310927985364,2.0025007655404714
2022-06-08,1.4970115462185634,1.386912005558035,1.422286158758386,1.3055391929169367,0.8889705950651904,1.9807594161478002
2022-06-09,1.479794622312282,1.3715190091544904,1.4053639261603714,1.2928719211688924,0.884586627227824,1.9336531591303456
2022-06-10,1.46052380428199,1.3514798394664291,1.384331717370501,1.283034313629276,0.8863031224004982,1.8775645605797688
2022-06-13,1.425228420735183,1.3098702565694662,1.3444525531516782,1.2566813828681722,0.8853284841040736,1.8062672246606102
2022-06-14,1.4198222081434428,1.3014957939157257,1.3372398375373031,1.2493416465389346,0.8832738745951576,1.8008574053281614
2022-06-15,1.430740976872528,1.3165822663611124,1.3517444342738225,1.2470666379236413,0.8683253603678592,1.8265285291415736
2022-06-16,1.412435654300997,1.3055658231728515,1.33804770913734,1.2315006452043316,0.861887461988851,1.7660508318873123
2022-06-17,1.4084400342268826,1.3009099473672323,1.3348879882380191,1.2125411270179756,0.8493719559615796,1.7698785342451768
2022-06-21,1.4207017655619079,1.3079743535497959,1.3436177367054571,1.224990010455946,0.855178495058214,1.8144329896907212
2022-06-22,1.419705116595169,1.312034335010584,1.346752608932181,1.216689537790107,0.8477108255922424,1.8111156476472385
2022-06-23,1.4227683862544824,1.3159395181974873,1.3518506602500842,1.2104392121380638,0.8370103885556995,1.8288761865877305
2022-06-24,1.4398146230164688,1.3281581532559592,1.366263802348242,1.2163175494254956,0.8363726686072703,1.887057262427273
2022-06-27,1.4381912228079001,1.3245738169573886,1.3628631494252064,1.2209173391310606,0.8408730545759814,1.8798101459630492
2022-06-28,1.43137595947884,1.3198440341321154,1.3563832650982728,1.2279350373498745,0.8495963202105076,1.8414310503215263
2022-06-29,1.429316745387929,1.3206027240149338,1.3568744564785318,1.2182061046931225,0.8428494703278983,1.8398999693783804
2022-06-30,1.4248768884537577,1.3187031047208955,1.3553942098241558,1.207609503354512,0.8362325907666568,1.8249974481984272
2022-07-01,1.4342694102787203,1.330566448280193,1.3670512304307096,1.212651133873855,0.83612287897156,1.8442890680820652
2022-07-05,1.4237569686141227,1.318274242130148,1.3570427630119455,1.1881147612886314,0.8271498526252967,1.8477595182198623
2022-07-06,1.420791735194549,1.3107899428695526,1.3520733080579705,1.181398024154823,0.827063743612302,1.853985914055322
2022-07-07,1.4313872296298609,1.3184585854313189,1.3599656581419368,1.1948523696609399,0.8311312808420133,1.8817495151577004
2022-07-08,1.4301196989216673,1.3159709296290205,1.3576114239514745,1.1974162263501191,0.8333227058625344,1.880218434214555
2022-07-11,1.4250732838408002,1.3139015480957685,1.3544044717954176,1.1958203142203963,0.8370509228174251,1.8587322649790745
2022-07-12,1.4190386117734477,1.3091207102254019,1.3504246957216568,1.1844113358198003,0.8316449065029746,1.8422986628559759
2022-07-13,1.418430483780623,1.3099436169755558,1.3500103246810062,1.1852793620957736,0.8319397916883279,1.8326018168827185
2022-07-14,1.4112986919023611,1.3013734066525484,1.3423717510433657,1.180210601570355,0.8325023659203646,1.8281616821475954
2022-07-15,1.4231540933672848,1.312343147365376,1.3541137146718143,1.1853899503048115,0.8326259448846925,1.8630703276513212
2022-07-18,1.4208868441505405,1.3086942518876419,1.3496832980642577,1.1908075275331893,0.8364338324565601,1.8477084821884244
2022-07-19,1.437056005843354,1.320072950425945,1.3632033834652524,1.197929850169544,0.8336967340933847,1.8976217209349795
2022-07-20,1.4373867258505337,1.3187747266817318,1.3622805767222204,1.1903988111161856,0.8269456487429879,1.909717260385832
2022-07-21,1.4455502802915237,1.3307248229515052,1.3738009856220037,1.1909923764985535,0.8199000072231182,1.9291619883637843
2022-07-22,1.4451491784472037,1.3346919160881103,1.376674068039325,1.1932917114417354,0.8198146478958571,1.9112993773604159
2022-07-25,1.4486530727998594,1.336123787883294,1.3782106665631322,1.2015209461345477,0.8268405101505861,1.9135959987751348
2022-07-26,1.4431449899088302,1.332022613771472,1.3736229345388642,1.202405894696052,0.8349641973381459,1.890936000816576
2022-07-27,1.4571466662551709,1.3449665918503781,1.3866182878831985,1.2123696082849342,0.8389554105094912,1.94003266306012
2022-07-28,1.4698713290172045,1.3594273809889121,1.4011859386438454,1.2171971800476156,0.8362769090543508,1.9642237419618245
2022-07-29,1.4791524916117103,1.3659970564849582,1.4081422682880305,1.2181801881571754,0.8326305890681296,1.9930080636929666
2022-08-01,1.4778070946247555,1.367237395101251,1.4085197940493093,1.2149378126904047,0.8251014540747132,1.9871389200775742
2022-08-02,1.4688980483104113,1.3543089955276049,1.3967667934410948,1.2108485244326859,0.8273471878239754,1.974022659997958
2022-08-03,1.4754650191897278,1.361443197386417,1.4043875351353765,1.2098462963854633,0.8185356929584885,2.0049504950495045
2022-08-04,1.4749003639221803,1.3631505409473397,1.4060663273283276,1.20060688020617,0.8105837162577725,2.003572522200673
2022-08-05,1.470875141499855,1.3534443410373063,1.3981087373360206,1.2023720139234155,0.8164385961713007,2.0002041441257523
2022-08-08,1.4747713655002292,1.3594993493125829,1.402849187326445,1.2056831540504023,0.8171834135739106,1.9978564866795951
2022-08-09,1.4737948327184054,1.358068251050716,1.4008671012253673,1.2094865313528795,0.8214933095553317,1.9899459018066752
2022-08-10,1.4873004905660157,1.3692894045311212,1.4136596026508073,1.2149659920567757,0.8200288658710417,2.0317444115545573
2022-08-11,1.4877965753148488,1.3671588095436775,1.4116476924952488,1.2210834856005206,0.8209436541968839,2.0317444115545573
2022-08-12,1.4998151242753641,1.3786962694582614,1.4237949340499338,1.2300670280560198,0.8210852222931379,2.0661426967439005
2022-08-15,1.4990808296752949,1.3776112696398242,1.4237213925193641,1.2301624931448252,0.823797595543569,2.074614677962641
2022-08-16,1.4997966438239192,1.3771557945606352,1.4236451143369155,1.2283696673241407,0.8201923120355038,2.0786975604776967
2022-08-17,1.493756637785653,1.3698783069558464,1.4161579946830063,1.2279590672046639,0.8226164863192901,2.0639481473920585
2022-08-18,1.4965245784411267,1.373374048050172,1.4187455140488163,1.229997424298076,0.8268518984451045,2.069970399101765
2022-08-19,1.4858543466986718,1.3621779842372752,1.4075417894740525,1.2274836368267688,0.8338393743996259,2.0421557619679485
2022-08-22,1.4729576097964416,1.350501720511485,1.3944780891865052,1.223013142462779,0.8339141115247183,1.9995917117484938
2022-08-23,1.4747756802787257,1.3524846889912245,1.3953778057515331,1.2216759100720713,0.8309365939624516,1.9947943247933033
2022-08-24,1.4771528627894408,1.3534378207751987,1.3963833125265899,1.2240647282096346,0.8343642388899312,2.001173828723078
2022-08-25,1.4879953597505946,1.3637976933027613,1.407600861979177,1.2294047513257251,0.830054305049486,2.0293967541084
2022-08-26,1.467983779151064,1.3474487379621196,1.3888582430006167,1.2151260402421031,0.8232421749939541,1.960702255792589
2022-08-29,1.4648780381652116,1.3440466374716002,1.3846899973127218,1.2153406003997864,0.8253907148917277,1.9477391038072873
2022-08-30,1.4538520521031477,1.3336209687515626,1.3750199640188503,1.2046144876367948,0.8206911760361203,1.9263550066346835
2022-08-31,1.445967946537449,1.324840855259413,1.367098545854187,1.1979608936010315,0.8199990227716697,1.9117076656119214
2022-09-01,1.4419730407329676,1.3185102784796157,1.3630529263436633,1.193635877464308,0.8209936196201056,1.9177299173216282
2022-09-02,1.4385803840437068,1.3183481830579804,1.3610590673590308,1.1952343496801199,0.8235105697450772,1.8974686128406648
2022-09-06,1.4332729752522082,1.3094627295237915,1.353889910591521,1.191000752542775,0.8261664299810785,1.8903235684393174
2022-09-07,1.4465788972573788,1.322729364053895,1.3686974489515786,1.1884531747767781,0.8174021599878729,1.9242625293457174
2022-09-08,1.4490053866661694,1.3226712696479868,1.369625460097759,1.1892455169596179,0.8174352315927541,1.9368684291109515
2022-09-09,1.461058841501114,1.3329433608629575,1.3794718756254518,1.2011355893940039,0.8199142183241903,1.966979687659487
2022-09-12,1.4688440943230854,1.338849725722909,1.3856192737227058,1.2086158834223026,0.8209371142370196,1.9881086046748997
2022-09-13,1.4410693292509311,1.3138008140086055,1.3585269126489332,1.1926067730403058,0.821933043735322,1.9016535674185968
2022-09-14,1.44329654780176,1.3155502196003315,1.3597209319952457,1.1991737211308202,0.8262622747004045,1.9089006838828202
2022-09-15,1.4324342786297282,1.3039418820067008,1.349153553502379,1.186793717971098,0.8200424525587797,1.887210370521587
2022-09-16,1.4269396513474655,1.2999309108801522,1.3451940268129685,1.1836727019431703,0.8218132532191756,1.872818209656016
2022-09-19,1.4317933195273336,1.3030375353655128,1.348840959299033,1.1882027441309733,0.8248413393963794,1.887363478615902
2022-09-20,1.4212407038687362,1.2926981220816711,1.33804319656231,1.1821972039341235,0.8270276398067197,1.865673165254669
2022-09-21,1.4122632838535298,1.287138423737034,1.330988948864455,1.173913540310768,0.8233132353296987,1.8331632132285385
2022-09-22,1.403836713003485,1.276742884638874,1.3213031205284982,1.172719755301229,0.8280293592900269,1.8177503317342036
2022-09-23,1.3867941136715645,1.2610287631202735,1.306199137971363,1.1537631474532375,0.8246070656540719,1.7872818209656007
2022-09-26,1.3732792053834895,1.2447430441322411,1.2911663648132625,1.1415197232079395,0.8270424922143809,1.7696233540879853
2022-09-27,1.3689805621102045,1.238801604314573,1.2854611543873447,1.1417284212059824,0.8332793023142163,1.765081147289986
2022-09-28,1.3887516641323643,1.2620461129014677,1.3069637623043875,1.1563450592903717,0.8299693535282692,1.799836684699397
2022-09-29,1.3754894696840263,1.2501068319185609,1.29418835939624,1.1454739166413743,0.8292323921257868,1.7622231295294468
2022-09-30,1.3679603513789964,1.2426889868892155,1.2870977300636186,1.1370831735264826,0.8273551068338325,1.7349698887414504
2022-10-03,1.3877497336219524,1.2627146960972857,1.3067891825610065,1.15310133211226,0.8277324710952322,1.78080024497295
2022-10-04,1.4087909034172406,1.2803233465123913,1.3254573726314272,1.1675373695013171,0.8220095292357745,1.8359701949576392
2022-10-05,1.4050080711074557,1.2756315428484062,1.320252497632255,1.1650458594024191,0.8251903079274701,1.8316831683168306
2022-10-06,1.3975537058798053,1.2684098593349205,1.3122458873583056,1.155198390840439,0.8251439750927124,1.8127998366846985
2022-10-07,1.3830782539383193,1.2556850056218152,1.2984145988929672,1.1467722884474238,0.8285759761275562,1.762223129529447
2022-10-10,1.3765406611890585,1.2483445676245493,1.2916689082816963,1.1438731189996616,0.8348373943884343,1.7488006532612017
2022-10-11,1.373435238453921,1.2464853177006319,1.2898449478097744,1.1439390846170758,0.8409927148445189,1.7377258344391133
2022-10-12,1.3715629232932003,1.2460140465098724,1.288768090691765,1.138065717903621,0.8335215339061436,1.7319587628865973
2022-10-13,1.3843919616162628,1.2537506680048875,1.2976903398404251,1.1529904631150227,0.8450592239748699,1.7776870470552202
2022-10-14,1.3691184691402176,1.240428924465283,1.2842611738366814,1.1407958483853033,0.8435615880740528,1.737164438093293
2022-10-17,1.3831430615663138,1.2515654559023608,1.2968961286637513,1.1456141464121643,0.8373453316425188,1.7818209656017139
2022-10-18,1.3901821631907043,1.257429648449088,1.3036493757351628,1.1480514945703735,0.8358334964093562,1.802745738491374
2022-10-19,1.3822197691289504,1.2476331200095543,1.293735156219995,1.146626923536542,0.8422720981147944,1.7899867306318253
2022-10-20,1.3754175833283975,1.2402844694894077,1.2863937483344565,1.1424696868447566,0.8410313541744803,1.7749821373889958
2022-10-21,1.3886682469536147,1.2515731638215366,1.2989389670193565,1.151273625548333,0.8400278826290706,1.8181075839542706
2022-10-24,1.3905674682072313,1.2523630662181326,1.300240820016088,1.1575343761691677,0.8483434322659801,1.8403592936613238
2022-10-25,1.4032878700514337,1.265138758075052,1.3129995631062719,1.1664788214054325,0.8422239448664617,1.869705011738286
2022-10-26,1.4074794766057634,1.2710058025790223,1.3179754800102297,1.172670913276333,0.8501938589612155,1.855619067061344
2022-10-27,1.4086542688432977,1.2739936967507641,1.3205810759100487,1.1760604496623919,0.8539913188637761,1.845718076962334
2022-10-28,1.416600411822381,1.2782355892042783,1.3265619586757875,1.1730029018888397,0.8515849564035156,1.8896601000306201
2022-10-31,1.4115828131072212,1.2722161009963315,1.3204806511420757,1.1714207159591783,0.854384676735131,1.8759824436051837
2022-11-01,1.414850259139835,1.2760237601902056,1.3237877109295484,1.1773800128597858,0.8532330316349738,1.8677656425436344
2022-11-02,1.4023544941883472,1.266224349157207,1.3129128142103763,1.1724386224432741,0.8531546940657616,1.8209145656833712
2022-11-03,1.4003542771117712,1.263042186558098,1.3097594287976855,1.1741767841680248,0.8571638468449906,1.8021843421455535
2022-11-04,1.413547417001532,1.2750191043748518,1.3221367574700555,1.187075065634542,0.8483380129321942,1.8281106461161567
2022-11-07,1.414889431025778,1.274430266282284,1.3223153088077355,1.1909198204172373,0.8518203666689352,1.8455649688680198
2022-11-08,1.4199787103250434,1.2802226972999324,1.3281903061432456,1.1932260696968082,0.8472916759666157,1.855568031029906
2022-11-09,1.4078182319789405,1.271448849313364,1.3191058204626211,1.1799008787791805,0.8422405263784783,1.8172910074512596
2022-11-10,1.4430467915107406,1.305794131175315,1.3545073946462873,1.1939719890043188,0.8273959282434628,1.9171685209758078
2022-11-11,1.4490668915872196,1.3102968086442741,1.358828543170338,1.2020279067357613,0.8228566811211113,1.9357456364193113
2022-11-14,1.4430128733089642,1.3046713576552982,1.3530962731046405,1.1978730255921857,0.8231498014398525,1.919260998264774
2022-11-15,1.4502992611193675,1.312675746562106,1.3607465633269944,1.2029486891170702,0.8197045639368407,1.9356435643564347
2022-11-16,1.4475043770702538,1.3120816687133012,1.3597972850662883,1.197692703598106,0.8195488067180542,1.9208941512707962
2022-11-17,1.4429925460647899,1.3065453470615582,1.3547310567940754,1.19504045690165,0.8198895736678121,1.9149739716239655
2022-11-18,1.445069507028242,1.3071155962441896,1.3561613097928433,1.1996335790921384,0.8245209046707234,1.9237011329998968
2022-11-21,1.4433554554662733,1.3057845384609155,1.35492759509386,1.1963132514689347,0.8256933634357864,1.9167091966928638
2022-11-22,1.452298472099998,1.3142492242243522,1.3632176767701247,1.204843278937328,0.8281187325915016,1.9424823925691526
2022-11-23,1.456589362958567,1.318949911295106,1.3682568579931937,1.2015990959406002,0.8220829260943988,1.9547310401143194
2022-11-25,1.4567863109050572,1.3188631771156243,1.3686004160093563,1.199428580475894,0.8215344701258325,1.9542717158313758
2022-11-28,1.4472822013195914,1.3114154306635364,1.360466412879557,1.1917514829367453,0.8201372410605788,1.9230887006226385
2022-11-29,1.4493643732570434,1.3125988011788976,1.3616932891629967,1.196376611707976,0.8238442184037288,1.9198223946105941
2022-11-30,1.4663047733866363,1.3290536836965183,1.3784859452282519,1.205707356388179,0.8206953302132519,1.9803000918648552
2022-12-01,1.4694890450465499,1.3350357795333825,1.3838133122329532,1.2037294403415062,0.8155522394396344,1.9788200469531476
2022-12-02,1.469811133734605,1.3356279304793577,1.3845255523891986,1.2018801640951058,0.8138754392426062,1.9765234255384285
2022-12-05,1.4560817713043284,1.3214900674631513,1.3708226196207836,1.1907457455559671,0.8128253814611927,1.9410023476574447
2022-12-06,1.4510930934355255,1.3189191370287212,1.3679828545947492,1.1825414519621966,0.8090411652438751,1.9129835663978756
2022-12-07,1.4528000456068995,1.323208553384562,1.3718133360488036,1.1826709163568836,0.8073977527017869,1.9097682964172693
2022-12-08,1.455939389843877,1.324645353443957,1.3737605954025935,1.1827406490948047,0.8052298079987111,1.9247218536286608
2022-12-09,1.4500877968932053,1.3183515621292694,1.368001983106175,1.176824599248831,0.8054550128519621,1.9103296927630897
2022-12-12,1.4569602807084197,1.32348742259705,1.3732367656604254,1.1856778840746791,0.8101737295513198,1.9378891497397148
2022-12-13,1.4649022139488619,1.3327749993948481,1.3821578348120391,1.1925625155493196,0.809042090841345,1.952536490762477
2022-12-14,1.4626725033032926,1.3317459141521744,1.3805609424706824,1.191316365803244,0.8085416571247147,1.940083699091557
2022-12-15,1.4499625081585195,1.3216107982189704,1.3695791714544396,1.1814547405231572,0.8083363851365412,1.8926201898540354
2022-12-16,1.4427447442186887,1.3158029140465253,1.3637249874897452,1.1775532454892266,0.8129916059173309,1.8702664080841058
2022-12-19,1.4372226121222542,1.3098152706497832,1.3578017868931243,1.1753964334361933,0.8169045826169427,1.8543942023068274
2022-12-20,1.4371875016187663,1.308984531647642,1.3570788741922566,1.1778808837283585,0.8230265797367746,1.8569460038787373
2022-12-21,1.4460781269916447,1.3169823442760769,1.3653600410215934,1.1866324732384916,0.8278144667348404,1.8847096049811154
2022-12-22,1.438166181405522,1.3102893206437598,1.3586150482401038,1.1821090560452352,0.8291861137740729,1.8578136164131862
2022-12-23,1.4421887793991457,1.3128501751265265,1.3612383034445235,1.1918841733894103,0.8384002326297777,1.8685311830152074
2022-12-27,1.4411522612865184,1.3105410173417795,1.358939002785529,1.195283218786034,0.8417846642227578,1.861130958456669
2022-12-28,1.4321400138474383,1.3025357928521846,1.3507252336089473,1.1870544472739677,0.8401472806128321,1.8380116362151664
2022-12-29,1.442379516421083,1.3116370617239097,1.3603717793678176,1.191570024893957,0.8352345303225733,1.871082984587117
2022-12-30,1.4391190064321906,1.3080452359364014,1.3565728087994187,1.1919702319398258,0.838614815360166,1.8661835255690504
2023-01-03,1.4384778840485797,1.3090634666199998,1.357851880791776,1.1856388989667137,0.8349588675090657,1.8583239767275683
2023-01-04,1.4467425823948483,1.3169486875916343,1.3664827499821675,1.183846214203846,0.8241955682249958,1.8726651015617013
2023-01-05,1.4397728117180484,1.3105702969685555,1.3594127253379327,1.181399379644715,0.8261943614596187,1.8512810043890975
2023-01-06,1.457650860583342,1.3286581385047576,1.378024597921199,1.1922473026375562,0.8231909920480566,1.893742982545676
2023-01-09,1.4593536620908236,1.3307142153403217,1.3797256982327823,1.1919282017940251,0.8201542786792773,1.892671225885474
2023-01-10,1.461353712746326,1.3307883874048045,1.3804032142804794,1.1941852740511767,0.8211420226502247,1.905940594059405
2023-01-11,1.4710032538501847,1.3397584118851777,1.3893095921002072,1.1997325930771874,0.817673551030928,1.9300296008982332
2023-01-12,1.4769115802141128,1.346982698300493,1.3959686982497608,1.2007811576857372,0.8149080547999157,1.937072573236704
2023-01-13,1.4788124292125135,1.3476737977905295,1.3967804804676296,1.2027963590769197,0.8157449369915594,1.9445748698581184
2023-01-17,1.4769191483566253,1.3458012208894383,1.3946996501153492,1.202161781682201,0.8125045865467354,1.941002347657445
2023-01-18,1.469642355227401,1.3422836623090373,1.390268834736711,1.1885023605135983,0.8028189175688275,1.9103807287945276
2023-01-19,1.4665737986435825,1.3404017380842626,1.3875486287577896,1.1884251979605054,0.8049280761911125,1.8964478922119001
2023-01-20,1.473567605453762,1.3439857030912972,1.3921632372202943,1.1932559542310885,0.8044365743278844,1.9318158619985697
2023-01-23,1.4775709216030433,1.3459221249927902,1.3946191532695622,1.1954664264816246,0.8005224358656673,1.9549862202715105
2023-01-24,1.479114183012584,1.3482588400026358,1.3967793584554011,1.1957984624501912,0.8013786895778225,1.9528937429825444
2023-01-25,1.4796743965171104,1.3491405395581855,1.3976693525739887,1.193831065418827,0.7982481749755783,1.9536082474226792
2023-01-26,1.4845106221538658,1.3515756269467505,1.4003674553533088,1.1996239473601702,0.7970347153642338,1.9750944166581594
2023-01-27,1.4834583530624617,1.3494859854843744,1.3989019674233294,1.1946697734291611,0.7867608725100883,1.9796366234561587
2023-01-30,1.4750012679371387,1.3418156993279384,1.3913228834643563,1.186810523435286,0.7858062128272758,1.9547820761457575
2023-01-31,1.485466727480214,1.3519674994170818,1.401597245810787,1.1943294035749403,0.7842942395843456,1.9835153618454613
2023-02-01,1.4913237948264626,1.358363549538803,1.4087291476809185,1.1908369353815282,0.7764202940323066,2.004593242829436
2023-02-02,1.4925936575022742,1.357578812603968,1.408946200694181,1.1804936025969361,0.7601123309196224,2.0337858528120836
2023-02-03,1.4800146849588844,1.3432677400759394,1.3952257388393972,1.1702204089235433,0.7585906661870001,2.012146575482289
2023-02-06,1.4754953269976359,1.3377696765481333,1.389583516331423,1.1715714811389841,0.761543775196929,1.9998468919056842
2023-02-07,1.481146089242302,1.3420083503712121,1.3937138076562756,1.1807845443630296,0.7653588246446286,2.0260283760334783
2023-02-08,1.4770674578312948,1.3395598855667092,1.390672443972135,1.1767078827878446,0.7641120101491041,2.0038787383893015
2023-02-09,1.4704731418051207,1.3327381835623942,1.3838921347953312,1.1697639213011113,0.7600645573866728,1.9864754516688772
2023-02-10,1.4730359651060658,1.334340331601548,1.3850609616163327,1.1749941186889454,0.7700285300517932,1.9911197305297528
2023-02-13,1.4791965714550723,1.3395181033021808,1.390720792265329,1.177119566423433,0.7661357532123481,2.0144942329284468
2023-02-14,1.4779872095967044,1.3369317929579192,1.3881601180611445,1.1752552543106671,0.7630479009605317,2.013575584362559
2023-02-15,1.4762810318609467,1.3341181308589098,1.3861476425775114,1.1746689591345087,0.7641157376631459,2.020108196386648
2023-02-16,1.4679382544142827,1.3268459347046797,1.3786237318024894,1.169787314560014,0.7644510683976276,1.9922935592528315
2023-02-17,1.4671327400595116,1.3277334939908767,1.379852099355705,1.1676977536644024,0.7649955517662917,1.9873430642033263
2023-02-21,1.4530059364662604,1.3143465902857754,1.3657303578877844,1.1645250905661493,0.7706107211294119,1.9474839236500958
2023-02-22,1.4516923952593164,1.3134102686421139,1.3650311370729402,1.1610553202055764,0.7685981661309829,1.9447790139838717
2023-02-23,1.456434117285647,1.3183169171017226,1.3697798481983143,1.165982296775414,0.7701555401746236,1.9551393283658252
2023-02-24,1.4482896808755492,1.309727834480292,1.3611204949113116,1.1638689791263388,0.7783019898157079,1.9342145554761652
2023-02-27,1.4513855445797152,1.3127008553919783,1.3642864784333784,1.1640532835854416,0.7770889139431248,1.9408492395631307
2023-02-28,1.4487194146926845,1.3105633039289113,1.3619401940463496,1.1577172534850098,0.769994067776194,1.933653159130345
2023-03-01,1.4482220204560041,1.3091411684581307,1.3600785811289238,1.158202531287805,0.7744477367674663,1.9262529345718067
2023-03-02,1.4523477527057336,1.3120975695167023,1.3636391749516648,1.166338626971958,0.7806444733053526,1.9412064917831982
2023-03-03,1.4655574398525821,1.3246412273281198,1.3760618558072215,1.1761320818682488,0.7770362575622147,1.9723384709604974
2023-03-06,1.4631545122868863,1.3221344991012065,1.3736550718030434,1.177359450253886,0.7796982021559907,1.9737164438093289
2023-03-07,1.4498897926283396,1.30987207094173,1.361009970352941,1.1660070535512022,0.7803530043683231,1.943452077166479
2023-03-08,1.4505745576740965,1.3096623800822378,1.3611265006289452,1.16663331680765,0.7789439578727496,1.9466163111156474
2023-03-09,1.4392939001194651,1.3029786696372532,1.3534185955341147,1.1551822917863217,0.7719835111491143,1.910737981014596
2023-03-10,1.435565664113749,1.3065648199687394,1.3546767898154763,1.1468127225525562,0.7599947108354639,1.8831274880065323
2023-03-13,1.4358745634674615,1.312579850737817,1.3595999596541928,1.1420443550236672,0.7514093776694204,1.880473614371746
2023-03-14,1.4414535128867196,1.3136291224678724,1.3625577301282328,1.1481442134631348,0.7593340489598503,1.9115545575176072
2023-03-15,1.4340188997209475,1.3118842041089653,1.3595903951403867,1.1298860189627222,0.7386888037024224,1.8996121261610694
2023-03-16,1.4412541164274788,1.3149766685948006,1.364206677671582,1.136092049826984,0.7438997916610992,1.9329386546902112
2023-03-17,1.435466774666753,1.314639117893717,1.3617290650308904,1.1289745359266474,0.7391879268783972,1.9103296927630906
2023-03-20,1.442024068651292,1.3189148290185484,1.366846118926448,1.13745404910445,0.7461286542812899,1.928702664080841
2023-03-21,1.4476436419124372,1.320370865978455,1.369830015955749,1.147889697194677,0.7517496367243842,1.9540165356741854
2023-03-22,1.4401311256341978,1.3189394574131434,1.3661263218510646,1.1381959971485964,0.7448698226968624,1.920690007145044
2023-03-23,1.4401051947998693,1.3207812050341712,1.3673375042754572,1.134303416966318,0.7369014784254662,1.9258956823517401
2023-03-24,1.4454463915505058,1.325652900745886,1.3724797472313106,1.1439685152478496,0.7420302122834277,1.9385526181484123
2023-03-27,1.4461986208423132,1.322604480373111,1.3705763320956725,1.1426634863817944,0.744532669138588,1.9421761763805243
2023-03-28,1.4484582726718287,1.3243696845953645,1.372172246164989,1.146409198674446,0.7464940486474347,1.9377870776768396
2023-03-29,1.4573327697020184,1.3305927712328716,1.3798230010576615,1.1545720571974423,0.7517383930011078,1.9659589670307234
2023-03-30,1.4634771965267734,1.336287591915644,1.38572264403793,1.161418742141131,0.7507926216217197,1.9774931101357558
2023-03-31,1.4739820657652085,1.3462597935116976,1.3960212653916177,1.1655445121479258,0.7457863849996111,2.0053587833010105
2023-04-03,1.4794238478720525,1.3530275381607082,1.4016095435298235,1.170282182831618,0.7534817644862566,2.0130141880167396
2023-04-04,1.4771460018248168,1.3537650694132703,1.4011489222842455,1.169543606817063,0.7519141492201358,2.001837297131775
2023-04-05,1.4777897988578341,1.356488670125055,1.4027048931411974,1.1669066340274914,0.7531346090487735,1.9965805858936407
2023-04-06,1.478552369609363,1.3567424896349385,1.4035739356878558,1.1674653431741908,0.751703802741269,2.004389098703685
2023-04-10,1.4778547903433419,1.352668695826418,1.4008517020448108,1.166490323869621,0.7548467954360423,2.006430539961213
2023-04-11,1.4813670002506685,1.3560129155765817,1.404137955290667,1.1704088429286454,0.7537466915658246,2.006940900275595
2023-04-12,1.4804329095139226,1.3564334716387487,1.403945011584565,1.1724502136875037,0.7555208436259079,1.9987751352454837
2023-04-13,1.4877799303559354,1.3626466758256133,1.4109293210802336,1.1799022747507883,0.7621210786062244,2.025313871593345
2023-04-14,1.482413960228371,1.3557417521894684,1.4045136230155975,1.1731966676991132,0.760153875266872,2.0203633765438407
2023-04-17,1.4836919987933896,1.3544096366870857,1.4044284231543507,1.1683194529141887,0.7550518224755065,2.0276104930080643
2023-04-18,1.4854021291292596,1.3561623306949475,1.4060989730185407,1.170787951140561,0.7567442937296183,2.028937429825457
2023-04-19,1.4831307002166347,1.3528235120953966,1.4031860861284444,1.167774311625696,0.756638898042573,2.0286312136368276
2023-04-20,1.4809823457795495,1.353383865309404,1.4029388277893253,1.1685625676831037,0.7605542367839389,2.017556394814739
2023-04-21,1.4799365874122847,1.3518159010872723,1.4020628387719651,1.164152804803771,0.7573141409111879,2.019087475757885
2023-04-24,1.4837839999761449,1.35688062126198,1.4064470831641365,1.1705733079094225,0.7603977760084288,2.021230989078289
2023-04-25,1.4744477537346112,1.352946869572923,1.4005498931352454,1.1632423055693524,0.7560528471570862,1.9891293253036642
2023-04-26,1.4659273166487012,1.3435572078664813,1.3916566210658077,1.161917404958862,0.7609821949851415,1.980708380116362
2023-04-27,1.4757391334505734,1.3491362959845477,1.399119189079548,1.168314491968878,0.7616319797023089,2.020159232418087
2023-04-28,1.4842200323124304,1.3581505369612101,1.4076999625982427,1.174606741029683,0.7619746564224429,2.0373583750127593
2023-05-01,1.4780743590062249,1.3493881321501686,1.4003467634055742,1.172349289967759,0.7688989842943083,2.0353169337552317
2023-05-02,1.4717467228708079,1.348378914159011,1.3978515013182564,1.16587036485108,0.7718156144892658,2.01245279167092
2023-05-03,1.4676716305410447,1.3471638513035316,1.3957836068998861,1.1644144841419648,0.7732296794993593,1.9986220271511692
2023-05-04,1.4648646965688983,1.3455994893809369,1.393701674667343,1.1627939980299675,0.7699906655707857,1.9844850464427888
2023-05-05,1.4770728727913316,1.3532727395934578,1.4029155312439143,1.1713293093449517,0.7688575960287433,2.0212309890782896
2023-05-08,1.4744575297942033,1.3491162245109316,1.3992498458345863,1.1710569422225616,0.7682173428752322,2.0217413493926712
2023-05-09,1.4718263668294356,1.346933187742108,1.3966202648950836,1.170620140879351,0.7677769183650955,2.012912115953864
2023-05-10,1.4746543780065478,1.3514558286733056,1.4007792672403285,1.1722506230366063,0.7659412066802636,2.0223027457384917
2023-05-11,1.4704606682816503,1.3485051486547799,1.3976345581078522,1.1672297685159991,0.7644450196539412,2.018781259569256
2023-05-12,1.467157038181927,1.3436765233529995,1.3934819880052476,1.1660554143174098,0.7680680764235767,2.01612738593447
2023-05-15,1.4696810363542057,1.345235775800791,1.3952824549871876,1.1722856456704203,0.771640654140976,2.0230682862100644
2023-05-16,1.4573602624963136,1.3331414258559882,1.3832193720203965,1.1604287427325974,0.768700372533902,2.0095437378789427
2023-05-17,1.4650989083007042,1.3379941915500073,1.3888834220944666,1.1662442060753175,0.7677303573961951,2.0339389609064
2023-05-18,1.4651432071654353,1.3347318839879005,1.3869158328300413,1.1609031035787039,0.7676564272541568,2.053536796978667
2023-05-19,1.4651480633610723,1.3343233900607228,1.3867953434714575,1.1654989447928452,0.7740337904057966,2.0505767071552516
2023-05-22,1.4644331825807233,1.3330695911027626,1.3858518673990634,1.1594512180826384,0.7675349904097682,2.0513932836582627
2023-05-23,1.4573825556055136,1.3276794117638488,1.3790367640852232,1.1516782985255067,0.7647326969705305,2.0283760334796366
2023-05-24,1.4485362729736042,1.319052031708898,1.3698179788218536,1.14184026850514,0.7623487484530912,2.013677656425436
2023-05-25,1.4446326033004957,1.3124787029437424,1.364566634468678,1.1380468037813591,0.7697345671745653,2.031131979177299
2023-05-26,1.4543585346818704,1.3207874195440175,1.3733388819076422,1.1463442326439608,0.7707343901289821,2.0574155353679697
2023-05-30,1.4523883946092675,1.3206399472020678,1.3725862246580451,1.1420407741795529,0.7705007721222551,2.0581810758395425
2023-05-31,1.4483072663681933,1.3187453711147412,1.370109907315031,1.1371836836141325,0.7668419929971344,2.046800040828825
2023-06-01,1.4578220215262137,1.3282513633956927,1.3795014918880997,1.1464607735038987,0.7691190058776026,2.0662447688067775
2023-06-02,1.4720742746300939,1.3365854587059165,1.390391634306375,1.1522102088523272,0.7634424462369125,2.0961008471981217
2023-06-05,1.4699299694714216,1.3351161530247504,1.388647231965074,1.1507572630968654,0.7627575538398151,2.0921200367459427
2023-06-06,1.4744654064372795,1.3383724292072485,1.3921247443277514,1.1512660039958211,0.7571638898692148,2.096662243543942
2023-06-07,1.4748979166523974,1.3358375633692505,1.3901625032120104,1.1412962783110405,0.7417478484856123,2.089415127079718
2023-06-08,1.4814149124678446,1.344178008480783,1.3980544592657842,1.1512975903801768,0.7488903622336158,2.1020210268449526
2023-06-09,1.4792565994385647,1.340732559680422,1.3952896967613262,1.150621920182619,0.7522658339348421,2.105797693171379
2023-06-12,1.4821398998960265,1.343039645803139,1.3981094029722625,1.1561095387023166,0.7571623123422531,2.1249362049607026
2023-06-13,1.4877383361450098,1.3450273730360545,1.4017080678131328,1.1589413774597606,0.7568757519188636,2.138920077574768
2023-06-14,1.4886752383699666,1.346032294946656,1.4027643494437034,1.1635432430075467,0.7599957703926905,2.141471879146678
2023-06-15,1.5021479578030106,1.3605199204636795,1.416869077181299,1.1737074116828818,0.7595868209999667,2.1680106154945396
2023-06-16,1.5010967282311147,1.358568861422145,1.4151468484780507,1.1711787539321044,0.7553275773829854,2.1606614269674393
2023-06-20,1.4922286732006427,1.3515529332752403,1.4076207172292972,1.16334053559496,0.7563000519366295,2.1494335000510363
2023-06-21,1.4925370985520012,1.352535541818674,1.4080390741984141,1.161671268738124,0.7526856557771773,2.138409717260386
2023-06-22,1.4864470597506438,1.345173915697591,1.4018064209817875,1.1594242347034562,0.7591623108451,2.146116158007554
2023-06-23,1.4785316893400244,1.3401688772143627,1.3954925938930307,1.152835506375315,0.7555144156089072,2.129886700010208
2023-06-26,1.4825963542010185,1.3440538225526801,1.3991631587208735,1.1558303901588804,0.7577599457845925,2.121210574665715
2023-06-27,1.4886076593025113,1.3465097598747047,1.4033291272615838,1.1618423819825214,0.7655123707686545,2.144483005001532
2023-06-28,1.4879895580361946,1.3469994574805335,1.4033654909784585,1.1621374869337084,0.7677543453531368,2.1455547616617343
2023-06-29,1.4895588586213593,1.3444371472804828,1.4023100669097828,1.1636302124351527,0.7705860310017784,2.154026742880475
2023-06-30,1.501256377890491,1.3555510551948984,1.4137957061651523,1.172711258664287,0.7735372317575226,2.1794426865366963
2023-07-03,1.50377770507015,1.3559838384913299,1.414948775509881,1.174583783969671,0.7703012302949503,2.1819434520771677
2023-07-05,1.498472965324376,1.3506620467820318,1.409338538892454,1.168523514993318,0.7634262034388349,2.178677146065123
2023-07-06,1.485228929194856,1.3377801503037083,1.3962218233375148,1.1619374711569592,0.762107989181987,2.1616311115647657
2023-07-07,1.4870568709302667,1.3392385615265716,1.3971812439447295,1.1681054282085515,0.7668665236843988,2.156170256200879
2023-07-10,1.4918109814559424,1.3448408279560873,1.4027153451728633,1.1726998716750066,0.7708657735125324,2.1616311115647657
2023-07-11,1.502708491674038,1.354203689907646,1.4124267205219514,1.177369154558305,0.7683070572837736,2.1754108400530785
2023-07-12,1.515389047903944,1.3682608110432526,1.4259878264648174,1.1879632611653952,0.7710221424798175,2.1929161988363797
2023-07-13,1.524695550727608,1.3788927540656561,1.436365889321839,1.1936232922659311,0.770444580185384,2.2103194855568042
2023-07-14,1.518778923534173,1.3719408403427662,1.4301451683871216,1.1923150855587574,0.7730412988762668,2.208941512707973
2023-07-17,1.5189899481050544,1.3720782428900584,1.4303980572813864,1.195371442876019,0.7783016959363498,2.216596917423702
2023-07-18,1.524939385056352,1.3778484035522571,1.4359546538202117,1.2036399371977684,0.7846067874463732,2.2330815555782393
2023-07-19,1.529993431017777,1.383485958572142,1.44129519549308,1.2042254775845176,0.7792061508509636,2.2380320506277442
2023-07-20,1.5272934425263172,1.380441442825433,1.4383874642548193,1.202145593813989,0.7758384132128076,2.2231805654792294
2023-07-21,1.5306008872173273,1.3837771197164064,1.441708530614309,1.2020421054834745,0.7730291816908998,2.2231805654792294
2023-07-24,1.5353529120384009,1.38630609923271,1.44457834283339,1.2031024868875837,0.7684619045232485,2.2331325916096776
2023-07-25,1.5378015959834874,1.3879051983021775,1.4462726037038007,1.2059583358992252,0.770934496371134,2.239205879350823
2023-07-26,1.5397136526060244,1.391061047740092,1.4494123985480103,1.205568872787151,0.7706016030027509,2.23956313157089
2023-07-27,1.5247062135804579,1.3749282554564919,1.433515723496602,1.1974549876787344,0.7723000724003178,2.2247116464223753
2023-07-28,1.5346242873567013,1.384873121010589,1.4437722713190937,1.2070049627281638,0.7758248693817843,2.2465040318464844
2023-07-31,1.5385146725087706,1.3879403977401987,1.4467452397366107,1.2087535737263395,0.7756166782570952,2.2507400224558545
2023-08-01,1.5290340964087454,1.377667386672379,1.4365662246188589,1.2059297955078347,0.7780173426059395,2.244309482494642
2023-08-02,1.5152996341228098,1.3668277582612682,1.4248981670417056,1.1926283070046673,0.7747208764742644,2.2130754312544663
2023-08-03,1.509279855524606,1.3605366174337923,1.4183307007270922,1.189297312587464,0.774221652330587,2.20674696335613
2023-08-04,1.5100476446426594,1.3638116946543482,1.4208635052409455,1.1861947707118692,0.7698144828434809,2.196794937225682
2023-08-07,1.5156825919049428,1.3683109375512035,1.4261306753644272,1.1911640472494884,0.7737005051570165,2.2159334490150053
2023-08-08,1.5126597198575886,1.3671676121573548,1.4242018051791943,1.1877815188157104,0.7703606064141172,2.206338675104625
2023-08-09,1.5117933661550882,1.3666189568026377,1.4233908072166719,1.183349305807808,0.7652672639530941,2.1915892620189865
2023-08-10,1.508545423065567,1.3621017349180595,1.419477069796192,1.1826239811331654,0.7697703408345286,2.1923548024905593
2023-08-11,1.5072542921222596,1.360221016468578,1.4174314418640857,1.1807159336230593,0.7671219787832537,2.1910789017046044
2023-08-14,1.5054036192972617,1.3575757820352599,1.4150816665439343,1.1829480251101165,0.7723058787810226,2.203174441155457
2023-08-15,1.4902327784336058,1.3449843806173325,1.4017088593477613,1.1740072335529053,0.7721645230549208,2.177503317342045
2023-08-16,1.4816113225538725,1.3369602570569228,1.3934705609520448,1.1669017729235582,0.7698079078090589,2.1615290395018896
2023-08-17,1.4758682109543002,1.3323218514904778,1.3878689839694118,1.1642786608793418,0.7707408809266221,2.1450444013473526
2023-08-18,1.478624075663447,1.3355432499580502,1.3907724614708596,1.1639491152395693,0.7675218391267498,2.1460651219761164
2023-08-21,1.4770267383243287,1.332126743817533,1.3879862366731217,1.1674133868401755,0.7750995120069474,2.160048994590182
2023-08-22,1.4758888909570236,1.3310228581825698,1.3868826008071127,1.1655998727390848,0.7715559237604621,2.1541798509747894
2023-08-23,1.4897445849125082,1.3456743468014882,1.401642861559224,1.174837086774701,0.7697131830314444,2.1782178217821797
2023-08-24,1.4791025624939762,1.336213384968549,1.3915635180573487,1.1648853208371344,0.7640082159068883,2.148004491170768
2023-08-25,1.4864247937420294,1.3421445723661731,1.3979604556035345,1.1718525040743435,0.7655924784886158,2.163162192507912
2023-08-28,1.4935227448741806,1.3485183833247052,1.404868491985129,1.1777365301448384,0.7693829413887174,2.176839848933348
2023-08-29,1.5082209924840146,1.3628299508798287,1.4194777083933345,1.1877351853966276,0.7717312260759565,2.2083290803307145
2023-08-30,1.5099117202348804,1.3639780261201317,1.42063684613945,1.1916181328031716,0.77499115745647,2.2174134939267134
2023-08-31,1.5067064752607522,1.3616831072295439,1.4177158613103582,1.1890803285916458,0.7740714942106316,2.214198223946107
2023-09-01,1.5091291640396178,1.3621631701432042,1.4185011571859363,1.193109777108675,0.7782834135743661,2.218332142492601
2023-09-05,1.4978067100398185,1.350411445040968,1.4061843788317265,1.1799023574065324,0.775400768090263,2.20873736858222
2023-09-06,1.4940160833343663,1.3464335165646515,1.4021346023351007,1.1750522619203916,0.7703614902161002,2.193885883433705
2023-09-07,1.4942407308651022,1.3488605881123497,1.404037175997098,1.1700975757709713,0.7635224807677684,2.1871491272838632
2023-09-08,1.4961437359735208,1.3503175742402485,1.405300959057804,1.1691210570918569,0.7607819155435145,2.1904154332959074
2023-09-11,1.5018808138462,1.3549729780464934,1.4106980633753197,1.173358704651151,0.7633013849789015,2.2048586301929167
2023-09-12,1.5005826758710499,1.3536509755223745,1.4087528564000094,1.1677318742003755,0.7602426949184639,2.1927630907420643
2023-09-13,1.5004149020659772,1.354650712399927,1.409458853202823,1.1651530173947995,0.7570311998520431,2.195314892313974
2023-09-14,1.5110435610813915,1.362647398992235,1.4183197535839422,1.1722298210186937,0.7585296602349594,2.2142492599775445
2023-09-15,1.501326034497293,1.354332925114972,1.409753897456323,1.1646498922056148,0.7545311262212328,2.1875574155353683
2023-09-18,1.501375779018304,1.355067916626298,1.4100177012055894,1.1694765413814479,0.7596493342534547,2.188833316321323
2023-09-19,1.4965415213522704,1.350148905177154,1.40520169561062,1.1677270665049773,0.7609031500032228,2.1842911095233237
2023-09-20,1.4908167168376896,1.345488858289153,1.4005230135931688,1.1596456998869367,0.7547526078143307,2.164233949168113
2023-09-21,1.4677631252622345,1.3259309181022136,1.3796429759105064,1.1455564034922108,0.7554049585029742,2.1284576911299378
2023-09-22,1.4679509576122836,1.3275424299149832,1.380791451251905,1.1437252202790302,0.7536880580864881,2.1236603041747473
2023-09-25,1.4659030621618574,1.3238860538488022,1.3774301883913145,1.1488457725989303,0.7624711355029984,2.1325916096764312
2023-09-26,1.4496396477850546,1.3104156645661686,1.3629320755928767,1.1379618638832165,0.7598989371204781,2.1012554863733794
2023-09-27,1.446786626268906,1.3062208463162246,1.3586257063494116,1.1432223866918023,0.7669879283848459,2.102123098907829
2023-09-28,1.4514342120239228,1.3110371704448864,1.3637950593119657,1.1474162899241915,0.7725905332018412,2.1142696743901195
2023-09-29,1.4465368938166077,1.3057691438753292,1.3589254989326836,1.1434556875846393,0.7694354840811829,2.1091660712463
2023-10-02,1.4306447092455588,1.2899355229443128,1.3432877078467833,1.1362037952258728,0.775531462799123,2.1082984587118507
2023-10-03,1.4163479088656221,1.2764213076640882,1.328849812831031,1.1292227593323074,0.7800975828329886,2.0800755333265286
2023-10-04,1.4205676284305522,1.2811675186028102,1.3345868937052547,1.1235091362623348,0.7741429085825625,2.095233234663673
2023-10-05,1.4177505667999428,1.2789308597772242,1.3323572203522256,1.1224523309968097,0.7766757060429388,2.0944676941920997
2023-10-06,1.4258185107556531,1.2842897601723204,1.3385082273944362,1.13159181008755,0.7817180807473347,2.119322241502501
2023-10-09,1.44005356108231,1.3012439913533864,1.353632576129283,1.1437842041353123,0.7813267587903396,2.132897825865061
2023-10-10,1.447474879350038,1.3065042558316913,1.35984135608241,1.1496360369426213,0.7829804813100645,2.143972644687149
2023-10-11,1.4537737607555608,1.3114194351487145,1.36527837828536,1.1458560285970907,0.7700278014736106,2.152750842094519
2023-10-12,1.4400441476272234,1.2979440747500266,1.3512880920201096,1.1421142113859832,0.7762996461984826,2.139634582014903
2023-10-13,1.4466843207492235,1.3074549470396084,1.3587236036459982,1.1340621609614732,0.7611903467060821,2.12896805144432
2023-10-16,1.4532868962080419,1.3113376676335458,1.3635020609095045,1.141788377014957,0.7668225104104536,2.151372869245688
2023-10-17,1.452585991233772,1.3082731018252238,1.3607923946518634,1.1414387826128962,0.7679642111095495,2.1512707971828116
2023-10-18,1.4390027298856767,1.2982266607568274,1.3484658490648174,1.1273941454827707,0.7616112987247061,2.1226395835459844
2023-10-19,1.4269402233846313,1.2898976188475886,1.3382594956537954,1.1179455108299166,0.7604020944689075,2.103960396039605
2023-10-20,1.4172917184418468,1.284080426160948,1.3317602392971846,1.1082432097172688,0.7559948650951442,2.078136164131878
2023-10-23,1.4137589921762057,1.281999676609463,1.3298901996071546,1.107786824725153,0.7570510996880296,2.0745126058997663
2023-10-24,1.4229112751725599,1.2891373176035452,1.3384822203036786,1.113472441701283,0.7568921218031084,2.090180667551292
2023-10-25,1.4115390907045076,1.2792322282808222,1.3274843351246148,1.1042368969992282,0.7522982761611464,2.060171481065633
2023-10-26,1.4104411959424457,1.2798208767336452,1.3279073604942047,1.094789115729779,0.7430134807292115,2.0354700418495466
2023-10-27,1.4035038330434673,1.2746394018131593,1.3217382285797799,1.0929274503910629,0.7484623805855285,2.0262835561906716
2023-10-30,1.4107816470712322,1.2792059625919094,1.3279143414367511,1.0978228603441575,0.7502705401907919,2.0504746350923764
2023-10-31,1.4155719608482384,1.2821526767598814,1.3317770116458136,1.1002878456902327,0.7481177468471152,2.0633867510462403
2023-11-01,1.4266915043076869,1.293837493167071,1.3438644745950765,1.1066800263325276,0.7498969392052538,2.0853832805961026
2023-11-02,1.453300767824678,1.316832248625215,1.3682065414065214,1.1226738240912797,0.7447980004040471,2.1253444932122094
2023-11-03,1.465335898978642,1.3288100154868097,1.3811646763138639,1.1297903713230626,0.740431904122414,2.1447381851587237
2023-11-06,1.4612490383255616,1.3236770523462718,1.3764419565402788,1.1269685822202453,0.74387015317797,2.1496376441767904
2023-11-07,1.4580254266776396,1.3211446469907207,1.3746649781290086,1.1273632008371794,0.7438044589959767,2.155761967949374
2023-11-08,1.456749019108655,1.318864413870758,1.3735527615131466,1.1221777640284565,0.7387138615871562,2.1573440849239582
2023-11-09,1.4441581529037142,1.3065973415027206,1.360757280393062,1.1210396969914966,0.746694845393044,2.1405532305807924
2023-11-10,1.4555858273346098,1.3156036547461987,1.370826000263061,1.1295473587113687,0.7460873792507435,2.173930795141372
2023-11-13,1.4565916444847788,1.3182165960859928,1.3723371637478026,1.1324300886499108,0.7510572200738876,2.1718893538838446
2023-11-14,1.4874763361983643,1.346596337625819,1.4021274798044618,1.1499884454994551,0.7487319873418206,2.2139940798203557
2023-11-15,1.486330740557041,1.3433537374612983,1.3998189178978244,1.1475587827346285,0.748633929488394,2.2186893947126696
2023-11-16,1.4851739598604963,1.3434487064193235,1.40049061958822,1.152955344169514,0.7506520573172293,2.2213943043788937
2023-11-17,1.4914232422028526,1.3487921205679403,1.4055709933775626,1.158881703730304,0.75322636036587,2.224150250076556
2023-11-20,1.497825101526793,1.3546543989959192,1.4113625541365433,1.1663491295773791,0.7546537173027849,2.2412983566397897
2023-11-21,1.4981377764085564,1.3571819152407627,1.41283736002339,1.1687739472869247,0.755630382827882,2.2363988976217226
2023-11-22,1.5008438355549025,1.3590664235626793,1.4156198523377206,1.1697740024600352,0.754152033249219,2.2450239869347777
2023-11-24,1.50165830787745,1.3589640945232309,1.415884573013505,1.1709821220988428,0.7555788876749824,2.246401959783609
2023-11-27,1.5026326033631987,1.3610006535076726,1.4176386641522838,1.1735078599356337,0.7546167875305074,2.242370113299992
2023-11-28,1.5083019102701059,1.3688614367709755,1.42418544286265,1.1786989527329368,0.7565169510864806,2.2446156986832726
2023-11-29,1.5113886676153232,1.3733985427056927,1.428631953551809,1.1800641240824423,0.7566190580554203,2.2430335817086884
2023-11-30,1.513878910392507,1.3739520841592168,1.430512747422372,1.1763114987516572,0.7548210924137834,2.251862815147496
2023-12-01,1.5294375087971572,1.3899934630404498,1.4468386507601798,1.1824936645110529,0.7471937276755918,2.2651832193528647
2023-12-04,1.521625027080395,1.3804247067612185,1.43853915063518,1.1709742822137024,0.7395403405004185,2.253291824027765
2023-12-05,1.517902060965798,1.3778491955844074,1.4362513075718149,1.1693859956995296,0.7361338268508505,2.2528324997448212
2023-12-06,1.5167055217312881,1.3757126033709817,1.435636899536802,1.1632725241479838,0.7310613839877913,2.2437480861488224
2023-12-07,1.5200532222354943,1.378893311509438,1.4391019667653069,1.1696946474167658,0.7356371624954675,2.2608961927120563
2023-12-08,1.519363378189807,1.375425826738384,1.436287578210731,1.172241439010774,0.7397654629901526,2.2705930386853135
2023-12-11,1.5239695796639519,1.378723623819907,1.440576341542351,1.1712393275789676,0.738030793208849,2.2794222721241213
2023-12-12,1.5254025033505532,1.3796127649279835,1.4429791627440343,1.1660140313750567,0.7357812689877555,2.2898336225375133
2023-12-13,1.5543613204443631,1.4103802075367908,1.4732930514333442,1.1819328802353126,0.7297219331652655,2.321424925997756
2023-12-14,1.5694217499712633,1.4239093858668017,1.4865163674155344,1.1934836473706054,0.7320725675399203,2.3288761865877325
2023-12-15,1.5627300897546776,1.4175683555169019,1.4798863984706585,1.1920532267504778,0.733317756716302,2.325048484229868
2023-12-18,1.5653773317317266,1.420670378671597,1.4822957740067488,1.1956795664288762,0.7379489957719637,2.338113708278046
2023-12-19,1.575371567607457,1.429826608764745,1.4914750255447746,1.203146043883685,0.7396897316038434,2.352301725017864
2023-12-20,1.5586053482619295,1.4158992088462734,1.477236862759344,1.189559939699735,0.7314735483299296,2.3197407369602954
2023-12-21,1.5700917198795585,1.4263631412237618,1.4885645327594372,1.201284908229702,0.7397878593545228,2.3417372665101577
2023-12-22,1.5719500362090373,1.4284920293141055,1.4905472921523009,1.2044880860298632,0.7404260669551361,2.3464325814024716
2023-12-26,1.5798589084037284,1.4355471432902613,1.4974365661928568,1.2083424934964453,0.7405201409147333,2.3563335715014815
2023-12-27,1.5862062368933998,1.442445592828802,1.5048232965317128,1.2106051061917926,0.7394796327054699,2.36062059814229
2023-12-28,1.5835868648155553,1.4388595317696184,1.5020978915075873,1.2092264805951118,0.7381721922989064,2.361488210676739
2023-12-29,1.5786049427753863,1.4349004055815582,1.4979174716017736,1.204499747503629,0.7351136479644579,2.354649382464021
2024-01-02,1.575483084796049,1.4312770365827514,1.4941908724714985,1.1924167358610254,0.7180847580488664,2.3414820863529666
2024-01-03,1.5677307698745073,1.4260434475099657,1.487009507697457,1.1786659952042573,0.7090360709139355,2.3223435745636434
2024-01-04,1.5615909796647618,1.4199139239865872,1.4814138762599556,1.1755487275781549,0.7109842030721548,2.3148923139736666
2024-01-05,1.5614439486592648,1.4194998602428488,1.480964735850265,1.1762515360757657,0.7106442911733264,2.3180565479228346
2024-01-08,1.5708808276347292,1.4271452106090874,1.49048567001639,1.1865593054276407,0.7168377938330092,2.351127896294785
2024-01-09,1.5644644874919134,1.423265883303628,1.485740308714438,1.1853239644941838,0.7173465425335993,2.3475553740941115
2024-01-10,1.5649250398380528,1.4229769256566285,1.4864217100306656,1.190251423255242,0.720675753076338,2.360824742268042
2024-01-11,1.56493254111678,1.426099800848654,1.488603248648865,1.1917368394517824,0.7236987374827574,2.3598040216392784
2024-01-12,1.568688633006084,1.4314850270350477,1.493113391897479,1.194732040346358,0.7241211414748383,2.3614371746453005
2024-01-16,1.5515101495901489,1.4145619234252094,1.4760179792107695,1.1867740977511876,0.7268173746649608,2.352761049300807
2024-01-17,1.5401948366457356,1.403905876442866,1.4650238470590753,1.1791374216581767,0.7226733118649388,2.3396958252526288
2024-01-18,1.5443745625273686,1.4083948160747128,1.469415517425673,1.1867267512135702,0.7281656533791481,2.3605185260794124
2024-01-19,1.5522832757715965,1.4139675376333403,1.4757007383360063,1.1935109826896007,0.7321382391600603,2.3899152801878127
2024-01-22,1.5548042256923749,1.4166377584927863,1.4784049289787629,1.1943967297060851,0.7334489134956531,2.3949678473001943
2024-01-23,1.5559552666788696,1.4183549064514922,1.4794302999577789,1.1937114480178432,0.7315647117972687,2.401959783607227
2024-01-24,1.5521979185573098,1.414520678995888,1.475121088262661,1.1927859818885351,0.7260835304265945,2.404562621210575
2024-01-25,1.5634581668293126,1.4263006093285813,1.486597573841917,1.1945599299791325,0.7226990790961775,2.4176788812901915
2024-01-26,1.5648892229059088,1.4274446581227158,1.487514541986484,1.1927979216396505,0.7204139365585114,2.4146167194038997
2024-01-29,1.5735434756653406,1.43556760723332,1.4963095307661376,1.2026070319054598,0.7262564987418576,2.4337041951617846
2024-01-30,1.5762251483670553,1.4385790753514294,1.4987363066046793,1.2005111775321025,0.7227186566832754,2.4318158619985715
2024-01-31,1.5649480976284125,1.4304344651203553,1.4905414330040974,1.1866024465289475,0.7179133490026003,2.3921608655710935
2024-02-01,1.583596124103846,1.447347810879324,1.5089517164123865,1.2000133267443358,0.7220632589873299,2.423445952842707
2024-02-02,1.5756106274172994,1.4364602503025643,1.4989301214373576,1.2050518750169084,0.7315058063662475,2.4489639685618045
2024-02-05,1.5615452337361273,1.4241275857200766,1.485326492358814,1.2006990669403963,0.735304568996598,2.4400326630601206
2024-02-06,1.5734748917158787,1.4354452344804727,1.4973671521260394,1.2043048321757297,0.7309769536258418,2.4471266714300293
2024-02-07,1.5778253671376503,1.4391029230458,1.5009190397853087,1.2099897736538687,0.7365653100005005,2.467541084005308
2024-02-08,1.5772502427985071,1.4382797845636872,1.499418110735797,1.2091668219106881,0.7344143095536508,2.468663876696948
2024-02-09,1.5781885027099145,1.4382797424906146,1.4998826655374111,1.2128864941871422,0.7378740244228231,2.482902929468205
2024-02-12,1.5824426670509228,1.441647219545652,1.5033504089246885,1.2103081257759305,0.7340545515403727,2.4818311728080027
2024-02-13,1.5587311585597632,1.4184540577165592,1.4796751713862126,1.1926605388691287,0.7317892617625822,2.4476370317444114
2024-02-14,1.5685795047484041,1.4267561288907011,1.489648732783054,1.2009008703303714,0.7390097149626039,2.4698887414514643
2024-02-15,1.5849281316830384,1.4408191827583452,1.504327148699323,1.2063902807986715,0.73380415891956,2.4869347759518217
2024-02-16,1.5818703211475806,1.4377798883923867,1.5010092916843167,1.203128420953842,0.7305983245216955,2.47453302031234
2024-02-20,1.5803177161208317,1.4373435549175082,1.5011397649622682,1.198526036288627,0.7291228508860093,2.4609063999183416
2024-02-21,1.5847924188207756,1.4402151245739687,1.5037989934270473,1.1998615416181226,0.7237562597779783,2.463151985301622
2024-02-22,1.5973521041945828,1.4514190347560996,1.5153753262467506,1.2174962967599676,0.7362690497062826,2.514136980708379
2024-02-23,1.6003893624187053,1.4536749842669772,1.5189787610369427,1.2188045912663439,0.7370576391057033,2.5158722057772773
2024-02-26,1.5950761397325517,1.4495513546421208,1.5135824404356053,1.2184284195962072,0.7416488254788304,2.506634684086964
2024-02-27,1.5977012710913423,1.4518034209466002,1.5155944301350597,1.2190507298003508,0.7430648140562734,2.51127896294784
2024-02-28,1.5982660881587831,1.4521069464665022,1.516244943388878,1.216610911069898,0.7398860853941542,2.5079616209043576
2024-02-29,1.603314640846412,1.4561520555000065,1.5204963670133818,1.2196699513801883,0.7398310731753636,2.516994998468918
2024-03-01,1.6156027102565913,1.4692004463895019,1.5331006788386057,1.2304392818062833,0.745453095117539,2.5406246810248025
2024-03-04,1.6175606017422661,1.4705724294612612,1.5343870082460196,1.2314087609208346,0.7449133505730259,2.537919771358578
2024-03-05,1.6126341995155067,1.467411656471106,1.5313486456064567,1.218847935301674,0.7399962913827266,2.5125548637337953
2024-03-06,1.6237302262702713,1.4781808272490709,1.5419818065918667,1.222833888000885,0.7400792454698507,2.525262835561906
2024-03-07,1.633752668675965,1.487897987974158,1.5516562050660505,1.2315759024902546,0.7437005863792554,2.5503215269980597
2024-03-08,1.6321974676264799,1.486353984601661,1.5504113798854684,1.2266674808458968,0.7401656426886267,2.535010717566601
2024-03-11,1.6344856361105708,1.4887123447598627,1.551846773134463,1.224160314596287,0.7383950955540878,2.532867204246197
2024-03-12,1.6368830697735415,1.4894439527839747,1.5532839200339061,1.232966566375868,0.7468944040206983,2.560069409002755
2024-03-13,1.6403227173723964,1.4934052751117126,1.5560929064579236,1.2325361058114475,0.742582350636777,2.5560885985505757
2024-03-14,1.630200808404099,1.4839506106912814,1.545318242754449,1.2280054428164695,0.7388300909975539,2.5510360314381946
2024-03-15,1.6264364863808083,1.480601070414311,1.541854177567682,1.2210976998418026,0.7341732700473835,2.5335306726548934
2024-03-18,1.6311899266589065,1.485627969048228,1.5461230318703296,1.225753047991227,0.7347899003303326,2.548586301929161
2024-03-19,1.6381646383489394,1.4925795728738327,1.5532146985214512,1.2325423169388614,0.7377804548472544,2.562723282637541
2024-03-20,1.6493855606536196,1.5027028922644174,1.56443061727551,1.2421040162682353,0.7446673294529187,2.5864550372563015
2024-03-21,1.6540602877718833,1.506104265866673,1.5683468616429053,1.2447556133707767,0.7467098194906495,2.59497805450648
2024-03-22,1.6480865548601824,1.501460140185214,1.5637440734114745,1.2402406584688355,0.7413177667985087,2.5900785954884133
2024-03-25,1.6460439121231505,1.5000105361956673,1.5610515450355467,1.235784622271641,0.7380496708211841,2.5828825150556276
2024-03-26,1.6434424904471252,1.4978358811364028,1.559575139677611,1.2352013210932005,0.7398553152277105,2.578136164131876
2024-03-27,1.663583415167342,1.5154057872493591,1.578330077752775,1.2506950859279036,0.7470111080745008,2.5997754414616705
2024-03-28,1.668973278314559,1.5206215556153733,1.5821273231822084,1.2496219358661027,0.7447734059583726,2.599316117178727
2024-04-01,1.659995418142841,1.5118146165442659,1.5717335170716527,1.2448748844939805,0.7441348425324611,2.594773910380728
2024-04-02,1.655003551658051,1.5091071581825417,1.5670585663537444,1.23626460117045,0.7365358156695144,2.5782892722261908
2024-04-03,1.6589150750927706,1.5140572697116848,1.5708420630252804,1.2382490036586986,0.7363652453621385,2.581096253955292
2024-04-04,1.6491790668391315,1.5066592869316255,1.5627564162472751,1.2238222660708298,0.726822703004196,2.5496070225579253
2024-04-05,1.6576523205894376,1.5131933096523185,1.568702177384139,1.2334970348513523,0.7341555569347028,2.576247830968663
2024-04-08,1.6613976488404607,1.5149294726059999,1.5712502821849221,1.2360179072593573,0.7346455392911447,2.5776768398489325
2024-04-09,1.667947089825803,1.5207766415952575,1.5776476764675822,1.2371073158030421,0.7341885019893302,2.5806879657037864
2024-04-10,1.6423804824065074,1.4971039857281379,1.551618788779185,1.2228472186506538,0.7334677902951791,2.5548126977646213
2024-04-11,1.645940706360698,1.500496584084413,1.5545218706637034,1.2260346643714233,0.7362295070456764,2.574104317648259
2024-04-12,1.6274156034639795,1.4857305238837248,1.53908176368566,1.2108388571932351,0.7282924996284977,2.5385832397672754
2024-04-15,1.6147319681133752,1.475253915762188,1.5276124272271152,1.2016771596648013,0.7253382355734866,2.5067877921812793
2024-04-16,1.6047554290800996,1.4669626625831071,1.5185852953164363,1.197770044646528,0.7253457022102532,2.5021945493518416
2024-04-17,1.6042147163794656,1.4654934496548095,1.5192443839969625,1.1940105372785266,0.7195808970577777,2.487394100234765
2024-04-18,1.6025794306892784,1.4638592028478203,1.517799238766644,1.1898339579493686,0.7168329066453233,2.4822904970909456
2024-04-19,1.6066504965088657,1.4688535245670429,1.5223176105665817,1.1848011428289928,0.7127125963470509,2.4606001837297127
2024-04-22,1.61455248868949,1.4751389728060065,1.5301361035015697,1.19167290493095,0.7163431132649579,2.4832601816882716
2024-04-23,1.6252433652244542,1.4852495628825901,1.5404410797639132,1.2015036125935104,0.7193841300647414,2.5127590078595485
2024-04-24,1.6253984817987563,1.4843260277092771,1.539426475009099,1.2001691081951673,0.7200924914085244,2.5115341431050315
2024-04-25,1.6241194765891864,1.483021259831737,1.5370616368536922,1.2040973222038807,0.7219789466481586,2.501990405226089
2024-04-26,1.6288069129666833,1.487457091432595,1.5420104969760255,1.21058083723686,0.7274970491900019,2.5257221598448494
2024-04-29,1.6404765007340198,1.4969006246638015,1.5523221047244893,1.2136488007049613,0.726288309122777,2.534653465346534
2024-04-30,1.6153035911660127,1.4728249461409204,1.5295246737385924,1.1891714034625323,0.7114742652996013,2.494488108604674
2024-05-01,1.6146065283614837,1.472495891317158,1.531125348100176,1.182649454639293,0.704442044471219,2.4864244156374395
2024-05-02,1.6275733814979565,1.4846697724469233,1.5439823660208836,1.1899719364676422,0.7037212219413002,2.5096458099418184
2024-05-03,1.640257236647442,1.496401547502718,1.5563400535081509,1.1990054195722668,0.7064981727217088,2.5407777891191174
2024-05-06,1.6515611671551536,1.5074526302896492,1.5663384949853507,1.2119723356093384,0.7134808732996085,2.5670103092783503
2024-05-07,1.6565139586741824,1.5119905913099523,1.571380997169433,1.2117184607215223,0.7113838393617277,2.5698172910074506
2024-05-08,1.6532861500222262,1.5079814044966315,1.5677185270918619,1.2115902233544924,0.7111233672720325,2.5700724711646417
2024-05-09,1.6685034552116726,1.5220950956814128,1.581484587140918,1.226105126713147,0.7156139825135147,2.5848729202817187
2024-05-10,1.6683064283121574,1.5214509250140693,1.5807479290034538,1.2260171901740438,0.7172657826926064,2.58824129835664
2024-05-13,1.6681304785212037,1.521486047111359,1.5804364354052962,1.2241633647362304,0.7146397369979038,2.5885475145452688
2024-05-14,1.6750622887371063,1.527663832432576,1.587207673393431,1.230195823187048,0.7170253964809126,2.600438909870368
2024-05-15,1.6926626615714606,1.545048676948993,1.604655630589578,1.2346087768322187,0.7158910423937123,2.63264264570787
2024-05-16,1.6894684143855767,1.5428571977451608,1.6016267657198222,1.230389766361441,0.7123894249580983,2.627232826375421
2024-05-17,1.6955976553463739,1.5488601026679267,1.6062133157744358,1.2400168397472413,0.72096978247562,2.6310094927018475
2024-05-20,1.6929238026228377,1.5473499431532083,1.603494140883768,1.2348502519963664,0.7187390410041185,2.634020618556701
2024-05-21,1.6950406040580366,1.5492905136041437,1.605778634108834,1.235175144650788,0.7187817662647206,2.6405021945493514
2024-05-22,1.682170163823963,1.5360173247023645,1.59434046689881,1.2254669916354797,0.7132835141584085,2.63289782586506
2024-05-23,1.6617703405894262,1.5174596404501284,1.5759262758529327,1.2082044365742453,0.7047574107412785,2.6136572420128608
2024-05-24,1.6702798756393515,1.525454129976634,1.5839044455086402,1.2128135500349058,0.7065468582067197,2.6309584566704087
2024-05-28,1.6652321978237066,1.5214158818387995,1.5769731026938236,1.211861655489118,0.7084553358629265,2.6327957538021836
2024-05-29,1.6457424331796262,1.5032876633964325,1.5591639826426003,1.1970038421977909,0.7025707130015163,2.6143717464529947
2024-05-30,1.6517908959437608,1.5078175838679235,1.5661409622293159,1.2019990440606614,0.7061409508935055,2.5970194957640085
2024-05-31,1.667370940430399,1.5217397095510523,1.5813291681677786,1.2103272219585002,0.7112287157285984,2.620649178319893
2024-06-03,1.6659112571850883,1.5213569606453439,1.5824295281829708,1.208156216751447,0.7096768748391705,2.622792691640297
2024-06-04,1.663930954471187,1.5198990093450901,1.5819743647499005,1.2038891108749858,0.7012586035938858,2.6257527814637127
2024-06-05,1.674680456054565,1.5305259673996958,1.5924652155668102,1.2144458682308839,0.7082193588443679,2.6569357966724505
2024-06-06,1.6775488034848869,1.5347335943663132,1.5949003278136278,1.2170430094603457,0.708602574860809,2.656884760641012
2024-06-07,1.661281939050733,1.5162512394038916,1.578251595360862,1.2116384924029213,0.7055120865595855,2.653669490660406
2024-06-10,1.666615937622019,1.521879567086407,1.5822504667964565,1.2178222666266203,0.7102401294804767,2.661886291721955
2024-06-11,1.6656573024190606,1.5223556975735277,1.5820436600364256,1.2137744896312415,0.7059315754452802,2.6682657956517293
2024-06-12,1.6736377564271425,1.529897129528419,1.5902658377128396,1.2149193835346324,0.7043820846854393,2.6902112891701533
2024-06-13,1.6738660474345255,1.5316207124823937,1.5916553406928147,1.2106248527195758,0.6958760666023664,2.6956211085026016
2024-06-14,1.670828372310711,1.5292595494264556,1.5884784414431188,1.2076214107082335,0.692190314247682,2.6972542615086237
2024-06-17,1.6757515885825778,1.5327991028628685,1.5920003350221923,1.2136335256937598,0.6977767448995166,2.718740430744104
2024-06-18,1.6833217731496788,1.5415550419837216,1.6003087369968074,1.2178648012504272,0.699088131484899,2.72563029498826
2024-06-20,1.685756721801515,1.5433632245954625,1.6015734842151692,1.2301438757390981,0.7068342666046391,2.7182300704297218
2024-06-21,1.6816014470537852,1.5393037192211052,1.5986267587550098,1.2228825300476454,0.7007768838050165,2.714555476166171
2024-06-24,1.6906128512252592,1.548098594269312,1.6069080218502032,1.2227374970639107,0.7006917351540917,2.7057262427273634
2024-06-25,1.68447341862132,1.5425971791932045,1.6013924210382162,1.2213075257583867,0.7010253923113356,2.7161886291721937
2024-06-26,1.677051482963035,1.5347379893489443,1.5933199704934167,1.2148899497113994,0.6979063234425703,2.7195570072471145
2024-06-27,1.681572259323449,1.5392188563453255,1.5974032418340447,1.2185994788945342,0.6967013514117552,2.7238440338879233
2024-06-28,1.676192100619602,1.533317943727433,1.5918781889253857,1.2191399678963863,0.6989699764666528,2.713126467285902
2024-07-01,1.6700944400451057,1.5283216945312994,1.5848869239507288,1.2206150173427102,0.6989482157641767,2.7186893947126656
2024-07-02,1.6796880501878557,1.5374000052650076,1.5944621247440827,1.2271354783628854,0.6989923988121949,2.737011329998977
2024-07-03,1.69153570587209,1.5490475113562763,1.605958898984711,1.2358969936677704,0.7022987664414347,2.7492089415127055
2024-07-05,1.6996105239608679,1.5588662740324883,1.615692211416426,1.239515559688261,0.7013781974361739,2.765081147289984
2024-07-08,1.6968120440175192,1.5546753191167213,1.6129481883408532,1.2387056429462922,0.7017074010126713,2.7682453812391525
2024-07-09,1.6941428912043583,1.5515695717309477,1.6103228641488396,1.2379471962719564,0.7013993592449844,2.770950290905377
2024-07-10,1.708130083081238,1.563576940098341,1.6229313393442155,1.247321470319802,0.705156825567549,2.7983566397876873
2024-07-11,1.721630784843409,1.576353335556846,1.6370936166862924,1.2508888211669102,0.7045540142324065,2.7742676329488596
2024-07-12,1.7326722639651504,1.5862943995009164,1.648127139331598,1.2555236350233068,0.7066759461976291,2.7917729917321603
2024-07-15,1.7284104672045988,1.5817202020365866,1.643739438767635,1.2662976124377108,0.7123704409030175,2.7994283964478894
2024-07-16,1.7494786315377615,1.5998404844052345,1.6634748061214562,1.2798434058298034,0.7165117595325052,2.816015106665303
2024-07-17,1.7430005591930569,1.5951548566283529,1.6593394852098353,1.2678492050713048,0.7094476926773882,2.776564254363578
2024-07-18,1.727889994064427,1.5806551655601808,1.64439344795462,1.2575784803160486,0.7031963788197374,2.755180157190974
2024-07-19,1.7137035251598012,1.5667595335118212,1.6320610608489126,1.2425948213948868,0.6967045872062526,2.7369092579361
2024-07-22,1.7246175170222482,1.5758134928159597,1.64136432460495,1.2538044445656205,0.7037011575669084,2.7651321833214215
2024-07-23,1.7184834528648958,1.5701446007465,1.636849603534325,1.251576843744169,0.7003797548803077,2.7607941206491753
2024-07-24,1.6974898671496317,1.553859202148019,1.619848531534331,1.2311013741154262,0.6887858037530178,2.698223946105948
2024-07-25,1.6963492234050597,1.5537276810611043,1.619716437437037,1.2287933768943866,0.6882261562873032,2.684189037460444
2024-07-26,1.7151892440812233,1.5694817365712679,1.6376294135434506,1.2420519199914786,0.6942830235708497,2.714249259977541
2024-07-29,1.7160239806135926,1.569220981664894,1.6382585029264969,1.2440445115166476,0.6935701421362496,2.7158313769521247
2024-07-30,1.7178505664142703,1.5708279522813784,1.6406532108728267,1.242084177557357,0.692363066951982,2.7020516484638124
2024-07-31,1.7399461196116563,1.5930849128127453,1.6607683365106694,1.2614329978602952,0.6995616368948748,2.7459936715320983
2024-08-01,1.725935950685861,1.5833724897361683,1.6520312780821873,1.2464995630351843,0.69129730885081,2.7071042155761935
2024-08-02,1.7100140335190446,1.5758231223799593,1.6454682835388406,1.2208257712443304,0.6722373095696351,2.6566806165152563
2024-08-05,1.6740456650279387,1.5447790739537774,1.6131778058055863,1.1945414825884444,0.6587160477675655,2.5793099928549528
2024-08-06,1.6801604186004164,1.546341116747819,1.6166407328746746,1.2015532925528825,0.6648276152708307,2.6030927835051516
2024-08-07,1.674765299042583,1.5422817018009105,1.611928676349234,1.19532369630522,0.6613555004920542,2.585689496784727
2024-08-08,1.6994504855922217,1.5627389490020485,1.632936805798681,1.2156247136497822,0.6719739405955899,2.645452689598854
2024-08-09,1.7061363890371903,1.5698170480553617,1.6396133143893596,1.218894895908707,0.6713236260210153,2.6571399407982006
2024-08-12,1.7085213238705304,1.5740479669240874,1.642166814697778,1.2246116761283308,0.6703107875810217,2.6585179136470316
2024-08-13,1.7241000633159713,1.5875535761318467,1.6576699112697921,1.231242310097478,0.676945408261189,2.702255792589565
2024-08-14,1.727171178231289,1.590422546360958,1.6612116414659375,1.2328897272049681,0.6785741931395847,2.710778809839744
2024-08-15,1.742258552828726,1.5997759031551073,1.6711885304218301,1.2389291115498182,0.6776773604158272,2.7572726344799396
2024-08-16,1.7490869891550795,1.6066686870599474,1.6789325501987595,1.2480040433607713,0.6832357354362709,2.7634479942839616
2024-08-19,1.7598783459061165,1.6145584731626157,1.6881184125703046,1.2526630692764922,0.6854824888976081,2.7898336225375084
2024-08-20,1.7565147070291396,1.6137277496362108,1.6872295898561305,1.2515144115560648,0.6877341238991701,2.785291415739509
2024-08-21,1.7643131137592236,1.620672671534347,1.6953350862373964,1.2540000875637378,0.6875523663325314,2.79488618964989
2024-08-22,1.7548805790792363,1.6116190279427292,1.6864078811146948,1.251793535086837,0.6876661400736068,2.772940696131466
2024-08-23,1.7769721499872309,1.6339219701249066,1.7083705678335606,1.2625361714999004,0.6886075477777621,2.802439522302743
2024-08-26,1.77701510491192,1.6352218279926245,1.7083748731321695,1.2625504521087332,0.687866886190376,2.7957538021843393
2024-08-27,1.7769930932554057,1.6351106980856684,1.708931012927017,1.2642071269633528,0.6894317926899941,2.7995815045422043
2024-08-28,1.769065184555342,1.627586213738975,1.702248032553225,1.2591239804724244,0.6897913764686078,2.78330101051342
2024-08-29,1.773544092622803,1.6319312056946382,1.7060891369668842,1.261333625236109,0.6876951046206256,2.7835561906706108
2024-08-30,1.7805894227931025,1.635472229684439,1.7113715420749704,1.267635838531829,0.6924723775491125,2.810145963049911
2024-09-03,1.7615803773325311,1.6223473796203145,1.6978496000636745,1.2532699987200397,0.6927723880569888,2.7523221394304356
2024-09-04,1.7635013072625145,1.6274701429316576,1.7032185386016965,1.2551821928463558,0.6940801885662944,2.7466571399407957
2024-09-05,1.7610929302254847,1.626479085297764,1.7019279172946868,1.2533355171495164,0.6896121999682882,2.7400224558538304
2024-09-06,1.7419584129485537,1.6125963017221232,1.6873363951146267,1.2377400091181032,0.6852098882236242,2.693885883433702
2024-09-09,1.7580139291781065,1.6264842619128037,1.7021475129939798,1.2497601729482217,0.6911210350056064,2.724048178013675
2024-09-10,1.7600926345660657,1.6281090328103276,1.7044478020987022,1.2534088576295073,0.6935812262923361,2.7358885373073365
2024-09-11,1.7648276533388165,1.6297641584545333,1.706450681394188,1.2563132053121566,0.695465837242269,2.7639583545983437
2024-09-12,1.7770429105330416,1.6411731799251335,1.7172264527092713,1.2651365288637921,0.6968850061877326,2.7872818209655983
2024-09-13,1.7884530856010261,1.6530508182937407,1.7294328553290372,1.2762741414114276,0.7015455530383925,2.8018270899254842
2024-09-16,1.798796761717236,1.6645799945510038,1.7408650030911692,1.2844992226239402,0.7043661793573216,2.805961008471978
2024-09-17,1.7979189964048699,1.6624529291271744,1.7385512034207715,1.2787932623156602,0.6988908525893497,2.807083801163619
2024-09-18,1.7896852136554686,1.6535570715760552,1.73035161776773,1.2740616047191207,0.6962395176241343,2.7987649280391933
2024-09-19,1.809225029917167,1.669661670803564,1.7469989373710495,1.2839195735226647,0.6957002905842254,2.8465346534653437
2024-09-20,1.8090093581800608,1.6709390268687323,1.7477161825622372,1.2929954784590423,0.7016441273560715,2.841635194447277
2024-09-23,1.8169270445136108,1.676623333631319,1.7537287903514498,1.2977608383026755,0.7010846724908764,2.8487292028171862
2024-09-24,1.8271212785017907,1.6858498892415037,1.7631655521496024,1.300547636228096,0.6989361138202889,2.8568439318158596
2024-09-25,1.8159127467233505,1.6732386830290822,1.75096206057617,1.2986579605874093,0.7040508012356093,2.8505664999489615
2024-09-26,1.8245398453033206,1.677596128981489,1.758171705531408,1.2999897100597873,0.7046057452084749,2.861845462896803
2024-09-27,1.828418348666537,1.684739045675892,1.7642825434220513,1.2966430670485456,0.702013623634082,2.8577115443503094
2024-09-30,1.8269202481032478,1.6816724677198098,1.761382091033183,1.2987181034862785,0.7062832073668803,2.8691436153924643
2024-10-01,1.8296266015168532,1.6873977622861929,1.7651628165828346,1.3005710174657927,0.6993270164576085,2.8434724915790524
2024-10-02,1.830130038399618,1.6864199435213796,1.7637582736820525,1.3016802830409968,0.6931014089251414,2.844646320302131
2024-10-03,1.8215672568799182,1.676804821539394,1.7521118109703049,1.2978967709337428,0.6881553443437471,2.839440645095435
2024-10-04,1.8267486830508963,1.6751150131885557,1.7514948802296917,1.302356490344463,0.68936619766197,2.8652648770031615
2024-10-07,1.81587424431472,1.6635909748102689,1.7385711723523667,1.2872978554757417,0.6795273163053139,2.839338573032559
2024-10-08,1.812221464458518,1.6600613795655084,1.7372137865322277,1.2875588895268142,0.6904511625347275,2.8662345616004874
2024-10-09,1.815246902743237,1.6604093736711416,1.7386414979337421,1.2833210906399422,0.6898801672142969,2.886087577829945
2024-10-10,1.8150681023194983,1.6620257346952463,1.738195715022335,1.2806932093458168,0.6843152629953254,2.8810350107175635
2024-10-11,1.8275039501980301,1.6738549172212989,1.7509721352891363,1.2907934266206111,0.691146781368815,2.8982851893436736
2024-10-14,1.8328379817795049,1.676300241188057,1.7552025991510505,1.2977431596304294,0.696230635478952,2.9219659079309963
2024-10-15,1.8232026726331043,1.6698324826612927,1.750176812764509,1.3041234678016032,0.7033685719628598,2.8992548739409996
2024-10-16,1.834996268256011,1.6803645141842474,1.7617734696247278,1.3149828218864397,0.7095893237067822,2.911860773706233
2024-10-17,1.8297425045881925,1.6724868516540454,1.7538697553374745,1.3153414446014673,0.7079989714678615,2.9121159538634247
2024-10-18,1.8367628022456222,1.6787654189598324,1.761313032109915,1.322571731563198,0.7119017790844802,2.9233438807798273
2024-10-21,1.8211542828299367,1.6610543541824945,1.742392763590697,1.3162019427612606,0.7087198757310367,2.9185464938246373
2024-10-22,1.8205811633515527,1.6625844123631794,1.741357606952448,1.3126237060070887,0.7051348906772801,2.916964376850053
2024-10-23,1.8112247746254,1.6534130764145922,1.732233107607095,1.31494221433735,0.7056892632189983,2.8903235684393156
2024-10-24,1.8148117360558171,1.656862117226851,1.7358681753319458,1.3168678200050887,0.7085714220323597,2.896549964274775
2024-10-25,1.8078767298314784,1.6496929057339587,1.727680460369302,1.3059946947969054,0.7024165372742192,2.89558027967745
2024-10-28,1.809803304779088,1.6481377386850518,1.7297888931889684,1.313382396217014,0.7102142626547663,2.904511585179134
2024-10-29,1.8028695931359362,1.6420670615833268,1.7237668164574385,1.3088024951272306,0.710151457110407,2.9092069000714478
2024-10-30,1.8018338503627405,1.641472435514365,1.7219565826026735,1.3099200951942753,0.7100919041644829,2.9004287026640783
2024-10-31,1.7867879599256498,1.630884536599845,1.7089659403162152,1.3004546309830443,0.7009533069337099,2.843574563641929
2024-11-01,1.7812897828293475,1.6228975096680105,1.7025651869789886,1.2939309737185545,0.701945194240041,2.855568031029905
2024-11-04,1.7887167651480578,1.632995004539634,1.711140244967113,1.2929469298655198,0.6981088706051932,2.8493926712258832
2024-11-05,1.8075364440236072,1.6487359380741002,1.72780307869982,1.3075340492208907,0.7034296288864093,2.883893028478104
2024-11-06,1.8135664571524084,1.6467009769437122,1.7274607237106454,1.3218604738715725,0.7144735555747065,2.9555986526487685
2024-11-07,1.8303570751795537,1.6643300105412278,1.74644948965563,1.3330495505207614,0.716477087150121,2.978411758701642
2024-11-08,1.8355695940050998,1.6695625587910194,1.7519605572477375,1.3442519618117308,0.7228391370454308,2.9913238746555053
2024-11-11,1.831525376122244,1.6632763390279939,1.7462577864420565,1.3428600835260929,0.723086265385347,2.994181892416044
2024-11-12,1.8098699724909668,1.6430198811970456,1.7237564093355473,1.3306123559117633,0.7174360403469268,2.9848933346942927
2024-11-13,1.8079759871241006,1.642308434409938,1.7227906582072918,1.3285499503862164,0.7153382538906506,2.9863223435745625
2024-11-14,1.798370886611554,1.6330882436283467,1.712398579499322,1.3198432622531457,0.7086535245227411,2.967132795753801
2024-11-15,1.790298809614786,1.627319498317774,1.7062869764125508,1.3225475643381583,0.7116633597968572,2.929110952332345
2024-11-18,1.805852043147271,1.6427386270758875,1.72055486203029,1.3302915990524617,0.7107461997825611,2.9411044197203213
2024-11-19,1.808287761791733,1.6452385149104793,1.7232117955710164,1.3327958221680005,0.7130622308759849,2.951873022353781
2024-11-20,1.8096182544270474,1.6454995099257077,1.7236162911346449,1.3334535292823244,0.7125896082916194,2.952893742982545
2024-11-21,1.8237529846939144,1.6577447805498984,1.7354655735552749,1.3439920826054004,0.7166891645671525,2.968714912728385
2024-11-22,1.8337095349040602,1.6657969952167953,1.744019634948202,1.3496723914420323,0.7203379420075736,2.977952434418698
2024-11-25,1.8413946286416116,1.6764462255109978,1.7574340331497047,1.3493824172563464,0.7208406415040218,2.9880575686434607
2024-11-26,1.8432008043101213,1.6774985578307342,1.7577743093804352,1.3568343115138999,0.7256324665758576,3.0036235582321096
2024-11-27,1.8449988580027115,1.6812328491556228,1.7626546342018272,1.3536753135466555,0.7230813946112867,2.994539144636111
2024-11-29,1.8564128685449144,1.6928004924026532,1.7750589907751382,1.3600078607654207,0.7235079111893671,3.0131162600796144
2024-12-02,1.8492805311183855,1.685665556071551,1.7687600145434603,1.3501102628686654,0.7164888552244618,3.0185260794120636
2024-12-03,1.8454020540215519,1.6819753070574275,1.7642741396431987,1.3429179282441153,0.7137069163388376,3.019955088292333
2024-12-04,1.8470707838559575,1.6843715987632055,1.7678728425179449,1.3441629296266187,0.7125851760708357,3.0386853118301502
2024-12-05,1.8445644627782616,1.682348631313612,1.7649380566770194,1.3396462318665041,0.7093138096872375,3.033683780749207
2024-12-06,1.8415363980851012,1.6799584921496862,1.7637462850982417,1.3346832640312483,0.7078259616677086,3.0394508523017234
2024-12-09,1.8389704686522355,1.6767093637519945,1.7603639124134416,1.3261323183758464,0.7038097060555992,3.023782790650198
2024-12-10,1.8295134378548612,1.6704600591967438,1.7527705389357786,1.3257259325299164,0.7042875952458003,3.0143921608655697
2024-12-11,1.8318520968333885,1.6705466851735609,1.7517339245300785,1.3248126264485032,0.7046734385157054,3.0376645912013873
2024-12-12,1.8179901241481007,1.658084239314732,1.7382783483031576,1.3174666219887714,0.7029762497372699,3.0220475655812993
2024-12-13,1.8111320427523518,1.650344967828163,1.7295999733943697,1.315081702103944,0.7012532138279007,3.021435133204041
2024-12-16,1.8055898115556224,1.6452341166884699,1.7250737499443893,1.3134830456839268,0.7015016746898591,3.0343472491579044
2024-12-17,1.797934479582188,1.6388956647589856,1.71859022240717,1.3053355667480573,0.6974451493659184,3.021843421455547
2024-12-18,1.7438446476336522,1.5940583755373796,1.6691011398848665,1.271624200943433,0.6851438236164161,2.9317648259671323
2024-12-19,1.7361554968661075,1.5872608633153558,1.661418820895972,1.2717374931117598,0.6884648324019861,2.9308972134326825
2024-12-20,1.7535923874941088,1.6036150767813644,1.6782791883385275,1.2849081531313582,0.6934646993018283,2.966061039093599
2024-12-23,1.756073930138687,1.6032382427624887,1.6778739692034812,1.2876035961405958,0.6948158692180426,2.983821578034091
2024-12-24,1.769357102363524,1.6153087601331608,1.6901064319306565,1.2989867181344152,0.6994882749154842,3.016994998468918
2024-12-26,1.7708027627639094,1.6172572615961684,1.6925665857308676,1.301033580106781,0.7006855643748244,3.0171991425946714
2024-12-27,1.7592458110379026,1.6077430435901185,1.6818475400430621,1.2897665655332144,0.6945812086464555,2.9854547310401136
2024-12-30,1.7497296966472184,1.6038766072706616,1.6764323795388296,1.2787341074817047,0.6898775264189184,2.951362662039399
2024-12-31,1.7511771882452984,1.6058679685821788,1.6779046256662669,1.278272880754519,0.6874954928136762,2.9406450954373784
2025-01-02,1.7511405435592284,1.6077220997506905,1.678259264213796,1.2754480847352974,0.6835327987057247,2.9333979789731544
2025-01-03,1.761861855149618,1.614554356032,1.6862039078361788,1.2883788726724124,0.6901163626310356,2.9700928855772175
2025-01-06,1.7603464561657616,1.6125877639815702,1.6844814372476775,1.2910699294149357,0.6923994067015362,2.9871899561090127
2025-01-07,1.752681971100148,1.6059268842880692,1.6765217320253223,1.2840359510215353,0.6873951076724464,2.953455139328366
2025-01-08,1.756008559124472,1.6095967608524473,1.6806613166980386,1.285543610263455,0.6878280878151679,2.9577421659691745
2025-01-10,1.7388488761840257,1.5949986714961313,1.6616876308414086,1.2711513047772465,0.6783246447551251,2.912575278146372
2025-01-13,1.745689613830897,1.6007822360991888,1.6673674764709985,1.2689906402926816,0.6677214282690203,2.9171174849443715
2025-01-14,1.7552780227762121,1.6081972764395573,1.6755182423422397,1.2756517255843123,0.6715700360869931,2.9210982953965505
2025-01-15,1.7814982560316879,1.6353138298407999,1.7028410786377441,1.2953739639642297,0.6775206156990323,2.9742778401551497
2025-01-16,1.7924967773929967,1.6456263147468209,1.7140772571191327,1.300777430868751,0.6789555846389925,2.9685107686026333
2025-01-17,1.8000779415743422,1.6506067694304132,1.7198082454590407,1.3083890553641078,0.6830427991749182,2.9983158109625396
2025-01-21,1.8202578198348314,1.6679828188390928,1.7393929468806675,1.3210167210616413,0.6865105971890898,3.0257731958762886
2025-01-22,1.8118384634515523,1.6595392729507963,1.730599622973394,1.3181750901484213,0.6908179037434953,3.0427681943452076
2025-01-23,1.8186965153580243,1.6642602543733946,1.7363996441496428,1.3222262684298283,0.6904373780617852,3.0594059405940595
2025-01-24,1.8209896919185686,1.6681340215564602,1.7405359382828955,1.3242731577474798,0.6905701256238935,3.050474635092375
2025-01-27,1.8171397274249765,1.6696985442047656,1.7441955143484247,1.3139394323621616,0.6807419884103894,3.0072981524956615
2025-01-28,1.813725372213469,1.665767648528398,1.7397601072890385,1.3188384556172208,0.6844481879254377,3.0331734204348266
2025-01-29,1.8091984148091202,1.6618381559409274,1.7352382897079248,1.3162528128184976,0.6840475856460984,3.019546800040828
2025-01-30,1.8281862216113878,1.6786268962141977,1.7530517226900835,1.3283884072040175,0.6881460660811345,3.035776258038174
2025-01-31,1.8145111177480577,1.6663892031124914,1.7406542425703964,1.323713185300622,0.6878729020625913,3.019597836072266
2025-02-03,1.8121690064515716,1.6661961231217692,1.7387871809867328,1.318072110547708,0.6824749776425306,2.9992854955598647
2025-02-04,1.822056080177919,1.675271745918531,1.7481392737407166,1.3242098716008983,0.6854145800896763,3.0193936919465143
2025-02-05,1.8335386206536068,1.6868930738111774,1.761025846830535,1.32733669167581,0.6841863730412624,3.031642339491681
2025-02-06,1.8338723946413145,1.685790289440747,1.7602778384320155,1.3311189167724589,0.6870239067984747,3.042206797999388
2025-02-07,1.8231749783313702,1.6756354070497468,1.748685083742655,1.3233349931083285,0.6859804021463133,3.014341124834133
2025-02-10,1.8368666179477289,1.6889952396603118,1.7604802532369275,1.329063407694069,0.6909015881446748,3.0348065734408496
2025-02-11,1.8387485877062297,1.6908882279025863,1.7614611219569218,1.3267030177438024,0.6899066027041525,3.0371031948555687
2025-02-12,1.8280617420036038,1.6780579582737734,1.7494485682251864,1.3253215867356138,0.6920374183441268,3.0273553128508732
2025-02-13,1.8477254746123952,1.6979159137494881,1.7701708839523391,1.3361737442029948,0.6928971569434138,3.0593038685311837
2025-02-14,1.8457743471680248,1.6977140135283162,1.7703287110987305,1.3306732498537959,0.68983330614614,3.0591507604368684
2025-02-18,1.8562982243314794,1.705306308284894,1.776446369381036,1.3399858434341363,0.6932429150682659,3.0681331019699902
2025-02-19,1.8594277102420824,1.710967365394424,1.7804308900783488,1.3416940993271442,0.6982789627030034,3.0753802184342147
2025-02-20,1.8599568121834866,1.7122650717309662,1.781863026828957,1.3360950022910454,0.6904406298804485,3.0625701745432274
2025-02-21,1.8431627154815533,1.7028429850939641,1.7722644819879003,1.3236442889932551,0.6822665841451657,3.0101561702562005
2025-02-24,1.841480144087336,1.703736203506364,1.773455318462763,1.3219730979595061,0.680730684318516,2.9964785138307644
2025-02-25,1.845463461478763,1.7105902558416037,1.7828383068285183,1.3138974131810675,0.6717312740270546,2.9815759926508116
2025-02-26,1.8442142323265496,1.7085686513837581,1.7821516895504745,1.3149464141805762,0.6731503892279954,2.9831070735939575
2025-02-27,1.8275475175748552,1.6960954421215249,1.7683847560764285,1.2995388145288362,0.664734495974512,2.935490456262121
2025-02-28,1.8446313963615255,1.7123399736780842,1.7863597326677594,1.3090637427165006,0.6681605490956484,2.9812697764621827
2025-03-03,1.8331605486055753,1.7061363421099272,1.7801692012528763,1.3003171457204148,0.664041168682948,2.929059916300909
2025-03-04,1.8147132283690413,1.6911038031450425,1.7633978738150253,1.2937955703262136,0.6610524408119971,2.8943554149229365
2025-03-05,1.8288532589924231,1.6985953190705945,1.7736731988653482,1.3013590909008892,0.6612411507083464,2.925487394100236
2025-03-06,1.8086939015545773,1.6840878408132423,1.7569141121159217,1.2814137918407078,0.6502145916725167,2.873532714096153
2025-03-07,1.81907598194479,1.6923342197650675,1.7651745930944598,1.2844601492559804,0.6515058799569331,2.8896601000306226
2025-03-10,1.7968437282113627,1.6796692638353663,1.7498543814068472,1.2688226802395461,0.6469200532545207,2.8126977646218236
2025-03-11,1.785264372001088,1.668964718243688,1.7364938014651023,1.2646616327891658,0.64908037724259,2.78932326222313
2025-03-12,1.7841831503038132,1.6648662625569155,1.7325725923959867,1.2692538325631386,0.6525948457122962,2.804123711340207
2025-03-13,1.774909219794347,1.660468598456306,1.7259788852101727,1.2642654315552286,0.6489549601699027,2.7667143002960097
2025-03-14,1.8005424178017044,1.6776250818928462,1.7462090837067776,1.2780170080463593,0.6513383128490216,2.8238746555067884
2025-03-17,1.8190777436481655,1.6929017810320295,1.763482956809117,1.2878478794116008,0.6527497804196861,2.845667040930898
2025-03-18,1.8123657890343978,1.6888391083446872,1.75841671281276,1.279820970597543,0.6486540933950314,2.8148923139736657
2025-03-19,1.8261168620540447,1.702856294218306,1.773951114645892,1.2882538893647568,0.6496991633350109,2.845564968868021
2025-03-20,1.8222114026135319,1.7005092583117476,1.7704648865879602,1.2868300188636046,0.6494369438436975,2.8373481678064723
2025-03-21,1.8135419950776155,1.6931632103722076,1.7621989856915068,1.2812059123928712,0.6514564555967857,2.8382668163723594
2025-03-24,1.8286990649979853,1.7000548237164392,1.7717913762681792,1.2842376588552147,0.6517579913185685,2.889098703684802
2025-03-25,1.8268403318776083,1.6989000693893141,1.769892033909467,1.2761307981706154,0.6482472629891888,2.896039603960397
2025-03-26,1.820640082270314,1.693813871028325,1.7632159512207746,1.2781676182058195,0.6485403743970662,2.8614371746453
2025-03-27,1.820669822432891,1.6956396009795145,1.763913847090574,1.283586552338907,0.6527262260675336,2.8538838419924475
2025-03-28,1.8071881840054844,1.6919940128143582,1.7573156401810879,1.2780669329254355,0.6563303535139675,2.7963662345616007
2025-03-31,1.8216276943284035,1.7071954785350298,1.7726693260315591,1.289092436292792,0.6555692858057126,2.8151474941308567
2025-04-01,1.826215159937017,1.711433498176022,1.7776315587965363,1.2915765779878954,0.6554222643899296,2.823109115035215
2025-04-02,1.8358223349148777,1.7175881893784448,1.7856161043958296,1.300526321837788,0.6582401707675603,2.8409717260385836
2025-04-03,1.7789725180088838,1.6832345767340788,1.742499459771715,1.2683596127735555,0.6604233309934899,2.700979891803614
2025-04-04,1.6997290604275244,1.6244539324603282,1.6668723679457949,1.2220780254405854,0.6558768938019315,2.5428702664080842
2025-04-07,1.6791675327935334,1.5968457365793214,1.6396114133202784,1.210739913961194,0.6574537044315847,2.538328059610085
2025-04-08,1.6607953546506624,1.5770786212616648,1.619524091095234,1.2098695556681314,0.6686464623456684,2.4985709911197307
2025-04-09,1.7359735591018441,1.6398720602534205,1.6896809640015784,1.252542360998319,0.6589666015391035,2.7609472287434933
2025-04-10,1.712284774952326,1.6159112531817301,1.6650433206984143,1.2495886109387953,0.671640058271001,2.6399918342349697
2025-04-11,1.7276595998987543,1.6254634907603436,1.6776291260391523,1.2614474721152071,0.6726548188370458,2.6870980912524245
2025-04-14,1.7370113723682865,1.640285049786885,1.6905525878876735,1.271098540688887,0.6749427789537109,2.7131264672859046
2025-04-15,1.7369534255609906,1.6418052074527183,1.6917001766724584,1.27404114664243,0.6769619360488272,2.7055731346330516
2025-04-16,1.732492781062484,1.6448367508927861,1.6912171551912802,1.2821980569039546,0.6808510886707762,2.6454016535674194
2025-04-17,1.7382851508185488,1.6497060688691354,1.6969792693184211,1.2833643930189331,0.6776944793490488,2.6491783198938457
2025-04-21,1.7240290098769833,1.6348836738185544,1.68151016743695,1.2773102283793687,0.6806138381183932,2.586148821067674
2025-04-22,1.7403580703804242,1.6486060001334368,1.6968462941558022,1.2885403445625825,0.6841120708483186,2.6534143105032153
2025-04-23,1.74533998651207,1.65030790341713,1.7008274625617577,1.2877262024704368,0.6893027525144059,2.694549351842401
2025-04-24,1.7586595386421628,1.6668076709286248,1.7158773896069066,1.3002183115839225,0.6909852946537937,2.7512503827702357
2025-04-25,1.7602978761887735,1.6704879871455818,1.7187785062321792,1.295901876569441,0.6879908058683885,2.771103398999694
2025-04-28,1.763851549082087,1.6781905092241018,1.7241716060126997,1.3036056084488827,0.6913686483026098,2.7721751556598955
2025-04-29,1.7675401445502956,1.6831129426872908,1.7290237381261782,1.306100646617243,0.6918718256259467,2.789629478411759
2025-04-30,1.764868099929312,1.68177058766907,1.7267267683194878,1.3049130640439996,0.6931996126410921,2.7907522711033996
2025-05-01,1.7626348386056052,1.6721361757476472,1.7207474843580375,1.2971802424796006,0.6917129152709008,2.810554251301419
2025-05-02,1.7735858369825805,1.6751666425580185,1.7277578255616393,1.3032403610352084,0.6912610645323968,2.8522506889864245
2025-05-05,1.7716319766715283,1.674639669352854,1.7260873919441868,1.3116193186168954,0.6970409325828713,2.835919158926202
2025-05-06,1.770523970316742,1.6789396410700679,1.726939028564605,1.3261234775695596,0.7051467089518816,2.812187404307441
2025-05-07,1.7708044530266565,1.6792410215075873,1.7276232728548528,1.3247688627653116,0.7050471535750611,2.824027763601103
2025-05-08,1.771475561465442,1.671179327921149,1.7237252135408234,1.3139283904179886,0.6966419412921128,2.843676635704808
2025-05-09,1.7739120858156785,1.674580188719961,1.7262791400731512,1.316966692685145,0.6964765249137602,2.840053077472696
2025-05-12,1.7879879800876066,1.6781822136959093,1.7355565823131958,1.3113419685138745,0.6887939069795885,2.9339083392875374
2025-05-13,1.7891157032741412,1.6778022487183912,1.7350218604075023,1.307915387045133,0.6824660903873754,2.953302031234051
2025-05-14,1.7826778572388513,1.6669977216418288,1.7260109830336627,1.298114009020285,0.6788711976958599,2.9570786975604775
2025-05-15,1.7922707798877013,1.6824891916977678,1.7391937779589242,1.3157196226621015,0.6863486340027919,2.9715218944574873
2025-05-16,1.797995992403839,1.6866496130481425,1.7449509969685617,1.3196969563306329,0.6889899769994335,2.990354190058181
2025-05-19,1.7997153810066806,1.6894097121943978,1.7471044513132414,1.324848317267454,0.6931484895437998,2.9936204960702257
2025-05-20,1.7995415248370359,1.6906388153097103,1.7471470559767641,1.3282532329073846,0.695682894834737,2.983566397876901
2025-05-21,1.7840555003546987,1.673220955598294,1.7293301175086124,1.3190371580566076,0.6960276627050052,2.933295906910278
2025-05-22,1.7818346941693206,1.6731803819751938,1.7287506410648668,1.3167863409891514,0.6964540260135469,2.9344186996019186
2025-05-23,1.7837184044190288,1.6788783028504246,1.7322664919899187,1.3227394430249924,0.6999239836554549,2.9144125752781456
2025-05-27,1.7958077172018632,1.690241897828505,1.7452487117717765,1.3293764942909045,0.704149385015203,2.9749923445952833
2025-05-28,1.7884082752107107,1.6814960800742513,1.737093155981521,1.3237886302183612,0.7033433154224668,2.9577932020006115
2025-05-29,1.7934129029955737,1.6897494190237021,1.7440510647165821,1.3287444630274499,0.7043657518385974,2.969480453199959
2025-05-30,1.7928342924286749,1.6920770065485808,1.7457239675195386,1.330711969782554,0.7060808804090367,2.9661631111564764
2025-06-02,1.7985501815783946,1.696410919059021,1.7494651706255502,1.3386177990953327,0.7088092817571068,2.982851893436766
2025-06-03,1.8016749900661746,1.6974790212423807,1.7515710322449067,1.3365761885961678,0.7032425283228412,2.999846891905685
2025-06-04,1.8025002589762025,1.7050786050549653,1.7563025535620158,1.3380092231401,0.7054653462025778,2.999030315402674
2025-06-05,1.7986375158957186,1.6990305434441972,1.7513310641637636,1.3306617841072719,0.701260140031785,2.9845360824742264
2025-06-06,1.8027192177245004,1.6949845153030803,1.7510072500637428,1.3337646302843258,0.6990478169702148,3.0152087373685816
2025-06-09,1.8046819080409053,1.6986975592532885,1.7536996729234813,1.3346882405160272,0.6966535167547301,3.0179136470348062
2025-06-10,1.8102737704352285,1.7040058168924466,1.7593165343279975,1.3370650440204697,0.6923869314874452,3.035010717566601
2025-06-11,1.8117940366330765,1.7105972751469751,1.7630939641779937,1.3376572686192751,0.690687738836063,3.0263856282535464
2025-06-12,1.8178928318802376,1.720598902045374,1.7713478690074052,1.3421600336530952,0.6908654490047664,3.0384301316729605
2025-06-13,1.811684465739714,1.7143320695722701,1.7635895071952383,1.337162892798321,0.6865142301622263,3.004440134735123
2025-06-16,1.8140870090896024,1.713113262997525,1.7644024488738206,1.3384015124526034,0.6897466353960376,3.0330203123405113
2025-06-17,1.8098373288033722,1.7138682418177171,1.762391062413489,1.3339071096725805,0.682235950985437,3.0070940083699083
2025-06-18,1.809608317016588,1.7148122450551597,1.763131961198422,1.3329361670028341,0.6818720545218264,3.0066346840869644
2025-06-20,1.809751815971303,1.7171200041974912,1.7645512507959134,1.3341616695778058,0.6812469967608651,2.9995917117484936
2025-06-23,1.8154675638405973,1.7235068366861246,1.7716933561640644,1.341968631961751,0.6985393726324911,3.0291926099826467
2025-06-24,1.821191054895327,1.7287047608670778,1.778863255240881,1.3421053635587739,0.6949078093980012,3.062672246606103
2025-06-25,1.8150876689412405,1.7239827517226212,1.7727952104601008,1.3372605225200258,0.6891854532505359,3.064407471675002
2025-06-26,1.8229257786048396,1.7338140446441692,1.7820237861571115,1.342979229335245,0.690748051656803,3.0883944064509534
2025-06-27,1.823060385863969,1.7301195064224235,1.7808170091069526,1.3410421482267438,0.6934273073461252,3.103705215882412
2025-06-30,1.8285104537469,1.7393476925903917,1.7888039643646088,1.3486445949606658,0.6938304742541546,3.1185567010309265
2025-07-01,1.8352897262714283,1.7437826012229907,1.7942623744089545,1.3541433552065596,0.6936291688656698,3.1175359804021627
2025-07-02,1.8398612585709448,1.7471359006157745,1.7973782285662265,1.3541609120538054,0.690288012828072,3.1316729611105427
2025-07-03,1.842290992962821,1.7449630550208635,1.7973607699964786,1.3564541211232022,0.6936389551330089,3.1563744003266296
2025-07-07,1.833297216035784,1.7357558966118243,1.7873954006278465,1.3523474656321908,0.6950523006690227,3.132846789833622
2025-07-08,1.834115538929393,1.7343878976353524,1.7865709734627435,1.3481451223225567,0.6849993865632078,3.1311115647647227
2025-07-09,1.839104302847596,1.742123833749026,1.7937758501906984,1.3538603727880318,0.6892177591592958,3.149892824333979
2025-07-10,1.8435373875323895,1.745295438984847,1.797528819026011,1.3578288343293154,0.692203676202724,3.158773093804225
2025-07-11,1.8395334253074427,1.7409205210981815,1.7916966700811607,1.3548906763904087,0.6905758856634668,3.1476982749821367
2025-07-14,1.8392565851631193,1.7399920907609963,1.791664545845797,1.355963836396183,0.6950627797433315,3.1536694906604055
2025-07-15,1.827705347810374,1.7269132384494292,1.7782529240834941,1.344957824131922,0.6951656242877557,3.140195978360722
2025-07-16,1.832455267871982,1.7346546533180205,1.7851366041877608,1.349890742795908,0.6952834023635599,3.1507094008369907
2025-07-17,1.8374624727820192,1.7385855814551379,1.7896376671987415,1.3530739622781658,0.6987301715162672,3.1700010207206284
2025-07-18,1.838896365429769,1.7423826113910974,1.7926015322391031,1.3571552985058515,0.7033957235324683,3.1676533632744714
2025-07-21,1.8418858802637992,1.7486604051899017,1.79756512595618,1.3614461189293618,0.7043169875756179,3.173675614984179
2025-07-22,1.8509508328680149,1.759201433586058,1.8081962118836357,1.366705959389573,0.7043512914191684,3.1741349392671228
2025-07-23,1.8574514889593292,1.7597762065656535,1.8120393468016402,1.3694874846967362,0.7054251645396394,3.201132999897928
2025-07-24,1.8529595755764725,1.753799932039931,1.8063930177962328,1.368259093927948,0.7053615747219302,3.2022047565581304
2025-07-25,1.8558810344091452,1.7566992510176889,1.8103374768503973,1.3685764049605063,0.7044190816681741,3.215729304889252
2025-07-28,1.8496234254555273,1.750253831575534,1.8026087789427558,1.361479226301955,0.7030884751745169,3.2149127283862406
2025-07-29,1.8542470823201564,1.7601211487292447,1.8106553581462954,1.3637520884106822,0.7031277365636488,3.2064407471675005
2025-07-30,1.8448486017666343,1.7482261378937904,1.7996728069054857,1.3583296479110842,0.7026614993952534,3.202408900683883
2025-07-31,1.8364727012255606,1.7420920706179854,1.7923816777592585,1.3557056671500631,0.7056162071929641,3.190364397264469
2025-08-01,1.830924797732452,1.7522697358476824,1.7967331727932039,1.3508851594524538,0.7023761645721692,3.138103501071757
2025-08-04,1.8429906369029736,1.7632043923594451,1.8087306756376222,1.3592583522734218,0.7058299387603671,3.185771154435032
2025-08-05,1.8414154328036885,1.7605085220678758,1.8068783487224407,1.3582534505175325,0.7041346121729332,3.1696437685005616
2025-08-06,1.8415722712096698,1.7605067127805096,1.8069958524364989,1.3632057079718478,0.7135670271294653,3.1939369194651435
2025-08-07,1.8434549129668856,1.7619217398549187,1.8083617035321518,1.363153780881685,0.713168342285733,3.191232009798919
2025-08-08,1.845814467354722,1.761959308668439,1.8089835130173753,1.3675722397291732,0.715943581067794,3.2161375931407585
2025-08-11,1.841978319759289,1.7585559833095918,1.8059261221211012,1.3617720666564794,0.7126261262926582,3.2097580892109843
2025-08-12,1.8509473008763475,1.765715791630774,1.8144374599889548,1.368125923851783,0.7153191363490015,3.243952230274575
2025-08-13,1.861612398884637,1.7779767572017864,1.826841405956982,1.3715939857903665,0.7108344719112933,3.2550270490966633
2025-08-14,1.8555744384356423,1.7692605742834129,1.8184583274130905,1.3648757652473724,0.7088379101560094,3.255333265285293
2025-08-15,1.8547638322835707,1.7670878525512452,1.81721226176858,1.3619607132421367,0.7039174288026684,3.2477288966010023
2025-08-18,1.8529950705941338,1.7650006458126204,1.8148697450651619,1.361804752760207,0.7065881081081125,3.2470143921608674
2025-08-19,1.8551996875251726,1.7680769662228508,1.8188037941625639,1.360615913475704,0.7020793037009916,3.22940696131469
2025-08-20,1.8586842944457471,1.7739360841420422,1.823134722471106,1.361172288357105,0.7004509119610244,3.2208329080330738
2025-08-21,1.8542457175708675,1.7673835531389395,1.8165328665962377,1.3570883239625695,0.6972516971867896,3.20792079207921
2025-08-22,1.8750305162651266,1.7901549273776292,1.8397251671806634,1.3717918373266853,0.7006809785795093,3.2571705624170684
2025-08-25,1.8662178101281568,1.780663988848801,1.8295404200694494,1.3653010051373615,0.6989405847823543,3.242829437582935
2025-08-26,1.868881111942045,1.7844817836456872,1.8331159766447795,1.370759456277231,0.7032801235800266,3.2564050219454947
2025-08-27,1.8713498788274123,1.7881472952413733,1.8361717221143175,1.372492667643228,0.7016703710829414,3.2638052465040337
2025-08-28,1.8742667085445803,1.791767776727327,1.8388774933543055,1.3736344968175742,0.7015631861389311,3.2753904256405035
2025-08-29,1.8722238862346747,1.7915673081923156,1.8371730747039152,1.3717297414755447,0.6961312455986454,3.255843625599675
2025-09-02,1.8678338154720786,1.7894712486539053,1.8319034180008462,1.3713101408823947,0.692955726290359,3.2317035827294087
2025-09-03,1.8673870915884203,1.7926877790531532,1.8346042427987728,1.3745961953316173,0.6986764237563675,3.2492599775441473
2025-09-04,1.874890227932416,1.8006105492559337,1.8437227523612103,1.3791441884070972,0.7005488928373184,3.2764111462692678
2025-09-05,1.8777800476531665,1.808349135943624,1.8503653582305917,1.3807404914452985,0.6999524764086533,3.2669184444217634
2025-09-08,1.8825719317556286,1.8162131060874036,1.8563997963580559,1.3840399552757798,0.7006401460705627,3.2749311013575606
2025-09-09,1.8815954895898408,1.81352136619503,1.853892388595057,1.386080499088313,0.7038605986064755,3.282484434010413
2025-09-10,1.8868032225476152,1.8196563904178453,1.859260681846191,1.3954997902724082,0.7101315420582545,3.291977135857918
2025-09-11,1.9013123144824224,1.8317074612115578,1.8740527337544675,1.4040552108232538,0.7104382541940958,3.3193324487087907
2025-09-12,1.8969523003641275,1.827750147174325,1.86902326679781,1.4042421605807778,0.7143414898571656,3.3182096560171503
2025-09-15,1.9002026919885153,1.8333244948358924,1.8732992197853187,1.4118228425289132,0.7200098670636855,3.3359191589262047
2025-09-16,1.901175431817002,1.8360461517169766,1.8742018580019044,1.4125768674967865,0.7197250329150946,3.331325916096767
2025-09-17,1.8999439138781065,1.831904058215926,1.8717680281853035,1.4112715273583414,0.7180787262742597,3.3271919975502726
2025-09-18,1.8995607265484762,1.8281668774259696,1.8697159413739528,1.4173296178682075,0.7223347994631145,3.342706951107484
2025-09-19,1.8990631059868148,1.8279900430971028,1.8692461645461211,1.4238659544295014,0.7302866905158624,3.359293661324898
2025-09-22,1.9019519958668982,1.8295112384235601,1.8703949991319884,1.431707950252877,0.7356456929530119,3.375165867102177
2025-09-23,1.905399722488436,1.8358311708431776,1.8751320226421673,1.4314066884813204,0.7326324663991437,3.3567928957844266
2025-09-24,1.9018775865825226,1.8313252440534737,1.8699448886240966,1.4304547511800427,0.7347231517737336,3.3461263652138435
2025-09-25,1.8940275948850043,1.823920088083081,1.860610251641564,1.4252565419596144,0.7322301455403257,3.3306624476880704
2025-09-26,1.9049757286242492,1.8333500055309226,1.8711123197779276,1.4323324589113884,0.7328665747778871,3.3497499234459553
2025-09-29,1.9099613650641516,1.8398199074936277,1.8778655006161884,1.43972957802173,0.7408870426121824,3.359191589262022
2025-09-30,1.9140829199594838,1.8436637995058311,1.8819990622214542,1.441966862587056,0.7400814451310346,3.371797489027256
2025-10-01,1.9205961675223946,1.8519816647592262,1.8904843428364246,1.444609523485057,0.7391109617494064,3.3833316321322884
2025-10-02,1.9195510728039546,1.8508364511105377,1.8901991876403441,1.4405325435490077,0.7370053853046312,3.3872103705215917
2025-10-03,1.9245682839972,1.854367546531265,1.8938715009538143,1.4437063534529915,0.735760593176615,3.387159334490153
2025-10-06,1.9284530418792007,1.8576014761253465,1.8954235713166725,1.4528020737023197,0.7445996272570465,3.3993059099724436
2025-10-07,1.9265502900911577,1.859765863463286,1.8955989173360108,1.448365312188994,0.7407420810374256,3.38670001020721
2025-10-08,1.931842607587009,1.8641232956206513,1.8992981663635293,1.456433983383591,0.746634484377882,3.406910278656735
2025-10-09,1.9197783518260596,1.85279191057112,1.8876280024439291,1.4478448673877748,0.7452455006344526,3.397009288557725
2025-10-10,1.8943154201475367,1.8395876394586341,1.8693850130020748,1.4246967841443545,0.7380695517287923,3.305195468000411
2025-10-13,1.9140659750369386,1.8596096681977434,1.8899811199642695,1.4485890663182024,0.7508582302368686,3.3559252832499773
2025-10-14,1.9203821049054124,1.8648442680103279,1.8972068876650898,1.4504883978996093,0.7485586859765795,3.351842400734922
2025-10-15,1.9281469496462147,1.8712969650304947,1.9043275529973855,1.460953190041881,0.7546173497241007,3.366693885883437
2025-10-16,1.923944842690012,1.8733287055582841,1.9028943440952182,1.4659380223043859,0.7601158003127372,3.343778707767687
2025-10-17,1.9268665012711101,1.8736886003094924,1.905258906313844,1.4652238228894832,0.7578460313289466,3.362764111462696
2025-10-20,1.944161589605567,1.8901663242102773,1.9217440280202012,1.4836081906673975,0.7646553791866005,3.39772379299786
2025-10-21,1.9347435749431183,1.879649930138933,1.9135753702180058,1.4672341950939718,0.7548159122009567,3.3976727569664216
2025-10-22,1.9348990293276003,1.8820229948648188,1.914295341678825,1.462133093210447,0.7488588717451183,3.380014290088806
2025-10-23,1.9429867632140847,1.8860213818665124,1.919354492086643,1.4670720365552037,0.749412761962827,3.4000714504440173
2025-10-24,1.9464929640141782,1.8901465847118144,1.9243436635344415,1.4750156337085252,0.7556395689760138,3.4278350515463956
2025-10-27,1.951871165689673,1.8925739674192863,1.9298651066878745,1.4745592426139225,0.7558894152127065,3.4683066244768845
2025-10-28,1.9431667167902462,1.8850831246271822,1.9214033723599715,1.4702454277742405,0.7571417872938557,3.4774931101357596
2025-10-29,1.9308228978220734,1.869123734562291,1.9035956468521857,1.4665213553493432,0.7587697843021106,3.47917729917322
2025-10-30,1.9242627631556373,1.8642687503346553,1.8963843083217264,1.4627202221626245,0.7586426703278875,3.4409002755945735
2025-10-31,1.9260723834052331,1.8652703430189816,1.8969205461174083,1.4667299551903148,0.7611049361636488,3.4521792385424144
2025-11-03,1.9259520832858839,1.8645924698188876,1.8949852690796185,1.4691543615773235,0.7624842609935165,3.458660814535066
2025-11-04,1.9143256017847785,1.8573549955609865,1.887148475985883,1.4507607278789112,0.7526210905312494,3.4176788812901946
2025-11-05,1.9188811925119003,1.856578730964197,1.8879776526392518,1.4582548118899679,0.7570916580026227,3.4295192405838564
2025-11-06,1.9138145051236097,1.858455700861425,1.8879006529489433,1.4489511789467646,0.7524942750446906,3.3927222619169175
2025-11-07,1.9234525841443328,1.8666294120284215,1.8973408532426745,1.4526028735952654,0.7486046733161416,3.3960906399918382
2025-11-10,1.938753084256714,1.8780978333154108,1.9097986912034977,1.4722501058914428,0.7589387137841449,3.449066040624685
2025-11-11,1.9501168566275944,1.8904532639746225,1.9232889918128107,1.471878267852508,0.7523122047071202,3.4569766254976053
2025-11-12,1.9519174944888416,1.890585543906809,1.9238315876647427,1.4770318110737033,0.7534186773230547,3.4588649586608184
2025-11-13,1.933348659663892,1.8741845878613175,1.9044917998666506,1.4597341876343406,0.7418187381833381,3.401500459324287
2025-11-14,1.9297035054499285,1.8704824669716331,1.9005823425233879,1.456633181751076,0.739897151513382,3.400939062978467
2025-11-17,1.9154261464528874,1.8612339293355187,1.8888738750035656,1.4493538331819569,0.7391404473345228,3.3692456874553476
2025-11-18,1.913069604509631,1.8628647778498324,1.8884850183920976,1.441523236893857,0.731335120793614,3.3409717260385876
2025-11-19,1.908752222038972,1.8578514640803199,1.8837642818794238,1.4425820458409202,0.7339063881906913,3.3538328059610127
2025-11-20,1.893769046009065,1.850482807782946,1.8733577818691338,1.4281802717665715,0.7275124005590958,3.302745738491379
2025-11-21,1.909785917493782,1.864529672289967,1.8913701888328194,1.4322601357011369,0.725360269067372,3.335612942737577
2025-11-24,1.920240900094703,1.8736260179871966,1.901436361164295,1.44478912097507,0.7344474834961104,3.384709604981121
2025-11-25,1.9336461058044236,1.8849816160034827,1.9162730190816863,1.4480629789729549,0.7296313281121507,3.4165560885985546
2025-11-26,1.9475275144525657,1.8970231467783034,1.9299030602793465,1.4586295582313984,0.7344091129884438,3.4401347351230003
2025-11-28,1.9565550631528288,1.9036781493221187,1.9367638214695158,1.4663763500273503,0.7365995278509251,3.4589159946922563
2025-12-01,1.94642593673174,1.891610525768411,1.9222680143109228,1.4592580832627262,0.7350106313338477,3.443145860977854
2025-12-02,1.9430068285562525,1.8897006477058949,1.9205823152881139,1.4551868556836522,0.7381564404193877,3.4495253649076285
2025-12-03,1.9526455776703855,1.8984125597686894,1.9306174444967923,1.4546117433498558,0.7349951303838654,3.4614677962641665
2025-12-04,1.9507962574183946,1.8944404015170069,1.9267726817215989,1.4512380847358721,0.734639743088232,3.463968561804638
2025-12-05,1.9499479430104267,1.8924075615664975,1.9244752011858948,1.4487233495162113,0.7345251295352236,3.4705522098601644
2025-12-08,1.9374614576305824,1.8805744165964835,1.9111273245203617,1.4388998740139611,0.7346166996566973,3.460140859446773
2025-12-09,1.9354312825371962,1.878102420483583,1.9077827167276038,1.4381649074662766,0.7332256171948762,3.457180769623357
2025-12-10,1.9523999578829896,1.894361679391454,1.926843293040936,1.4474995006156828,0.7341771588463641,3.480095947739107
2025-12-11,1.9614845040493312,1.9007598040089397,1.9348735205673364,1.4553680467983703,0.734250015293326,3.488159640706342
2025-12-12,1.953018630011563,1.8924158289455593,1.9253884037010756,1.4501320167028608,0.7287588515330772,3.4506991936307068
2025-12-15,1.9558830867032386,1.8957953086669417,1.929698521015196,1.4487760079687042,0.7272241434207508,3.4454424823925724
2025-12-16,1.9465592279416657,1.8908084093380624,1.92357594124439,1.4462853900251362,0.7264862588509643,3.4360518526079447
2025-12-17,1.9440846130556917,1.8908115541522492,1.921210873661934,1.440468493271988,0.7236873913184145,3.398234153312242
2025-12-18,1.9491543385851304,1.8961613584054804,1.9283558718865481,1.448628748139491,0.728045152768709,3.423905277125654
2025-12-19,1.953460507682221,1.8971550911207455,1.9298020013363015,1.4570274500555165,0.7346216254016683,3.4549351842400773
2025-12-22,1.9663381334097103,1.9059728964422726,1.939489993139223,1.47026338101371,0.7405788135973078,3.476472389506995
2025-12-23,1.9721310750162235,1.9106100697220976,1.944086578848915,1.477228995908441,0.7453663351185728,3.492344595284274
2025-12-24,1.9783063905023368,1.9176441765476975,1.9526504367751767,1.4793490103878777,0.7461440243005925,3.5046442788608796
2025-12-26,1.9807003522936393,1.9210023056154844,1.955437394549595,1.4831954333917228,0.7482198697969521,3.504287026640812
2025-12-29,1.9723800673496967,1.9153540559886923,1.9507968825262723,1.4668603501083284,0.7417220144705102,3.491783198938454
2025-12-30,1.97317652288389,1.916383446697649,1.9515753703193837,1.4662218860021048,0.7397037893595096,3.4875472083290844
2025-12-31,1.9588615143398571,1.903107927247417,1.936857698714338,1.4572791879992675,0.7380569470014455,3.4616719403899188
2026-01-02,1.972489498437999,1.9125193695019858,1.9487441044464848,1.4647290666948223,0.7428491038263664,3.4680514443196935
2026-01-05,1.9913017703751696,1.9284274521487554,1.9657614445610219,1.4756239038652263,0.7471100199906082,3.491119730529758
2026-01-06,2.001363769057443,1.9346163476182119,1.9741697385651908,1.4900054653611565,0.7554351764894087,3.5118913953251036
2026-01-07,1.9865199876493784,1.924599919442512,1.962072976422871,1.4829662948236793,0.7565182823313942,3.500561396345824
2026-01-08,1.9982946157031265,1.9316409792921552,1.9702373153428585,1.480609784945776,0.7470444148110639,3.500204144125757
2026-01-09,2.011226504848159,1.941149436593306,1.9818338119455348,1.4933741219625898,0.7487733118008646,3.5233745023986973
2026-01-12,2.0192387113080987,1.9472915114555858,1.98814359559943,1.504516343630432,0.7537940089221761,3.5288863937940227
2026-01-13,2.021437669139539,1.95100079881978,1.9911900739275354,1.4933203199050358,0.7455231982696908,3.521843421455552
2026-01-14,2.0293458868599843,1.9593207159821229,1.999876198720039,1.4963092888176588,0.7423612021929211,3.5045422067980034
2026-01-15,2.0314964515887506,1.957827742942141,2.000237501401758,1.4958271246791364,0.7433256895204252,3.514085944676946
2026-01-16,2.0287389377458824,1.9531185929375758,1.9961704534048552,1.4910093749898163,0.7417072231562959,3.5111258548535313
2026-01-20,2.011628371705455,1.942070621230849,1.9787294714450092,1.4874414692207953,0.740709671160139,3.439675410840058
2026-01-21,2.036720458002198,1.9612573698978584,2.0012957139063072,1.5022959453050664,0.7437792499694716,3.479381443298973
2026-01-22,2.0423510488535435,1.9647433151790834,2.0049936836363553,1.5126521203506478,0.7502543557742564,3.497550270490971
2026-01-23,2.048556425279852,1.9716932893432557,2.0108462059889085,1.5189664825339066,0.7500697179129515,3.4987751352454874
2026-01-26,2.055135615295934,1.9781971396567632,2.017321720725009,1.526133688687671,0.7535267864665244,3.516586710217418
2026-01-27,2.0663709748194803,1.9861183608533348,2.025145326798868,1.5459716616500074,0.762337642320383,3.530570582831483
2026-01-28,2.0682324359497106,1.9877386026460968,2.023645680567207,1.556625099499522,0.7654789074534329,3.530213330611416
2026-01-29,2.073410172996116,1.992687728095738,2.0290573900381443,1.5584014221918254,0.7640934007142635,3.523221394304383
2026-01-30,2.04948516910671,1.9755059365592993,2.0144913245376124,1.5182931261427484,0.7420128613818678,3.5127079718281142
2026-02-02,2.0428888954735998,1.9679601037853882,2.009866357939081,1.512058286837404,0.7443564620777829,3.5301622945799775
2026-02-03,2.0607764876150636,1.9809957674969594,2.021377721023836,1.5258800602925633,0.746032656328411,3.5003062161886334
2026-02-04,2.0663939870460215,1.9852531909147826,2.026314213979517,1.5159038728621692,0.7399230840782833,3.483362253751152
2026-02-05,2.04722724774064,1.9801256274020869,2.0188714851825322,1.4999422221450416,0.733750010869853,3.4398795549658097
2026-02-06,2.0827087746451163,2.002037632856448,2.0461812989603043,1.5294828228642525,0.7456191329590965,3.505869143615396
2026-02-09,2.0926690420637555,2.007845994348589,2.0531817958422787,1.5436183787484983,0.7510667419506378,3.522762070021438
2026-02-10,2.0971637023080567,2.013729368071298,2.060639645186228,1.5390739756360592,0.7454552415320534,3.5134735122996865
2026-02-11,2.107963255153857,2.017625563022484,2.06572057727399,1.545783528611782,0.7501781950944779,3.5126569357966755
2026-02-12,2.0904661942354705,2.014111663202575,2.060314429833942,1.5278978539397265,0.7393735491137586,3.4584056343778737
2026-02-13,2.1070027392914765,2.029469914718007,2.07742232348223,1.5385457674154115,0.7416434516898167,3.4608043278554694
2026-02-17,2.098834754048966,2.023270908011489,2.0722755739295597,1.530263291993401,0.7363878701819832,3.466418291313671
2026-02-18,2.1079722304652857,2.0265163615405344,2.075505289983424,1.5401990207794904,0.7418699345990449,3.483872614065534
2026-02-19,2.1083458034365834,2.0275478487161176,2.076212189183559,1.5403890345156708,0.7407611752786226,3.474686128406659
2026-02-20,2.1199488718322734,2.034345796771654,2.084774683156373,1.5532160327953666,0.7454490594809718,3.499795855874251
2026-02-23,2.116863623893775,2.03674836961588,2.0839669488456094,1.554216779282792,0.7503147160957185,3.464070633867514
2026-02-24,2.126412878663358,2.0424171202116095,2.0916309244399445,1.5617381904498322,0.7536352899078008,3.489231397366544
2026-02-25,2.130827628222056,2.0441382083158794,2.094524088171446,1.5634294882048732,0.7544315820885005,3.5186791875063834
2026-02-26,2.1322374490566696,2.0466873901456286,2.0968254632601324,1.5669306862241994,0.7560032586730117,3.499132387465554
2026-02-27,2.140853032283521,2.056763538024324,2.1059749695898655,1.572197909317134,0.7592631947231089,3.482341533122388
2026-03-02,2.136847200480885,2.047362130248578,2.0949534269340804,1.5729166490928221,0.7602538455820007,3.4843319383484777
2026-03-03,2.1043820362355925,2.0282116052137975,2.070469619364421,1.5341342580823047,0.7376746456405643,3.453608247422684
2026-03-04,2.1142313492898412,2.0325363514587735,2.077080136677711,1.5424894224526329,0.7414982856686891,3.4780034704501412
2026-03-05,2.0938761255536735,2.016782924951566,2.0559409777996507,1.5275315944448278,0.7323589230039003,3.4586097785036265
2026-03-06,2.084623956859282,2.0126030944801285,2.0458637754192117,1.5247624333342555,0.7275850740146116,3.413238746555071
2026-03-09,2.093687044363166,2.021662743442965,2.058614433058634,1.5298669541144554,0.7325208472764235,3.4431458609778534
2026-03-10,2.089374812874985,2.0151135168854695,2.049779673082344,1.5294115596906497,0.7306822995318084,3.437633969582529
2026-03-11,2.0853033580027693,2.0070369965238046,2.0389751856876766,1.533702642816958,0.7329571095061768,3.433295906910282
2026-03-12,2.0649212710413964,1.9917673406434755,2.017374080979315,1.5151388844904476,0.7224239924151961,3.381188118811884
2026-03-13,2.058431342854075,1.9877040143852593,2.012080536135464,1.5104260374537017,0.7217478072473015,3.362049607022561
2026-03-16,2.074844639739542,2.0014337750130395,2.0303948955066233,1.5218775808603702,0.7274945956711197,3.396243748086152
2026-03-17,2.0827249754448727,2.0102974838196075,2.0395192571805643,1.5230702966333658,0.7250655263392448,3.405175053587836
2026-03-18,2.055119812436367,1.9883403677451634,2.011422650470541,1.5014092423369698,0.7140641131284878,3.3576605083188755
2026-03-19,2.0459969173485977,1.9830063309318475,2.0075840580377267,1.4890409979645651,0.7080909364177298,3.349392671225888
2026-03-20,2.008626004295909,1.9478515006569699,1.9653774211125796,1.4714413156931336,0.7032508879292559,3.3015208737368607
2026-03-23,2.022905993604685,1.957958172313625,1.9848991325946213,1.4772489952651187,0.7041499607317961,3.3362253751148336
2026-03-24,2.0250828771093206,1.9579781046494342,1.981977616041426,1.478838718667766,0.7059536433385598,3.3249974481984306
2026-03-25,2.0410638325231623,1.9726471448412939,1.9992456790467494,1.491165556707766,0.7102019472660773,3.343523527610495
2026-03-26,2.0184309432125325,1.952100928055977,1.9735848997078282,1.476504103340264,0.703984058247543,3.2838113708278063
2026-03-27,2.0127961068918294,1.9527316059857085,1.9676843629800258,1.4843820244655719,0.711977642951958,3.2278248443401063
2026-03-30,2.0146560435398335,1.9623167399408303,1.975962827070816,1.4760987645142725,0.7039162155639378,3.217056241706647
2026-03-31,2.047638251229339,1.9862726601325607,2.0069388846769245,1.50481697873869,0.7157632013947476,3.310554251301421
2026-04-01,2.053996727958855,1.9867002327223295,2.012275701526953,1.5034134709594444,0.7145922740598254,3.3355108706746988
2026-04-02,2.055609894334757,1.996894652078799,2.0179521713744264,1.5044515775918732,0.7129509139958763,3.3385219965295523
2026-04-06,2.0606512858036634,1.9998493935247097,2.0203973637587045,1.5117562095802881,0.7150036043721376,3.354292130243955
2026-04-07,2.0603841523134148,2.0000476214565692,2.020926352092133,1.5153406706004162,0.7168445265491317,3.355772175155663
2026-04-08,2.0934085796752906,2.0208847061525947,2.0537466581359767,1.506356930383948,0.7126896725170141,3.4412064917832024
2026-04-09,2.098944157697797,2.025836278996623,2.0589360581845355,1.50863009931699,0.7138743959324035,3.4610595080126605
2026-04-10,2.09260180038144,2.0151406973352017,2.0500280311473755,1.5035697684045752,0.7126107423692577,3.458762886597942
2026-04-13,2.1032978418673625,2.0286256438099413,2.0614832857612173,1.5093025163074953,0.7131561231169121,3.492599775441465
2026-04-14,2.1155074846975483,2.037174117996898,2.0742427523090226,1.5089928432980408,0.7113474506583904,3.53516382566092
2026-04-15,2.111552338670647,2.0328607235922798,2.068951302823543,1.5028896004794234,0.7054108467621726,3.5630294988261744
2026-04-16,2.115107736113076,2.0355487872761904,2.0687387934366184,1.5096295917026397,0.7092037812734431,3.571807696233544
2026-04-17,2.13085018721139,2.044719572286295,2.0890765369337765,1.5029725769159452,0.7044386467599288,3.614984178830257
2026-04-20,2.129046261294133,2.04542857043545,2.086490917475306,1.5052089225150271,0.7041529216405411,3.607737062366033
2026-04-21,2.1111602535073692,2.034170429707475,2.066328111780638,1.5060820308427794,0.7023715540370129,3.5841073798101486
2026-04-22,2.121279581763048,2.0452271117805383,2.074501027886912,1.5166970126100616,0.7070972933799227,3.6203939981627054
2026-04-23,2.123550330554312,2.0511090034783774,2.0763308006431087,1.524257343988072,0.7100105401590412,3.6063590895172015
2026-04-24,2.1289523456356063,2.0550834896403165,2.0814438625983613,1.5309946431556123,0.7135528104506544,3.6343268347453326
2026-04-27,2.123928642753134,2.051321619176779,2.0752891455537075,1.5285337806590702,0.7131430070687377,3.6405532305807924
2026-04-28,2.1203860830299073,2.053352886607117,2.0729668062879227,1.524667538155537,0.7099463038224427,3.6228437276717385
2026-04-29,2.115453544824044,2.0523183029648213,2.0619369327205517,1.5283145848519566,0.7110288028491807,3.622282331325918
2026-04-30,2.1438060125699274,2.0757176709622382,2.08796972479367,1.543655235325445,0.7174721681059335,3.658313769521284
2026-05-01,2.139590262242424,2.070214431823749,2.085600626094176,1.5352857365704629,0.7148164460338053,3.668469939777485
2026-05-04,2.1282018677893544,2.063068954428864,2.0713100200388106,1.5289122126017567,0.7125669186393604,3.6550474635092396
2026-05-05,2.1434993296279528,2.074092884521606,2.0854767070129814,1.5403575795104687,0.7177141563851545,3.684342145554764
2026-05-06,2.160852410509161,2.0765877031084354,2.1038851497373563,1.534882070780286,0.7154243798087726,3.7355312850872746
2026-05-07,2.1428141593482612,2.059382846914725,2.0848133549227774,1.523954282191722,0.7090339941058988,3.724099214045119
2026-05-08,2.1515718045394525,2.067780825472429,2.094464330071723,1.520792481266984,0.7083817710727572,3.75487394100235
2026-05-11,2.159792971416997,2.0774301617756223,2.0954981227842477,1.5449534391891566,0.7217299778831986,3.7633969582525286
2026-05-12,2.157445783143155,2.0809227208380703,2.091770227926666,1.5437013322840134,0.7187857413767773,3.757680922731451
2026-05-13,2.1571381113027828,2.0775019610152237,2.091193786851198,1.5439009906613206,0.7197142698947642,3.7787077676839873
2026-05-14,2.1585603021579454,2.0773129932520615,2.0913623360392712,1.5451309486106641,0.7192881192295153,3.8085638460753315
2026-05-15,2.1284558004565977,2.0531965973137236,2.0603491256344486,1.528628110124145,0.7114769253399791,3.762733489843832
2026-05-18,2.1363812103874555,2.0639793121081103,2.0678664913291196,1.529231110829783,0.7088981663686739,3.760079616209046
2026-05-19,2.126591164773757,2.057793367612367,2.056738175204088,1.5228672129394023,0.7056680011754463,3.735071960804331
2026-05-20,2.1434715815001693,2.0671640289346094,2.0779206153207155,1.5290230779736398,0.7080274172506544,3.7733489843829773
2026-05-21,2.147902568340199,2.067867933238376,2.082299494627114,1.530961705289626,0.7099163462733256,3.7808002449729536
2026-05-22,2.154553225799197,2.0735845020603074,2.089029842050532,1.5293222007423741,0.7094554599156065,3.795651730121469
2026-05-26,2.162567126329123,2.073131726433415,2.0987997576987594,1.5267735252787316,0.712641080820958,3.820863529651937
2026-05-27,2.1583554616604474,2.065658813367639,2.0973930283951057,1.5127926871753248,0.70716677220117,3.8202000612432405
2026-05-28,2.1644423089774545,2.073569288928991,2.103876600903892,1.5208969679943458,0.7093949683490043,3.8412779422272156
2026-05-29,2.159680632013503,2.0668053108321818,2.1001147881915285,1.5197935687992659,0.7093698357661306,3.850872716137596
2026-06-01,2.1540959069116954,2.065759039429487,2.0913770319179528,1.539585664354954,0.7195457344368216,3.8613351025824265
2026-06-02,2.164811665301208,2.0747702731408078,2.0993175834571813,1.552162363270634,0.7264800657653997,3.8665918138205604
2026-06-03,2.1584249344497124,2.071147658790423,2.091784201182681,1.5528290933261624,0.7277090968397697,3.8394406450954404
2026-06-04,2.1694333921287083,2.079537631183496,2.105146408968567,1.5465496120452908,0.7228371956556988,3.853985914055326
2026-06-05,2.132021136116062,2.046977943725068,2.0758921933581598,1.4995430234002398,0.7014030628403024,3.754516688782283
2026-06-08,2.132616807382627,2.0474387741793763,2.0735977567326986,1.511666514464801,0.7080484686562174,3.762988670001024
2026-06-09,2.139266364717293,2.0535284452101705,2.085330524757917,1.4996703064796402,0.7010349172577509,3.7519648872103732
2026-06-10,2.117759014930989,2.0441211997538056,2.0695835545110306,1.4917085202470894,0.6964684722855767,3.6928141267735053
2026-06-11,2.15087994621833,2.066230519610923,2.1019581955716973,1.5079739432408212,0.7027072026387565,3.755537409411047
2026-06-12,2.1606283401738597,2.07149153932068,2.1089785899160125,1.5103575489580603,0.7024842775046688,3.775849749923449
2026-06-15,2.1721023570871485,2.0699721418725283,2.1164286394685004,1.5144954450311074,0.704740736063815,3.8424517709502943
2026-06-16,2.1709603683090597,2.0697836578522026,2.1195747840850974,1.5033000713865312,0.6975574751635979,3.8195365928345444
2026-06-17,2.1463967896873677,2.040690915075894,2.092096956975029,1.492487770948503,0.6904924847610605,3.7718689394712697
2026-06-18,2.1546095789089623,2.045698884284753,2.1015401900917166,1.4957527822150216,0.6943070900953261,3.8110646116158042
2026-06-22,2.1558152535075705,2.0427835468879927,2.0988157613919496,1.501917540356279,0.6991753919924293,3.7990711442278284
2026-06-23,2.1395179147412193,2.03814149841007,2.09277402137421,1.4837344564395765,0.6916037209818875,3.7439011942431395
2026-06-24,2.139529196447445,2.038345622647622,2.1010539192857647,1.471736873050229,0.6835549284574556,3.742165969174241
2026-06-25,2.152429490986923,2.05201801597552,2.111039423123972,1.4828282482906854,0.6887036659514187,3.7475757885066887
2026-06-26,2.154200079543573,2.055071675687581,2.1169630411772493,1.4725053130590247,0.6848234610749994,3.720475655813007
2026-06-29,2.158034066353491,2.0575603733256735,2.1205062522035933,1.4773844104511988,0.6866990371020424,3.7817699295702796
2026-06-30,2.1543421424167737,2.04537979674196,2.109253034568553,1.486348384080002,0.6923800332265784,3.811217719710118
2026-07-01,2.146438382269,2.037843604567029,2.103166564719857,1.4738003039442418,0.6852978319700648,3.80606308053486
2026-07-02,2.162744049399444,2.0578258982456235,2.121533059847114,1.4674696301414094,0.6834130533167825,3.801061549453917
2026-07-06,2.1719808254469775,2.0659413856338875,2.1275402291989116,1.4814239450092617,0.6877854141715747,3.834234969888744
2026-07-07,2.1654937329607438,2.065726095466082,2.118245185435314,1.4780589127085138,0.6899223890370396,3.8160151066653083
2026-07-08,2.153940980919396,2.0596155214552385,2.10476781971395,1.4844968864201755,0.6959200340234359,3.804225783403085
2026-07-09,2.159594744373466,2.0601906126127196,2.1101870227375366,1.4888108312672368,0.696371812551145,3.836429519240586
2026-07-10,2.164736204673469,2.063543304537564,2.112988157450953,1.491239798185626,0.697390245209117,3.8529651934265616
