date,equal_weight,erc,inverse_vol,mvo,mvo_ls
2017-01-04,0.0,0.0,0.0,0.0,0.0
2017-01-05,0.0,0.0,0.0,-7.570987422544917e-05,-0.005799989515364423
2017-01-06,-0.0002659854041590082,-0.001125528389318009,-0.0008899225789332776,0.0,-0.0002962917811588639
2017-01-09,-0.002984952923481221,-0.0012632776105310217,-0.0014305667275051892,-0.012137335552034334,-0.014582526098591564
2017-01-10,-0.003419550124840409,-0.0015215525915908135,-0.0017439099534580782,-0.015495667836501248,-0.01990413676579217
2017-01-11,0.0,0.0,0.0,-0.006475876102805644,-0.010718908159542129
2017-01-12,0.0,0.0,0.0,-0.004097428283427518,-0.00917652559594917
2017-01-13,0.0,-0.0002554049811993586,-0.00018303302808109212,-0.004669715161936261,-0.009549001400104395
2017-01-17,0.0,0.0,0.0,-0.004391355028034005,-0.013816074999593808
2017-01-18,-0.0018459172243515676,-0.002052828449231714,-0.0018405564507080197,-0.001211260886491039,-0.005393658282571656
2017-01-19,-0.005455510470927294,-0.00413821196218378,-0.004126130583060661,-0.0029426441783784174,-0.0055422809240862625
2017-01-20,-0.002148085685487855,-0.0024087433384971657,-0.0021341268154551063,0.0,-0.002646684522826681
2017-01-23,-0.0008677928598801454,-0.0009356748100010082,-0.0006075118114424738,-0.002146091467390976,-0.005290100763505334
2017-01-24,0.0,-0.00020098423459968817,0.0,0.0,0.0
2017-01-25,0.0,0.0,0.0,0.0,0.0
2017-01-26,-0.0007344913352558269,-0.0001944957475922271,-0.0002886286770300561,0.0,0.0
2017-01-27,-0.002040750501905886,-0.00026640454603599206,-0.0005246111803602904,-0.004053213188032867,-0.004505949475326787
2017-01-30,-0.006582249684059183,-0.0022146726277990636,-0.002817221205755116,-0.014148058579465772,-0.012869144195235216
2017-01-31,-0.004015977831892115,-0.00046707608095053477,-0.0012019198331670866,-0.01322591032417686,-0.017191188126599366
2017-02-01,-0.004999900418915071,-0.0010972658005036218,-0.0018674146353861998,-0.011705983059124625,-0.015013522475565866
2017-02-02,-0.003118338760814021,-0.0001610147883850388,-0.000732099983565937,-0.01093605378371898,-0.015209076000094135
2017-02-03,0.0,0.0,0.0,-0.002555867057688732,-0.00939143989365998
2017-02-06,-0.0006899081628367609,0.0,0.0,-0.005132237049302546,-0.01556157547864434
2017-02-07,-0.0015315481458206825,-0.00014048425961687983,-0.00016064505609514335,-0.010800154815179708,-0.02278643979132733
2017-02-08,0.0,0.0,0.0,-0.007484734063159193,-0.02335280818008234
2017-02-09,0.0,-0.0003411008699987228,-8.160932223066908e-05,-0.003068451117152926,-0.01387091225166559
2017-02-10,0.0,0.0,0.0,0.0,-0.007882256663120812
2017-02-13,0.0,0.0,0.0,0.0,-0.0031005502476346702
2017-02-14,0.0,-0.00020464725581204046,-0.0002529227817890112,0.0,-0.002496573456996387
2017-02-15,0.0,0.0,0.0,0.0,-0.0048594570968181205
2017-02-16,0.0,0.0,0.0,-0.004197620733834451,-0.008739549033708327
2017-02-17,0.0,0.0,0.0,-0.005691028953805355,-0.010089489750700231
2017-02-21,0.0,0.0,0.0,-0.002145020411334242,-0.008514699198967413
2017-02-22,-0.000529948619392373,0.0,0.0,-0.007421830911767957,-0.013790206241023006
2017-02-23,0.0,0.0,0.0,-0.00704586783444805,-0.01779669521192684
2017-02-24,0.0,0.0,0.0,-0.008806692052183762,-0.030317599807451856
2017-02-27,-0.00023785990005775748,-0.0007578670161159096,-0.0007103403912547268,-0.008785331006459063,-0.026461559865155748
2017-02-28,-0.0014228114027272643,-0.0014257483249132674,-0.0015840875667818555,-0.0111731617760229,-0.03185099562426008
2017-03-01,0.0,0.0,0.0,0.0,-0.009061495238814943
2017-03-02,-0.006362515914876021,-0.003740821155340135,-0.0037816107319167402,-0.013471342566382716,-0.017168790711663773
2017-03-03,-0.0052941174552599835,-0.0030300295040857073,-0.0030992154044204856,-0.010124955352361242,-0.0165708147864847
2017-03-06,-0.00807377177950186,-0.004479369713935477,-0.004681677560768649,-0.012251646436233887,-0.01620516312415199
2017-03-07,-0.011659245527797624,-0.006797885957143146,-0.007169463636987117,-0.016239315499927964,-0.019431678822820375
2017-03-08,-0.017699663519485154,-0.010146273288312635,-0.010738599375273439,-0.02394497907929649,-0.028739405794506956
2017-03-09,-0.020036786102453852,-0.011636465193813006,-0.012384659713100543,-0.025847039094355484,-0.03282727482307091
2017-03-10,-0.017492656814198315,-0.010057955508806504,-0.010531500133265648,-0.025877883477197994,-0.035027092464859466
2017-03-13,-0.016508811516580568,-0.010358318675815936,-0.010545661812495721,-0.02603516557301644,-0.03427816916663429
2017-03-14,-0.01961459150674305,-0.011690164845073348,-0.012144037747610414,-0.032553517231386,-0.039229773606909824
2017-03-15,-0.007890671882615496,-0.004580273567961424,-0.004289628570393611,-0.020747924968547937,-0.03284717992032349
2017-03-16,-0.009726240884680437,-0.0060986986151223554,-0.005774697253455918,-0.023373036942809677,-0.03639612522721869
2017-03-17,-0.008478255775220211,-0.005107889520271858,-0.004634932841567019,-0.01980606136016383,-0.036096691604533215
2017-03-20,-0.008180433081138472,-0.00459802096524542,-0.0040646512332945806,-0.021249824951569463,-0.03810246745231738
2017-03-21,-0.013315925000118689,-0.006765527733867849,-0.006517990706270793,-0.03671598793965836,-0.057566738600834944
2017-03-22,-0.011718152534825443,-0.005692119066738721,-0.005313186691981997,-0.03446975528044327,-0.05688371311145313
2017-03-23,-0.011881766473461841,-0.005930637288225626,-0.005481832959955302,-0.034488549514280264,-0.05734807081639581
2017-03-24,-0.011595374670830494,-0.005609999785293862,-0.0051525592055949865,-0.03552605510498885,-0.060252866227542
2017-03-27,-0.012013854583831418,-0.005233332302110871,-0.004917933003198316,-0.03697767773306959,-0.0649924491715842
2017-03-28,-0.008181933514925577,-0.0038968085945164654,-0.003247794470853327,-0.026707903892615348,-0.052402147293030055
2017-03-29,-0.0056509659614176755,-0.002115712688434801,-0.0013523370662705814,-0.023122884053386472,-0.0492638740865442
2017-03-30,-0.005936279512482656,-0.0025040850681958826,-0.0017445505861009014,-0.023906468150248883,-0.050211231392252254
2017-03-31,-0.006655183271226273,-0.00261283117721145,-0.0018979024704738334,-0.027096850383834026,-0.05404106149568977
2017-04-03,-0.005920458675120699,-0.0014392443527828647,-0.0008757805731317569,-0.02637958020244313,-0.056070475364131456
2017-04-04,-0.004887443428955751,-0.0012727357522720473,-0.0006305440153866471,-0.024807099752921502,-0.05446487279372647
2017-04-05,-0.005965169200949694,-0.0016798558878210468,-0.001116753082267996,-0.029437273424487986,-0.058482832656602146
2017-04-06,-0.004545911380521517,-0.0009663686862677601,-0.0003469660708810274,-0.028034304397019927,-0.058188357412856995
2017-04-07,-0.005468467025443791,-0.0021339526905777007,-0.0014243280089064614,-0.029189658028256016,-0.05878726415457103
2017-04-10,-0.0038653785727846834,-0.0008780755183017686,-0.00016712632852722287,-0.029804880137484613,-0.06430938974420719
2017-04-11,-0.0020994522386345027,0.0,0.0,-0.031640924109016755,-0.07016190393717625
2017-04-12,-0.002770038901158789,0.0,0.0,-0.036629227888328786,-0.0768787624568078
2017-04-13,-0.006325049878478595,-0.0012691840948890754,-0.0015484695204341925,-0.0442895139155165,-0.08664955972391553
2017-04-17,-0.0016631587197100117,0.0,0.0,-0.034319260369966464,-0.07686535914254022
2017-04-18,-0.0025231600693838008,0.0,0.0,-0.03776149633086778,-0.0878922639739127
2017-04-19,-0.006405992267869531,-0.0024204459552985558,-0.0023353492259782227,-0.041030360059505666,-0.08870255822564876
2017-04-20,-0.0022610165192097353,-0.0005481367108193247,-0.0002043362419045236,-0.03177463797778557,-0.07806842658412017
2017-04-21,-0.003945729398202147,-0.0013182315289406166,-0.0008953219432908943,-0.03224399276798029,-0.07538222010297169
2017-04-24,0.0,0.0,0.0,-0.023177279252135752,-0.06603991214496374
2017-04-25,0.0,0.0,0.0,-0.019142985837021675,-0.061684731177947816
2017-04-26,-0.0005732077170008676,0.0,0.0,-0.02147659050166595,-0.06542600187147574
2017-04-27,-0.001345926795356056,-0.00011651356258979284,-1.7178868959244475e-05,-0.0204678044467701,-0.06088682330930095
2017-04-28,-0.0028477937155142463,-0.0004591493509462641,-0.00044048870805601936,-0.022691239727319124,-0.06107246340219252
2017-05-01,-0.003076828902054407,-0.0013130219394009712,-0.0010982544873322508,-0.022008345144882813,-0.05872445198089793
2017-05-02,-0.002526960584813609,-0.0007555210105146815,-0.00046983835281011466,-0.02014772501048212,-0.05711680218579129
2017-05-03,-0.005388811480011246,-0.0025761569457348754,-0.002446329178685147,-0.02360205346285993,-0.05864559098641531
2017-05-04,-0.0082476097627463,-0.004205558350796612,-0.004018242822382945,-0.023632060448348424,-0.058914457226463934
2017-05-05,-0.0030841987100338475,-0.0017079475855968917,-0.0010914844035284643,-0.01568449907478109,-0.04924794118674303
2017-05-08,-0.004909471803154708,-0.003078259088282742,-0.0023861896703595287,-0.015199187448020735,-0.048162121693183235
2017-05-09,-0.006415340162343797,-0.004110573931894623,-0.003316311164754393,-0.012449238149774833,-0.04382705538143783
2017-05-10,-0.003656375730500039,-0.00283988093549159,-0.0018460918115701386,-0.005448335269974569,-0.0383372514068423
2017-05-11,-0.004097003123663678,-0.0029210650963794604,-0.00196983853530186,-0.007244809620902126,-0.03953795452616238
2017-05-12,-0.003458539185480669,-0.0016730813134276934,-0.0008000945838794182,-0.007687253389722315,-0.0404455576514301
2017-05-15,0.0,0.0,0.0,-0.0030278920498888473,-0.0365120868090153
2017-05-16,-4.1788026814426615e-06,0.0,0.0,-0.0032162143171097224,-0.03717689592488338
2017-05-17,-0.005831506551608134,-0.001641442468270582,-0.0023837655593366147,-0.01924307261775171,-0.060854496817299264
2017-05-18,-0.005451384525713476,-0.0015102556117937427,-0.002187884131634399,-0.020299084474351248,-0.058796438244720584
2017-05-19,0.0,0.0,0.0,-0.008969022595352816,-0.0545108481589095
2017-05-22,0.0,0.0,0.0,-0.0036213321395138776,-0.05054386773053432
2017-05-23,-0.0001793223784308795,-0.0006759117961474548,-0.0005910558240244113,-0.003137097225122565,-0.04646365842699263
2017-05-24,0.0,0.0,0.0,0.0,-0.04462112349341474
2017-05-25,0.0,0.0,0.0,0.0,-0.03565993698164527
2017-05-26,0.0,0.0,0.0,0.0,-0.0347464901807345
2017-05-30,-0.0014371942209039368,-9.667920529188301e-05,-0.00012361091377854905,-0.0005752121622314421,-0.03485780455021792
2017-05-31,-0.0015777011871477287,0.0,0.0,-0.0021227024328747124,-0.03409505615327468
2017-06-01,0.0,0.0,0.0,0.0,-0.030599379767582313
2017-06-02,0.0,0.0,0.0,0.0,-0.02463477525227753
2017-06-05,-0.0018975628517816645,-0.0014680772021787858,-0.0015345044860429757,-0.002320299676293436,-0.025892348441391544
2017-06-06,-0.0016552860555105742,-0.0009326686079257351,-0.001305866158942015,-0.005038576642177217,-0.031162498036448327
2017-06-07,-0.002716310200151506,-0.001788633459631539,-0.0020792482117540922,-0.004747490742373461,-0.024556402443313807
2017-06-08,-0.003581661525382529,-0.002653546250223293,-0.003045973211069919,-0.003655567827048345,-0.026596730482797426
2017-06-09,-0.0023764948227262828,-0.002463879120418788,-0.0031275975682893975,-0.005628227095060612,-0.033753001649054815
2017-06-12,-0.0028936997640388595,-0.002745755552542195,-0.0033858026683245557,-0.009879124977220655,-0.03734719625699312
2017-06-13,0.0,-0.0009453481229890759,-0.001322447098576096,-0.003711930282478293,-0.034281897846886955
2017-06-14,-0.0005290185758355381,-0.0001324818266076333,-0.0006088662233694198,-0.0046884970848419805,-0.03205141413151946
2017-06-15,-0.0028493173012692496,-0.0015762331177363587,-0.0022669595529558606,-0.012110965965688059,-0.03666535878599664
2017-06-16,-0.0013072093922341654,-0.000750595416382005,-0.0015059955732604768,-0.010025345579178557,-0.03813436676311599
2017-06-19,0.0,0.0,-0.0002132939769502462,-0.001136688820006504,-0.027432075304283488
2017-06-20,-0.004314457908079827,-0.0017323505089323898,-0.0023444971826936944,-0.010158999050788986,-0.03549125680474596
2017-06-21,-0.006606739929683858,-0.0026235240511294222,-0.0034011706255284713,-0.01056160672956552,-0.03477017463288046
2017-06-22,-0.006196846263534006,-0.002194889290604074,-0.002970993752216655,-0.010015967198115816,-0.03546460898590298
2017-06-23,-0.00431346976921676,-0.0010831283594208152,-0.001644191779534121,-0.006664483672359833,-0.03381341983976016
2017-06-26,-0.0025878106924650535,-0.00023331676888349584,-0.0005947396753751555,-0.00411388312163119,-0.03128822605911419
2017-06-27,-0.007433037621929484,-0.0034133357970448364,-0.0041963562047829805,-0.010660640677674693,-0.042709765113267295
2017-06-28,-0.0027617301177145226,-0.00084154871633213,-0.0014301285478146575,-0.005784049996373941,-0.03721499544279139
2017-06-29,-0.009048837468222493,-0.00459880304438498,-0.005751018805901231,-0.016981765095196222,-0.052530560961558836
2017-06-30,-0.006862208180019147,-0.003618912107540506,-0.004700706944651745,-0.014343563835002349,-0.05574016485300193
2017-07-03,-0.004966391634155132,-0.003454143286995559,-0.0045713426962037396,-0.01348973214326532,-0.0653104452416502
2017-07-05,-0.006921822621715368,-0.004014069722332092,-0.005156400496136304,-0.011089920447807766,-0.0540995505345917
2017-07-06,-0.013116885758101215,-0.0072870609928609165,-0.0087079450144526,-0.01801181701168486,-0.059217563391577466
2017-07-07,-0.011871220318918851,-0.007074833798230706,-0.008188429255395313,-0.013194844675711526,-0.051948501193115115
2017-07-10,-0.010663649879313564,-0.006230204055587496,-0.0072892753987626735,-0.009041569789420834,-0.04979448662167074
2017-07-11,-0.009867678850081885,-0.005756732515847629,-0.006820808980113835,-0.006518503790721497,-0.04990417048850271
2017-07-12,-0.0034030638494012555,-0.002160872363092592,-0.0025905326359445535,0.0,-0.04198522987150555
2017-07-13,-0.0030348748266204595,-0.0023269673412305014,-0.002699211583466865,0.0,-0.03956623224495892
2017-07-14,0.0,0.0,0.0,0.0,-0.04101159046829417
2017-07-17,0.0,0.0,0.0,-0.0013060282257784106,-0.041922417989508354
2017-07-18,0.0,0.0,0.0,-0.000997186907548464,-0.04274082596429929
2017-07-19,0.0,0.0,0.0,0.0,-0.04327455084520926
2017-07-20,-1.3642131792668266e-05,0.0,0.0,-6.329912146674221e-05,-0.04308810244325334
2017-07-21,-0.0003448577098977834,0.0,0.0,-0.001780123450332849,-0.04159518584908295
2017-07-24,-0.0013560029127515083,-0.0006904459579333277,-0.0008186775710303795,-0.0019684428613686578,-0.04104574240639347
2017-07-25,-0.0004818880236516776,-0.0010750029835278063,-0.0012336541781583499,0.0,-0.03911836909269162
2017-07-26,0.0,0.0,0.0,0.0,-0.03834801090414519
2017-07-27,-0.00032607845937160373,-0.0005086081828113986,-0.00043093430634255636,-0.005546796568975831,-0.04513953895561962
2017-07-28,-0.00010774960664317046,0.0,-2.2681040545702302e-05,-0.004236735408898906,-0.045759773126540115
2017-07-31,0.0,0.0,0.0,-0.005615535739476374,-0.04901015161888822
2017-08-01,0.0,0.0,0.0,-0.004914150090294167,-0.04664916585195822
2017-08-02,-0.0002700892077601713,-0.0004049781229195082,-0.0004259610826934379,-0.0027859614880842987,-0.04159832773716454
2017-08-03,-0.0012107608318970842,-0.0003005119100758513,-0.0003995830118201926,-0.005115592797032442,-0.04313760712638781
2017-08-04,-0.0013415952928695907,-0.0010318054011813071,-0.0010634975700487548,-0.002278193003061091,-0.03757458249712442
2017-08-07,-0.00021935658785032786,-0.0002665398935960406,-0.00017127920112625095,0.0,-0.03393745512246704
2017-08-08,-0.00237986720547001,-0.0016295507623664829,-0.0017735444226552044,-0.004158111539672493,-0.037187199103129176
2017-08-09,-0.002185688029417876,-0.0011951624457581245,-0.0017802555970505285,-0.004471303216821099,-0.04539186692028907
2017-08-10,-0.01003655079597443,-0.004666276330039354,-0.005768300090806311,-0.021921177276202575,-0.06351580392562994
2017-08-11,-0.00970619072839507,-0.0037703736155646483,-0.004846154733257224,-0.020109979004445666,-0.061216680813716895
2017-08-14,-0.005317691606402275,-0.0023096358734556732,-0.002685449965104225,-0.00944749006264256,-0.04455268801441015
2017-08-15,-0.006633211461479549,-0.0034553328379135495,-0.0036962551066963556,-0.009411300550670965,-0.041199458589938676
2017-08-16,-0.0037807988042577456,-0.0016473333400600643,-0.0015870825891604046,-0.003687150916374171,-0.038511558408147684
2017-08-17,-0.011366098097443267,-0.004888247914982657,-0.005615031783699265,-0.01927836320673948,-0.05496759074981761
2017-08-18,-0.010745318077916677,-0.0045553997692794335,-0.005472849618415432,-0.020283879599362842,-0.051886870153385334
2017-08-21,-0.009717484043418212,-0.00397344241717712,-0.0045729440467179305,-0.01885569609780935,-0.051435894107452085
2017-08-22,-0.005012432895313612,-0.0020610579183800715,-0.0021963651658960526,-0.00844725715148742,-0.03996931727442765
2017-08-23,-0.004183673528621368,-0.0008736997723307605,-0.0012778367045854777,-0.011962253741052198,-0.048172559814774085
2017-08-24,-0.005907498840357017,-0.002415989380198713,-0.0028429685214232947,-0.014510895924369716,-0.04917829385141581
2017-08-25,-0.003178980547774435,-0.0007386805078571923,-0.0009636632009653034,-0.011251345147938907,-0.0483676021567776
2017-08-28,-0.003048808221490007,-0.00048414785374695235,-0.0008435589989606029,-0.011524906313726047,-0.04570738760232007
2017-08-29,-0.003002018888492719,-3.71605529592145e-05,-0.0004628615732624741,-0.010503164543124721,-0.044908924987098864
2017-08-30,-0.0011754552107368088,0.0,0.0,-0.007378246431358648,-0.042548563503112646
2017-08-31,0.0,0.0,0.0,-0.0028959457018996604,-0.037756310409231
2017-09-01,0.0,0.0,0.0,-0.0012870355131812117,-0.03975495029003473
2017-09-05,-0.0016401576185910427,0.0,0.0,-0.007716859415735855,-0.052596357288642204
2017-09-06,0.0,0.0,0.0,-0.00603429519654064,-0.054071137840852046
2017-09-07,0.0,0.0,0.0,-0.0013073261018489157,-0.0515207029442909
2017-09-08,-0.0017822150855688612,-0.0010636857847480252,-0.001275622492165951,-0.0026234894600122294,-0.04789895307986669
2017-09-11,0.0,0.0,0.0,0.0,-0.03449348909257688
2017-09-12,0.0,0.0,0.0,0.0,-0.0302316523678392
2017-09-13,-0.0006323465379295401,-0.0005738316766472629,-0.0006293211264476462,-0.0013586661338441663,-0.03495842763739965
2017-09-14,0.0,0.0,0.0,0.0,-0.03334272641658598
2017-09-15,0.0,0.0,0.0,0.0,-0.03124539524753578
2017-09-18,-0.0005201406230739281,-0.0009781060919407114,-0.0008641670584174088,-0.0011791840265675813,-0.03473367252030968
2017-09-19,-8.928900262017425e-05,-0.0007761792161420367,-0.0007038714361952136,0.0,-0.037162982395008703
2017-09-20,-0.0003383455077243802,-0.0013455787771290417,-0.0014673371817767178,-0.0033358630051929516,-0.04140998637312776
2017-09-21,-0.002286667466083414,-0.0025275989207113048,-0.0027846087159926203,-0.005846907611076979,-0.04503132243927144
2017-09-22,-0.002337354853410911,-0.0021808592167642527,-0.0026205141695360146,-0.009276950927836425,-0.04938367558520751
2017-09-25,-0.00027286533227854903,-6.829696251675621e-05,-0.0010318916338963868,-0.014747116230323098,-0.06100967683734648
2017-09-26,-0.0017115055631982123,-0.0010750152285421422,-0.001824198225668927,-0.01510285929206756,-0.06197728924686663
2017-09-27,-0.003639533422840846,-0.002661468080135343,-0.003403091898152577,-0.01109593305605494,-0.05725005929168969
2017-09-28,-0.002446541846968353,-0.0020720836740241166,-0.002679270512491949,-0.008846874465179844,-0.05519023675740009
2017-09-29,-0.0007102585766368685,-0.0014667772286162117,-0.0017479551556145445,-0.0037435992485876923,-0.05011538753083222
2017-10-02,0.0,-0.0006689869074069099,-0.0009027354026521772,-0.000866649062842173,-0.04448513372201124
2017-10-03,0.0,0.0,0.0,0.0,-0.038837037140923014
2017-10-04,0.0,0.0,0.0,0.0,-0.0384333711905096
2017-10-05,0.0,0.0,0.0,0.0,-0.035823042274184425
2017-10-06,-0.0023897201951370572,-0.0014318299353486275,-0.0015981427404475612,0.0,-0.032192837317606804
2017-10-09,-0.0022692685191849638,-0.0012644897758053997,-0.001505705564449733,-9.256749786556995e-05,-0.03187438148479682
2017-10-10,0.0,0.0,0.0,0.0,-0.02574611444168029
2017-10-11,0.0,0.0,0.0,0.0,-0.02611375770612212
2017-10-12,0.0,-1.862673632935241e-05,0.0,-0.0003777005646192766,-0.02576935171406647
2017-10-13,0.0,0.0,0.0,0.0,-0.02447427086746512
2017-10-16,-0.000433880169469103,-0.0006156747643368821,-0.000684685760519721,0.0,-0.024527811383502574
2017-10-17,-0.0006746422312214895,-0.0007536914466301781,-0.0006759219487127988,0.0,-0.02314066012885785
2017-10-18,-0.0015157681820135993,-0.0015509443037373671,-0.0014045367544771592,0.0,-0.019881166504264747
2017-10-19,-0.001217654553154368,-0.0008191361429596977,-0.000879850985145203,0.0,-0.01589066160072572
2017-10-20,-0.0001727174467133219,-0.0008546649813797602,-0.0008242277176518931,0.0,-0.006355534537359486
2017-10-23,-0.0021658752914172075,-0.0016351637548810416,-0.0019409718068182924,-0.004856828135243907,-0.010511805993988488
2017-10-24,-0.0018697103252757197,-0.0018462550839047909,-0.0022245558914605335,-0.001136644373944895,-0.006554121992551232
2017-10-25,-0.005302896041375127,-0.004004253979020156,-0.00458119453735395,-0.006233078025211669,-0.013365322860508844
2017-10-26,-0.005450022233416285,-0.004185767981803146,-0.004814401258506518,-0.006480224486603792,-0.016247690076649057
2017-10-27,-0.0010986327891919778,-0.0015075452469515138,-0.001859673547611962,0.0,-0.007268578490410071
2017-10-30,-0.0019280183954568653,-0.0014295616968720282,-0.002041952265197655,-0.007153667455268575,-0.017063474114307087
2017-10-31,-0.0008131206668626767,-0.0013762127568659466,-0.001626948259527472,-0.0074750000415318985,-0.01789513579641533
2017-11-01,0.0,-0.000309343391686534,-0.0005648019542375815,-0.005450052690316953,-0.019451677208162543
2017-11-02,0.0,0.0,0.0,-0.00449388935993944,-0.017760791161306133
2017-11-03,0.0,0.0,0.0,-0.0039218826401387075,-0.01818372814635194
2017-11-06,0.0,0.0,0.0,-0.004335393833103884,-0.024652999840252265
2017-11-07,-0.00021594345942732573,-0.000522165055455992,-0.00023282534501012364,-0.007270878322225949,-0.024504258809211255
2017-11-08,0.0,-0.00048503023302515214,-3.724521951009585e-05,-0.00640303082439575,-0.021533931984625165
2017-11-09,-0.002204063103562137,-0.0017989479949417353,-0.0017646500579748814,-0.014126356241566107,-0.03276543868891724
2017-11-10,-0.004600646449776424,-0.0038447999666879618,-0.0035388255467880825,-0.016107381144571442,-0.036282960675753206
2017-11-13,-0.0037263044985905713,-0.0032847082885186785,-0.0030572069434858795,-0.01538895432718057,-0.03381520864558485
2017-11-14,-0.005538080493731279,-0.0037798376931461597,-0.003895044909521528,-0.018323021523009242,-0.037505283876403395
2017-11-15,-0.00862035177490561,-0.004992480694604451,-0.005441094848683936,-0.023192640110803575,-0.04130876472762768
2017-11-16,-0.003793396538109839,-0.002716029522735419,-0.002184749029864874,-0.009837162080964856,-0.027593199870018403
2017-11-17,-0.0028881521938192156,-0.0021986585146572812,-0.0019641456512551336,-0.010118192996172004,-0.027471525654111928
2017-11-20,-0.0034847044747753353,-0.002842419498259474,-0.0024159968762468287,-0.007180177705318536,-0.02342716986354476
2017-11-21,0.0,-0.00031857309078220375,0.0,-0.0008927508214620072,-0.01451908670675206
2017-11-22,0.0,0.0,0.0,-0.0022788663164250433,-0.01833327225964121
2017-11-24,0.0,0.0,0.0,-0.00027843453253151296,-0.014255727838585641
2017-11-27,-0.0019234147577158467,-0.0007264182699521227,-0.0010986073090744064,0.0,-0.015004943557594741
2017-11-28,0.0,0.0,0.0,0.0,-0.006873054758276154
2017-11-29,-0.0013382116637088437,-0.0008148904125526713,-0.001131777879699647,-0.009575162222064226,-0.017496091026283467
2017-11-30,0.0,0.0,0.0,-0.010352393386271586,-0.023343204424541852
2017-12-01,0.0,0.0,0.0,-0.014978874670121933,-0.03155033171553423
2017-12-04,-5.181798692210915e-05,0.0,-0.0001175467081813153,-0.02012021812453524,-0.03994824211753889
2017-12-05,-0.003011757035618734,-0.001571210501322029,-0.0017637720920754552,-0.023885210434456128,-0.04389341383845535
2017-12-06,-0.005091833328890072,-0.0020225791139470983,-0.0023700214021756816,-0.02515233932728811,-0.045135639026076424
2017-12-07,-0.004572247688565234,-0.0022718751859005515,-0.0022903179962774356,-0.021825732022922817,-0.03854878830492703
2017-12-08,-0.0007216232617999196,-0.00045537949863294624,-0.0002671765953223826,-0.014602194830510729,-0.03290378461684185
2017-12-11,0.0,-0.00012712364793754372,0.0,-0.00862060341508164,-0.028419008208955376
2017-12-12,-0.000772985058691944,-0.000507982872081536,-0.0004670846323934219,-0.012170888062730034,-0.03142475833741776
2017-12-13,0.0,0.0,0.0,-0.006668257255163623,-0.02585646285880372
2017-12-14,-0.0026463501615830998,-0.0014672456222647456,-0.0016487758073606695,-0.010784101442409821,-0.031530659798743144
2017-12-15,0.0,0.0,0.0,-0.003703319911215197,-0.02427449306656948
2017-12-18,0.0,0.0,0.0,0.0,-0.016461904266899197
2017-12-19,-0.004025894475433556,-0.00288795715593404,-0.002984495575859225,-0.008631353951591647,-0.021696694794064997
2017-12-20,-0.005082792423853344,-0.003938624853505046,-0.003984024131563291,-0.011136741867844191,-0.029714178601030983
2017-12-21,-0.0028556682179897708,-0.002568014774830152,-0.002629953357436654,-0.013129264589463618,-0.03594815597253043
2017-12-22,-0.0012280748839423872,-0.0019257563709111913,-0.0018247304622919236,-0.010506771207104859,-0.03465535496762295
2017-12-26,0.0,-0.0008826897466711614,-0.0008204815482322214,-0.0138424957779415,-0.04375641860802726
2017-12-27,0.0,0.0,0.0,-0.01164905360634283,-0.04061910617947839
2017-12-28,0.0,0.0,0.0,-0.007908873099856661,-0.03761461534090005
2017-12-29,-0.0005273598104904575,-7.319075787270979e-05,-5.7360048429599964e-05,-0.00980014765681314,-0.04009960704405635
2018-01-02,0.0,0.0,0.0,0.0,-0.025673906171464478
2018-01-03,0.0,0.0,0.0,0.0,-0.023492174035222746
2018-01-04,0.0,0.0,0.0,0.0,-0.014695870463041438
2018-01-05,0.0,0.0,0.0,0.0,-0.006740981513301159
2018-01-08,0.0,0.0,0.0,0.0,-0.004328940672462034
2018-01-09,-0.0014833286195126139,-0.0014169381718647234,-0.0014587414691334954,-0.001784130847231169,-0.0065904853773584016
2018-01-10,-0.003330884268998635,-0.0020181274866584165,-0.002449603336166284,-0.004816429942762435,-0.011335626202297222
2018-01-11,0.0,0.0,0.0,-0.0018798751258460866,-0.009554571785158061
2018-01-12,0.0,0.0,0.0,0.0,-0.004598203634485265
2018-01-16,-0.0022168443611351174,-0.0008206916943932496,-0.0010139891170437565,-0.004727813570097772,-0.0068844161953189875
2018-01-17,0.0,0.0,0.0,0.0,0.0
2018-01-18,-0.002952461233284076,-0.0019493001459688353,-0.002031655422680134,-0.0005479074419389995,-0.00011794018618571656
2018-01-19,-0.0003643653620249987,-0.0007661223858399513,-0.0005906353507511009,0.0,0.0
2018-01-22,0.0,0.0,0.0,0.0,-0.0008182574125794595
2018-01-23,0.0,0.0,0.0,0.0,-0.0005261119989949936
2018-01-24,0.0,0.0,0.0,0.0,0.0
2018-01-25,0.0,0.0,0.0,0.0,0.0
2018-01-26,0.0,0.0,0.0,0.0,0.0
2018-01-29,-0.006817212052860566,-0.0034532992760557546,-0.004023994896431349,-0.007515235425583189,-0.006134466761751667
2018-01-30,-0.014384248830279667,-0.00713693022355355,-0.008289070623704764,-0.018633569991547083,-0.01977015574537222
2018-01-31,-0.011918895932039542,-0.006002074897737741,-0.006948269476371172,-0.014561691923007714,-0.01623811388258911
2018-02-01,-0.015521550840273401,-0.008085285463802716,-0.009577942366639114,-0.014674655268728354,-0.00954207632353643
2018-02-02,-0.030956882970552213,-0.015266654017502046,-0.018116949241783864,-0.03451391080619226,-0.034393475009367624
2018-02-05,-0.05373639802043584,-0.022848888820456215,-0.028899145994367714,-0.07532057366225364,-0.08680260126326567
2018-02-06,-0.04569116084482183,-0.021768316094203155,-0.025574336080066318,-0.052560814079784746,-0.05697824002249807
2018-02-07,-0.052130245080136306,-0.024293934198220235,-0.029309091503064266,-0.06281555262913274,-0.06508290198435507
2018-02-08,-0.0725693208344359,-0.030073330707806156,-0.0393086811972978,-0.09679238174608173,-0.09137246312280656
2018-02-09,-0.06614286361884703,-0.02845010830047101,-0.036730659953853606,-0.08094408048899215,-0.08370288471828913
2018-02-12,-0.05736138274158653,-0.026229514068079274,-0.03265617765327444,-0.06635780638094801,-0.07349888303050323
2018-02-13,-0.055444559154344875,-0.025556659570567186,-0.03177730780267218,-0.06256496928187694,-0.07212898959119474
2018-02-14,-0.04814846236052284,-0.025059689187165612,-0.029699181489315496,-0.0451996755724422,-0.04905214201777108
2018-02-15,-0.04028228331686534,-0.022804754050872567,-0.02547367838307324,-0.03735433797405063,-0.04948074221338561
2018-02-16,-0.038909036778330464,-0.02184766972054819,-0.02412368949948962,-0.03798871082712307,-0.05271933789708594
2018-02-20,-0.0453522262182412,-0.024016290397708584,-0.027808020355813978,-0.0459905311669192,-0.04687758317589119
2018-02-21,-0.0511699757847508,-0.026027682558201315,-0.031256116578341264,-0.049785271904073114,-0.04406594334921432
2018-02-22,-0.04797716923472117,-0.024983207531194318,-0.02950984969405024,-0.0462813795026763,-0.047448922278917616
2018-02-23,-0.037117801680805584,-0.02165020783682514,-0.02378773517433097,-0.035925593570403924,-0.04459849122918569
2018-02-26,-0.03138802836656396,-0.019975578549456197,-0.020996577877153033,-0.02729939825970662,-0.036366091719584936
2018-02-27,-0.04263211582208837,-0.023675005534775972,-0.02687890829513595,-0.04592497994435918,-0.046042417714736716
2018-02-28,-0.04970339501904519,-0.025048468059561513,-0.029590490754068388,-0.05295487319606662,-0.0475042749347836
2018-03-01,-0.055048760124404295,-0.025309098832730248,-0.03135373063501812,-0.06354794409543307,-0.060825783919586374
2018-03-02,-0.053179598444470955,-0.02545306205420228,-0.030977537328997107,-0.0615383778910612,-0.057208935721280274
2018-03-05,-0.0467975858002635,-0.023985207724792845,-0.028250657680956803,-0.052652361952085336,-0.05483490246296874
2018-03-06,-0.04424250657734741,-0.02337317078883072,-0.027046228798803695,-0.04660186428744029,-0.04699020332839088
2018-03-07,-0.04621987330516586,-0.024174935927791186,-0.028242215609260657,-0.04590622044688475,-0.04309885883899567
2018-03-08,-0.04387319208093987,-0.023206504245452453,-0.02677935881904836,-0.04363112250784029,-0.04357075522588094
2018-03-09,-0.03499635538264567,-0.021638999425716454,-0.02343296043055898,-0.031557564934718285,-0.036225074332898566
2018-03-12,-0.03502274887157619,-0.02117148062334906,-0.023085077169973323,-0.030435862077082376,-0.03660857445200705
2018-03-13,-0.037819401822778986,-0.021463997448200378,-0.02406846581991251,-0.03525011222751839,-0.042721166711109704
2018-03-14,-0.039410830541038444,-0.021616603182281424,-0.024501465252334653,-0.035409980014320164,-0.043560712005386915
2018-03-15,-0.04118603623202821,-0.02200196385408726,-0.02522687464387874,-0.036767749890392,-0.046003989724558325
2018-03-16,-0.03984624169294115,-0.022076243875282953,-0.024808384097287473,-0.03614132115677382,-0.05160227082176494
2018-03-19,-0.04761919469384035,-0.024116077893586052,-0.028571647651447152,-0.049299477919140466,-0.059107901732832646
2018-03-20,-0.046844537161913835,-0.02443936863350271,-0.02872196979149977,-0.044907044105713334,-0.054875107612230134
2018-03-21,-0.044380234271969354,-0.023049870991991295,-0.027218617582921767,-0.044267965876353066,-0.056950881006369136
2018-03-22,-0.05742693236700047,-0.02540721585287742,-0.032309293317844046,-0.07219758844663016,-0.0825733225213604
2018-03-23,-0.06722429224446669,-0.02722640398345466,-0.03629578647167575,-0.09476332170358936,-0.09439917264418163
2018-03-26,-0.05341691490259548,-0.02455986488549422,-0.030533588216357543,-0.06457016623768796,-0.07660664809769802
2018-03-27,-0.0592490151364059,-0.024509622965737554,-0.031738093439398485,-0.08293502308502565,-0.09923506573385432
2018-03-28,-0.06029795090366086,-0.024752263714157507,-0.03194486017951215,-0.08791120086698245,-0.10856539954025424
2018-03-29,-0.05152885654109984,-0.02221672628499327,-0.02767048784607451,-0.07266452926717215,-0.10011787785464454
2018-04-02,-0.06356562880755123,-0.024501950801249284,-0.03251923563931569,-0.08766992973152232,-0.10529591939864191
2018-04-03,-0.05723554675018294,-0.024060703435993203,-0.03060806184846354,-0.08330670704466137,-0.10743381248829165
2018-04-04,-0.05250214542797482,-0.023475925486238114,-0.028872252401232146,-0.07517593900329134,-0.10393173665143873
2018-04-05,-0.04849728512211571,-0.022871097908686133,-0.027439464070888264,-0.07157032634304628,-0.10337576572175022
2018-04-06,-0.05847247679840906,-0.023657080806156583,-0.03038009940504438,-0.08059720032162532,-0.10697550083416452
2018-04-09,-0.05574100372105106,-0.022881609994831686,-0.02896147279427752,-0.07491886580809692,-0.10551168740967021
2018-04-10,-0.04664425181135767,-0.02140492887862544,-0.025587580914162023,-0.06397651246397551,-0.10272969147441557
2018-04-11,-0.04750663361918661,-0.021211854643490846,-0.025589145016781,-0.0643384439605238,-0.10886232269376406
2018-04-12,-0.04674391286514468,-0.022269743864367197,-0.026275717524620323,-0.05861627636411937,-0.09855943104764797
2018-04-13,-0.04655666083951304,-0.022011029076214772,-0.025886835596949265,-0.06473019445253114,-0.11081170711572219
2018-04-16,-0.04184262959259932,-0.021157678776017708,-0.024005754219072917,-0.06174158794976148,-0.11540479728739861
2018-04-17,-0.036633985051275575,-0.020040319148829644,-0.02183814309638754,-0.05897537994967117,-0.11428294869511191
2018-04-18,-0.034915248263891474,-0.020771968967428944,-0.0221959255247407,-0.053735677947810645,-0.11295227558717524
2018-04-19,-0.039920774224110334,-0.022383096172970962,-0.02506758353745886,-0.05319419558910887,-0.10238766203145
2018-04-20,-0.04600463155322576,-0.024432529995892183,-0.02840060992901261,-0.060544782667260155,-0.10203993761800645
2018-04-23,-0.04704504648307928,-0.024988437719061563,-0.029174559677003664,-0.06536407854088788,-0.10546811897876018
2018-04-24,-0.053534726599460125,-0.026307409160186368,-0.0318720953737609,-0.06934024022879415,-0.10960529230110105
2018-04-25,-0.05356746406737978,-0.026760371212421696,-0.032373855243731264,-0.07077209825946573,-0.11228229346378626
2018-04-26,-0.04704576612761513,-0.02500994029901238,-0.029176845867790013,-0.06263721189978722,-0.11214041637137095
2018-04-27,-0.0446129088607381,-0.02393260044215373,-0.027603459838334232,-0.06149960333913762,-0.11739170621518591
2018-04-30,-0.04895020300623554,-0.025052583365396286,-0.029469680143837218,-0.06744781241192144,-0.12018399196680885
2018-05-01,-0.05047087780795678,-0.026066513723499773,-0.030678550101271962,-0.06740034889737201,-0.1181523505829386
2018-05-02,-0.054124160819594924,-0.026577702216654342,-0.03202685856816334,-0.07262097281448676,-0.12024936455066915
2018-05-03,-0.054071663948485504,-0.02572911557648172,-0.03136582325620174,-0.07183605572498053,-0.11963976498075313
2018-05-04,-0.047510103225495426,-0.024528264909319364,-0.028793161479016005,-0.06508425442379506,-0.1209828060249607
2018-05-07,-0.0469149724966752,-0.0245089568282022,-0.02870034909907737,-0.06520492066041761,-0.12257342896643797
2018-05-08,-0.04795703675408802,-0.024886145611076382,-0.029458995622027473,-0.0619060824854214,-0.11971188900473939
2018-05-09,-0.04356161707343409,-0.024550730357697392,-0.02819587396039669,-0.05907452859587592,-0.12301683680433273
2018-05-10,-0.03619633759793961,-0.022523914349780516,-0.024558860945100958,-0.0499173842073094,-0.11900616223592442
2018-05-11,-0.03563032833806168,-0.022412962590481977,-0.024272128017888694,-0.05157890914404817,-0.11913450177550133
2018-05-14,-0.03551351838911776,-0.022683583586920353,-0.024562407879370807,-0.05074623651719812,-0.11787305636760004
2018-05-15,-0.042580276152913044,-0.025457870181593956,-0.028933676639174233,-0.057869316445236185,-0.1157199329784685
2018-05-16,-0.040053855163532215,-0.02521901875823962,-0.028203514687928144,-0.05401103741213498,-0.1129387881801327
2018-05-17,-0.04083482068492472,-0.025389758934594164,-0.028614806270056636,-0.05514955356181661,-0.11753327174038142
2018-05-18,-0.04148635246201571,-0.024672028302696103,-0.028072998249543235,-0.05987820451279968,-0.12035830315682727
2018-05-21,-0.03649291722651726,-0.02351107073274561,-0.02590947259428833,-0.05433822178338876,-0.1186609272661302
2018-05-22,-0.03813374067209807,-0.023850704356188634,-0.02656889774681115,-0.05256704664131828,-0.11364894712890572
2018-05-23,-0.03590504643376802,-0.022284106035359463,-0.024683935078797514,-0.05052509500082525,-0.11400596542659736
2018-05-24,-0.03655906145369969,-0.021578847292534897,-0.024128252141922824,-0.05598919002135827,-0.11944514711484888
2018-05-25,-0.03828325463292559,-0.021195749354964932,-0.024165444344523612,-0.06652118309379351,-0.1329480867455658
2018-05-29,-0.04374939108627307,-0.019551024332494893,-0.024208635341318452,-0.0780698403072907,-0.14639846709746707
2018-05-30,-0.03533681622701956,-0.018639771031099484,-0.021351470346056556,-0.06186596889622231,-0.13750345859400837
2018-05-31,-0.039846511098157844,-0.020083523308384255,-0.02364128146474742,-0.06696353106816044,-0.13734906893697896
2018-06-01,-0.03633797513161596,-0.020380973728370777,-0.02295966659604387,-0.06150425394091341,-0.1281224659632103
2018-06-04,-0.03531285575282983,-0.02123782734249058,-0.023215498003560375,-0.06551571124734867,-0.1338537926234019
2018-06-05,-0.035399151424513886,-0.02062548423425492,-0.02274002591934865,-0.06613878590470101,-0.1345168241597101
2018-06-06,-0.03179417730739109,-0.020588630974758826,-0.02189774577822201,-0.064400587879759,-0.13710814565025387
2018-06-07,-0.030425904277475935,-0.019027063555356438,-0.02032384154851241,-0.06148476724566532,-0.13138279584007695
2018-06-08,-0.029324001172328917,-0.019113484507902512,-0.020112582963712322,-0.06267638488812932,-0.13732923583330925
2018-06-11,-0.028108887756077672,-0.019037058057106426,-0.019635552415700475,-0.061341612457479266,-0.13837816343296794
2018-06-12,-0.027758237336476865,-0.01925829236714449,-0.019602706092635036,-0.0619837033573174,-0.1402882846298984
2018-06-13,-0.030614904998867876,-0.020230178065409832,-0.021041415112067585,-0.06433740645885866,-0.1358763258560055
2018-06-14,-0.0289692524375057,-0.019104004657729656,-0.01941669445268901,-0.06752695873180248,-0.14507361508275207
2018-06-15,-0.03227578568397893,-0.020171718646851078,-0.02105209788002138,-0.08013571677555387,-0.16180709817168237
2018-06-18,-0.03390871923405192,-0.020356734669702226,-0.02177678308349562,-0.07638611156804631,-0.15531610974066867
2018-06-19,-0.036911923482148445,-0.020718072560195866,-0.022831544267269743,-0.08329013964247489,-0.16578121111472655
2018-06-20,-0.03677249427306373,-0.0215480135744317,-0.023522671825009667,-0.08108174572443116,-0.16447039877408287
2018-06-21,-0.04088748550869559,-0.022005672190651193,-0.024998737590400832,-0.09164937045860122,-0.17689840673623325
2018-06-22,-0.035819848476471794,-0.02042154406819119,-0.022477638059546945,-0.08118777151680934,-0.17365791383842322
2018-06-25,-0.042626227684944284,-0.0218092346271771,-0.025342165183246168,-0.0967505027745168,-0.19254774488988236
2018-06-26,-0.04090753961101368,-0.021301668124797057,-0.024444566082468033,-0.08921266476544298,-0.1859163220574631
2018-06-27,-0.043955326299109476,-0.021162355349715112,-0.025159562808663605,-0.09737941304877162,-0.1908686901186254
2018-06-28,-0.04154973220220948,-0.02086737246113224,-0.024510053156648004,-0.09072832517701002,-0.18708182615422997
2018-06-29,-0.03924228906710714,-0.020526970230690056,-0.023740497185011367,-0.08831700949066379,-0.18644824386235925
2018-07-02,-0.041936184322765135,-0.02159799977959309,-0.025200226366408285,-0.0898320293428887,-0.1860505447805224
2018-07-03,-0.041320408943062326,-0.020627875308469323,-0.024102737012232422,-0.09205138350900244,-0.1921305861108593
2018-07-05,-0.03603989880956737,-0.019066446117550595,-0.02121474609444174,-0.08622360258484452,-0.19467041877475266
2018-07-06,-0.030969829314789754,-0.0175998503119712,-0.018687306256527814,-0.08188212867363209,-0.1948290145072109
2018-07-09,-0.02701994295608179,-0.01735719977561634,-0.017528606036644523,-0.07312143840105367,-0.18208008166855238
2018-07-10,-0.025095767334052943,-0.017111957436466096,-0.016868045480797567,-0.07121620039345378,-0.18341656910721515
2018-07-11,-0.03255331752368362,-0.01869886831237899,-0.01991094180551345,-0.07981734616433434,-0.1846287615232296
2018-07-12,-0.02803900929182801,-0.01759822078440465,-0.017708844217794173,-0.07646729576164646,-0.1841991481200469
2018-07-13,-0.027042343515469303,-0.017092622443992123,-0.01704289528032199,-0.07455661016756698,-0.18544984952439192
2018-07-16,-0.030113440143941128,-0.018250287038789947,-0.01880027689016417,-0.08102381929315827,-0.1898837745307852
2018-07-17,-0.028821309088664204,-0.018330584661953697,-0.018558386691835183,-0.0799241948922148,-0.19147581608601905
2018-07-18,-0.028105499799138345,-0.01830240263093985,-0.018474962496031533,-0.07831656896451211,-0.18765234216952353
2018-07-19,-0.02922332838951114,-0.017910384633084364,-0.0183412548421521,-0.07905954012781125,-0.1841927952427369
2018-07-20,-0.029700491493094616,-0.018423524639036626,-0.01900418806193782,-0.07925002914715751,-0.18615686761305317
2018-07-23,-0.0317312770024083,-0.019907270565126756,-0.020870807360834798,-0.0794414042161129,-0.18558257826650593
2018-07-24,-0.027689178242944368,-0.018765904216091256,-0.018860176976398413,-0.07529874305908169,-0.18813678261688394
2018-07-25,-0.021107400927748432,-0.017311183188480017,-0.01597020962981488,-0.06917743814361654,-0.18822291763942978
2018-07-26,-0.02147323380458399,-0.01750503521692115,-0.01619986527853623,-0.07315095753415257,-0.18837625968751592
2018-07-27,-0.02347165616571234,-0.017687816487146013,-0.016816258981323107,-0.07907996347697133,-0.195979234872667
2018-07-30,-0.02528772406338975,-0.018245884976775928,-0.017762029271235713,-0.08434966216507211,-0.19919725186539738
2018-07-31,-0.020941909622493315,-0.016965232665047125,-0.015351187062176197,-0.08244354205805338,-0.20139724222921207
2018-08-01,-0.02546999198389066,-0.01850340500703407,-0.017731835535542917,-0.08565699464770171,-0.19680308669511248
2018-08-02,-0.02512072090317452,-0.01783561638968767,-0.017134505990482274,-0.08053746073653667,-0.19045071301626626
2018-08-03,-0.020760315831101828,-0.016392627765647205,-0.014741910534246117,-0.07942282348565821,-0.19338546139455093
2018-08-06,-0.020109897931485876,-0.01601617127350885,-0.014256352983370246,-0.07538655652755144,-0.18766982500760143
2018-08-07,-0.018141123152182415,-0.015986832934432482,-0.013899890252785818,-0.07073156054632967,-0.18380359992866124
2018-08-08,-0.020108682872479355,-0.01643673974378468,-0.014791964172685579,-0.07476182030241618,-0.18555403059134434
2018-08-09,-0.020583758865836965,-0.015848828077804078,-0.01443340671855553,-0.07657086212064768,-0.18539606807745368
2018-08-10,-0.025530438875180472,-0.016115992465030704,-0.015947257852107932,-0.07915922365505279,-0.1827945191856969
2018-08-13,-0.02996510892820836,-0.017479218185697087,-0.018065053668475328,-0.08259555950347874,-0.18254061383722653
2018-08-14,-0.026355771225532232,-0.016645742574611377,-0.01642935003807633,-0.07805576814679527,-0.17911943601679403
2018-08-15,-0.03347195720604779,-0.017885893526868202,-0.01901443106091938,-0.09621583452774585,-0.19465042670452082
2018-08-16,-0.027673619403986938,-0.016617134160838654,-0.016501878118805657,-0.09055092279115817,-0.19342274567607098
2018-08-17,-0.0235662880491313,-0.015217614387479372,-0.014321295161562997,-0.08830990648253223,-0.19682574781998452
2018-08-20,-0.020598139800881987,-0.013813969624991151,-0.012397437656278432,-0.08537084721182042,-0.1960859761232866
2018-08-21,-0.019143140275883375,-0.013872817896927514,-0.012137377150308604,-0.0815655820647907,-0.1947926173992064
2018-08-22,-0.018365121455809152,-0.01333760467375511,-0.011601135206590008,-0.07450947799121255,-0.1877475863653283
2018-08-23,-0.02141798520746374,-0.0141911566531715,-0.01295869009092332,-0.07516603431237967,-0.18226530703511667
2018-08-24,-0.015522257413741136,-0.01244906415563285,-0.010054996329012966,-0.0698814106449065,-0.18597296727195978
2018-08-27,-0.011278360591825631,-0.012047453954228349,-0.008805476589250794,-0.06639144829266197,-0.18695448253199876
2018-08-28,-0.012720118215742038,-0.012981639322326544,-0.009987507247498084,-0.0630609277693347,-0.18173586092931637
2018-08-29,-0.00874998449439024,-0.012161067643144952,-0.008445847921833005,-0.05799797561526654,-0.18055639955376424
2018-08-30,-0.013159117857921121,-0.012533833492896163,-0.009815002185747601,-0.062008463483392284,-0.17605330389991103
2018-08-31,-0.013762277510114385,-0.01254247105420725,-0.009985326385909765,-0.0633287082674231,-0.17668617996170832
2018-09-04,-0.017706339134280324,-0.013913589999199005,-0.012218046634284718,-0.06313355603606086,-0.17074698284260592
2018-09-05,-0.017873064423505003,-0.01388515240707655,-0.012269284321726581,-0.06903402652352675,-0.17686027704957263
2018-09-06,-0.018632182978068568,-0.013452193619524988,-0.011911360221039002,-0.07598675842851355,-0.18502266557657687
2018-09-07,-0.022222462762558126,-0.015586947893093561,-0.014575949092097584,-0.07678553654069786,-0.18187684329929588
2018-09-10,-0.020602151068706998,-0.014798707813773793,-0.01332540709954777,-0.07464124534920236,-0.17996726507654093
2018-09-11,-0.01957095989037594,-0.015320448451774382,-0.013590635027272646,-0.06785490170692188,-0.17445149298807194
2018-09-12,-0.01713709729971713,-0.014406470421201911,-0.012029456395806215,-0.06942817108803745,-0.18091555761623024
2018-09-13,-0.014142241326775662,-0.013600556394081198,-0.010510493696598622,-0.06533191803974092,-0.17935940364482317
2018-09-14,-0.015487054700085046,-0.014496454353067234,-0.011567156425043579,-0.06787266433820593,-0.17977290341386343
2018-09-17,-0.01664400367178387,-0.014784754863781835,-0.012054472452684872,-0.07156524170631762,-0.18524556509384538
2018-09-18,-0.014289056071968953,-0.014889656875828772,-0.011801520878357064,-0.06488648488940896,-0.18251358353049496
2018-09-19,-0.013919917082871547,-0.01532409292901138,-0.0123000259703131,-0.06232497331153264,-0.18512691603224796
2018-09-20,-0.008424563638618432,-0.013615405428887617,-0.009688437472700429,-0.056620711395762635,-0.18440292470167274
2018-09-21,-0.00792683727308896,-0.013596454836390492,-0.009393740400426398,-0.05739677621006545,-0.18431290411032442
2018-09-24,-0.01194107565379432,-0.014773407434354624,-0.011426057448587712,-0.059511996033480896,-0.18060375807183282
2018-09-25,-0.012767594734301113,-0.015064735365846182,-0.011866943393127216,-0.06246148471803337,-0.18458487756217434
2018-09-26,-0.01498989424705699,-0.015206318914281813,-0.012181819835301644,-0.06535743690385964,-0.18651938982396354
2018-09-27,-0.014038527784568045,-0.014912282670071608,-0.01166169671743289,-0.06282491503267651,-0.18316547449684695
2018-09-28,-0.013226395220698017,-0.014264043867803222,-0.010990251648022809,-0.06587257178256356,-0.1844549426295442
2018-10-01,-0.01107889558454822,-0.014098580424444562,-0.01040393089751357,-0.06219391126040008,-0.17854071422837603
2018-10-02,-0.010219344043056577,-0.013220235826906901,-0.009589631160166645,-0.06481225022138615,-0.17981129312031718
2018-10-03,-0.013317637923060177,-0.015239483201961668,-0.012314691798285371,-0.06194017459439405,-0.1733408243100274
2018-10-04,-0.01953188459100108,-0.017303550779070087,-0.015690200966380186,-0.07246369533036612,-0.17748182011773606
2018-10-05,-0.022262438232449444,-0.01835502189032512,-0.017517089445758582,-0.07763923298527331,-0.1807057386794123
2018-10-08,-0.021697988503145194,-0.018527928790670556,-0.01765438504447403,-0.07820994384277102,-0.17895596839433958
2018-10-09,-0.02270167224598829,-0.01809706049570803,-0.017493468725007788,-0.0761857543297414,-0.17794617035519167
2018-10-10,-0.04019828838820616,-0.022475770649142635,-0.025084774548032818,-0.10614577523738433,-0.2011705166870843
2018-10-11,-0.051268662813973354,-0.0241391288052083,-0.02860538762218323,-0.12245042110854165,-0.22107429083313568
2018-10-12,-0.0455672119772752,-0.023026751432281833,-0.026205065669150707,-0.10657746390053913,-0.21171537067502544
2018-10-15,-0.04696133039714101,-0.022964247035610952,-0.026571475093280283,-0.11322533286897951,-0.21706307740160635
2018-10-16,-0.03534104425456519,-0.020366332522212538,-0.02170243899749802,-0.09570848627218809,-0.21043885657426287
2018-10-17,-0.03853454896765629,-0.021547789417661778,-0.02360656235184444,-0.09934921719777545,-0.20884490084325102
2018-10-18,-0.046421046725634185,-0.022731963556101076,-0.02644920896519387,-0.10847639192562863,-0.21125629350853403
2018-10-19,-0.04497973098904007,-0.02269515724019333,-0.026070271043098003,-0.11212014672605752,-0.22157784747382592
2018-10-22,-0.04823926814788948,-0.023824628614031118,-0.02764780271236389,-0.1116670442131521,-0.22014484606081974
2018-10-23,-0.05304400125683972,-0.024216583747187936,-0.028937826401518985,-0.12448553934805062,-0.22834825714086637
2018-10-24,-0.06576187115677812,-0.025190761142808382,-0.032723254118760536,-0.14973851275017358,-0.24777344219352626
2018-10-25,-0.05835315835936694,-0.024291373825996665,-0.030287881955546214,-0.13197560651809892,-0.2362004277377574
2018-10-26,-0.0661634098193673,-0.025221248578867983,-0.03293739563532394,-0.1423184909579437,-0.23721056097126703
2018-10-29,-0.06880075328006086,-0.02550486496142701,-0.033781689869263,-0.14904695446310756,-0.24005613664743675
2018-10-30,-0.060341719924053794,-0.024436877584258387,-0.030981530245387967,-0.13759828860346912,-0.2372263150600562
2018-10-31,-0.058671636720797005,-0.025054394552787462,-0.03128924806636191,-0.13059538545083849,-0.23237412653207667
2018-11-01,-0.0499822997038849,-0.02280721625728188,-0.02727795737983063,-0.12673807887948563,-0.2412215857501815
2018-11-02,-0.0532668548915084,-0.024880261907164636,-0.029793535773578794,-0.13132832687534135,-0.24650680700021432
2018-11-05,-0.04831339358133402,-0.023408013372621328,-0.027490697560036303,-0.12788410879026468,-0.24785501474369787
2018-11-06,-0.04490973669889198,-0.022807382848891167,-0.026081701282484437,-0.125071343209198,-0.24866121805695884
2018-11-07,-0.03401534125281769,-0.020666684774006794,-0.0216796604451307,-0.11425854562468019,-0.2432713351171143
2018-11-08,-0.03782877981256516,-0.02176246919469005,-0.023517601457322512,-0.1160492031269309,-0.23701364958953997
2018-11-09,-0.04302212223344204,-0.0223998771717967,-0.025196178987574425,-0.12108454344021824,-0.23717520785223267
2018-11-12,-0.05230232640498289,-0.023691256467549326,-0.02840387097045194,-0.12955565781368739,-0.2430760009254851
2018-11-13,-0.05402985069525479,-0.024141314645047096,-0.029248971065185425,-0.13538581674215788,-0.25085740972829285
2018-11-14,-0.05627073400970806,-0.02396800500580809,-0.029849310063272516,-0.13723022590967604,-0.2545681435702002
2018-11-15,-0.051483764020379796,-0.022967821673448907,-0.028266880121314952,-0.1288135024574264,-0.2521840871971548
2018-11-16,-0.04748291112087555,-0.02116955554431532,-0.026045150865209976,-0.1268209765991618,-0.25404713905349874
2018-11-19,-0.053672741126943646,-0.021629154511123017,-0.027951932720653327,-0.14344457029609226,-0.26208327952780763
2018-11-20,-0.06632642669688571,-0.024676271774131675,-0.033203485286987466,-0.16002083981203985,-0.26336992340355736
2018-11-21,-0.06278736715376876,-0.023926866283397574,-0.03162120760953846,-0.15856261524660042,-0.26916358098994086
2018-11-23,-0.06835709706404491,-0.025301886488661607,-0.03390162451492329,-0.16439589216146488,-0.2658632902221384
2018-11-26,-0.06097898618328157,-0.023774825101961272,-0.031053843292991767,-0.15395532682639645,-0.26233940279275547
2018-11-27,-0.06027484467452915,-0.023563702943494635,-0.03077418212251548,-0.15049313519931207,-0.2587255874646899
2018-11-28,-0.04909679925494859,-0.020898373955221428,-0.026037283770396047,-0.14483365492139677,-0.25945367180473156
2018-11-29,-0.04932400376136192,-0.02054564247786983,-0.025884189013738013,-0.14278650072414567,-0.25737900964105764
2018-11-30,-0.04552094161880815,-0.0192798580784872,-0.02421167125033241,-0.14067026977976427,-0.2551150398619446
2018-12-03,-0.03585729985037156,-0.01688408045669909,-0.020156183021807328,-0.13313228410573785,-0.2598111360152071
2018-12-04,-0.050804682337779905,-0.018616224042498297,-0.02478183225027053,-0.13985906523896752,-0.2615955839805102
2018-12-06,-0.05299617864028827,-0.018120585586054894,-0.02475601995930421,-0.13887611385885923,-0.25469110774859616
2018-12-07,-0.06259751024565086,-0.018637251086104922,-0.027360049300990674,-0.15514835575469965,-0.26175935920812776
2018-12-10,-0.06453342143586915,-0.018979887593012834,-0.027841768463057304,-0.15318142985887895,-0.25671322693680587
2018-12-11,-0.06380849524734522,-0.019510767441713095,-0.02785139231542355,-0.15102662900781527,-0.2567685328621223
2018-12-12,-0.061239183719010715,-0.019403050393694943,-0.027112597058816856,-0.1470543905910151,-0.2579823250604757
2018-12-13,-0.060522045163415306,-0.018387685507123108,-0.026034712735001242,-0.14615844257208932,-0.2547189050111982
2018-12-14,-0.07026360824981814,-0.02005440388447466,-0.029655925050138254,-0.15774899085079963,-0.26297074982152124
2018-12-17,-0.08194872387151286,-0.02163131455461753,-0.033776902551292176,-0.17450073951567602,-0.26826494624819697
2018-12-18,-0.08283845363582476,-0.021208025324406354,-0.03355792811392799,-0.17551866308120856,-0.2713905572034706
2018-12-19,-0.09025901883441723,-0.0221497490560153,-0.03627626418585439,-0.18061378267165373,-0.27481349139071753
2018-12-20,-0.09795472253263426,-0.023828934691478842,-0.03979869240806999,-0.18829971079738284,-0.2810328427400506
2018-12-21,-0.10720587696509876,-0.02540258581386856,-0.04332974833538483,-0.1963771774836206,-0.2839936273690371
2018-12-24,-0.12211745077603753,-0.027620023706922625,-0.0489645603400769,-0.2139261076026553,-0.2881059431157428
2018-12-26,-0.09847411245353377,-0.024301234351461143,-0.040350778836328094,-0.1983391997119065,-0.28403909655357784
2018-12-27,-0.09402370512704183,-0.022481463451720196,-0.038013349562685206,-0.19438315945253748,-0.2819782135954917
2018-12-28,-0.09313657949120957,-0.020480511733416362,-0.035993594745066027,-0.19244619924113748,-0.2796973878726944
2018-12-31,-0.08872767735764908,-0.0189713704025114,-0.03365818167854129,-0.19071219332754807,-0.2778630045727424
2019-01-02,-0.08889489160892317,-0.018651379870655127,-0.033480536695626784,-0.19817533300384904,-0.29289125100056734
2019-01-03,-0.09698123804388903,-0.017366490446666494,-0.034311545368980845,-0.1989355524875307,-0.2852019019126394
2019-01-04,-0.07973340001113671,-0.01636319412145959,-0.02891289600470104,-0.18357154727868819,-0.28967083807294514
2019-01-07,-0.07566734747737713,-0.016227512530307964,-0.02755740556986075,-0.1834690222232518,-0.29282313040425534
2019-01-08,-0.06956306726232175,-0.015581583658866083,-0.02512256576009375,-0.18022619479561908,-0.2931856775898386
2019-01-09,-0.06501573295054375,-0.014195083909504413,-0.022819372075866595,-0.18068248665852915,-0.3011647402309965
2019-01-10,-0.06218123412093146,-0.013992020396674798,-0.02197484606208444,-0.17918143627067384,-0.3023734874087738
2019-01-11,-0.06276234086903121,-0.01333770197558748,-0.02161540508232984,-0.1783453810586515,-0.2997033622471016
2019-01-14,-0.06727972253511749,-0.01449814665704352,-0.023894139123259217,-0.1860241647807579,-0.30332121722023475
2019-01-15,-0.06253071553209344,-0.01346381523096618,-0.02183449700521134,-0.1806260816496199,-0.29693822245463686
2019-01-16,-0.05986760986246198,-0.012927497802929455,-0.02063681736676437,-0.18005233319139557,-0.3030099644462665
2019-01-17,-0.05522156880117357,-0.012282041094774154,-0.018840048843237867,-0.17796052634471582,-0.30513611446032163
2019-01-18,-0.048018119890253286,-0.012142431488742056,-0.016744468068144336,-0.17908027202276688,-0.3110322851715024
2019-01-22,-0.05543483951405759,-0.012316434752421057,-0.0187968015912211,-0.176881354520262,-0.3029602206896509
2019-01-23,-0.05394375390737871,-0.012030309216749635,-0.01791715727236942,-0.1753431307571518,-0.29984204231007305
2019-01-24,-0.05230536245982109,-0.01072039395257407,-0.01648301779017658,-0.17298041378485596,-0.3027121223752871
2019-01-25,-0.04656110838657623,-0.010126668387132609,-0.014523563974291664,-0.16969668558251927,-0.30462367285239933
2019-01-28,-0.05031332007683442,-0.010633201926730784,-0.015837189002737673,-0.17302288656574172,-0.3021995984039222
2019-01-29,-0.0475646116750168,-0.009091322841680904,-0.013845345359991268,-0.16981257812138295,-0.3051392184812206
2019-01-30,-0.03796105987168785,-0.006027757368526565,-0.008828368409308007,-0.16508053899571828,-0.3066685039808398
2019-01-31,-0.033223029621421984,-0.0034769749613173806,-0.0052633309875261824,-0.15528390433339534,-0.2998403004086513
2019-02-01,-0.03385167596799543,-0.005142598166928303,-0.006796698225717379,-0.15868909635414874,-0.3029762863157701
2019-02-04,-0.03130102918303068,-0.005202801332369833,-0.0062325021857944085,-0.15912032450697555,-0.30683970667182703
2019-02-05,-0.027589735824034456,-0.003914033388400795,-0.004073753976232886,-0.15701555543154966,-0.30740323393659597
2019-02-06,-0.029753811506657346,-0.0043222717996621585,-0.00504124433455877,-0.15874823899072288,-0.3055429665562961
2019-02-07,-0.034229839983078825,-0.0040562866679616505,-0.00602614364560583,-0.15691354057692508,-0.30036451185276425
2019-02-08,-0.033948826050195446,-0.003302353088735832,-0.005301856432126328,-0.15503109135572324,-0.3013327860807692
2019-02-11,-0.034001568996341436,-0.0041181359871866885,-0.005977611385916348,-0.15621473203202574,-0.3019189549839275
2019-02-12,-0.026846630537133764,-0.002798653770118009,-0.0030944058384106965,-0.1537868635023376,-0.30701741687384143
2019-02-13,-0.025833319845397495,-0.0036429573804248605,-0.0036244794024359317,-0.15362594784445027,-0.3056361069551178
2019-02-14,-0.02600574099723829,-0.002119139053874508,-0.0025810170028425228,-0.15043463880123076,-0.2991746327267678
2019-02-15,-0.018083326028926816,-0.0002902795374801759,0.0,-0.148485354045241,-0.3015422847838788
2019-02-19,-0.015033820643542306,0.0,0.0,-0.14636026488075582,-0.3028073073192622
2019-02-20,-0.013135493705727863,0.0,0.0,-0.14750593928568878,-0.3083626682965137
2019-02-21,-0.015996412575317476,-0.0017471378615550037,-0.0020259346578560544,-0.14880677772432682,-0.30459673074881743
2019-02-22,-0.011688144282535506,0.0,0.0,-0.14383544911916857,-0.30409690860536887
2019-02-25,-0.012042275505662503,-0.000612721683832862,-0.0005768234000829153,-0.1462152049668205,-0.3078325527854112
2019-02-26,-0.012013932612623623,0.0,0.0,-0.14637734854905682,-0.30737295184574476
2019-02-27,-0.013773547543292075,-0.0014745428301362606,-0.0016477507950323211,-0.15219164656318585,-0.30783010757454954
2019-02-28,-0.016715024299668313,-0.00270997482589308,-0.003261635262212348,-0.15425237463907693,-0.3065344466791273
2019-03-01,-0.015858257819082455,-0.004165190711932887,-0.004106613311884999,-0.15864963233914287,-0.30818573862518595
2019-03-04,-0.01641257644468086,-0.003591182939580939,-0.0037723417304329487,-0.15649439778730878,-0.3092069932146392
2019-03-05,-0.016363791284652707,-0.0033181576785143996,-0.003531151898652163,-0.15558155634987614,-0.3071463724649306
2019-03-06,-0.019682669777522976,-0.003238535165283718,-0.004284110671752828,-0.15897454906081943,-0.3068327211910514
2019-03-07,-0.02419919212546018,-0.00308573428031933,-0.005180988790396079,-0.1598609414423614,-0.30396214659389154
2019-03-08,-0.02483967516365526,-0.00238669408341885,-0.004780360595750266,-0.15762225109223593,-0.3010947984680694
2019-03-11,-0.017026807374852626,-0.0010292845545721852,-0.0017032910897594178,-0.15009685678350337,-0.29956484823216334
2019-03-12,-0.01370016534681373,0.0,0.0,-0.14589118843094384,-0.2993013344721628
2019-03-13,-0.00931293968008251,0.0,0.0,-0.14319065475390702,-0.2977957329796731
2019-03-14,-0.01143353635018085,-0.0010114447728173381,-0.0013873288188318567,-0.14612584316405375,-0.2994260433656869
2019-03-15,-0.007346853826950439,0.0,0.0,-0.14277199822219533,-0.3011740985013448
2019-03-18,-0.004304548230269156,0.0,0.0,-0.14511381516610644,-0.3062066933073154
2019-03-19,-0.00480898475762348,-0.00032450183644017194,-0.0003084176610316236,-0.14851203271302027,-0.3052245527487931
2019-03-20,-0.0037775106137707404,0.0,0.0,-0.14417540175230759,-0.30246336988935163
2019-03-21,0.0,0.0,0.0,-0.13701458788895582,-0.29685424530390714
2019-03-22,-0.010397253070658086,0.0,-0.0021201241648660663,-0.13755933350135485,-0.28997763667706333
2019-03-25,-0.009185793468304726,0.0,-0.0007500727920202177,-0.13693296678048394,-0.29016800697011613
2019-03-26,-0.004748369530701013,0.0,0.0,-0.13187104555961926,-0.28707517514427905
2019-03-27,-0.007206179362699738,0.0,-0.0002901290970779291,-0.13628519188460375,-0.28645556630923774
2019-03-28,-0.005200969764014074,0.0,0.0,-0.13577572209620392,-0.285370368252976
2019-03-29,-0.0012807562912457993,0.0,0.0,-0.12992990570907526,-0.2818782962776063
2019-04-01,0.0,-0.0007704757494079173,0.0,-0.1303944840918494,-0.2914156671510171
2019-04-02,0.0,-0.00013546347286652605,0.0,-0.12902135742806187,-0.28996149229064305
2019-04-03,0.0,-0.0008987921409906452,-0.0004768314198589918,-0.13066422349822504,-0.29463932149360206
2019-04-04,0.0,0.0,0.0,-0.1315638485922065,-0.298034857381381
2019-04-05,0.0,0.0,0.0,-0.12639917081546592,-0.29433769817273125
2019-04-08,0.0,-0.00036459780782616136,-0.000345981241002713,-0.12993059820339448,-0.2963309132185379
2019-04-09,-0.003220176208933778,-0.0005392581758978388,-0.0011657156731179619,-0.13058524868700794,-0.2964936769694215
2019-04-10,0.0,0.0,0.0,-0.12914086088477672,-0.29580871429577993
2019-04-11,-0.0015582725140790288,-0.0013216353605348674,-0.0013128525517464018,-0.13054769563655055,-0.29341179047097177
2019-04-12,0.0,-0.0014182257347670202,-0.00048003384372929947,-0.12982908849511154,-0.2928038011977704
2019-04-15,-0.0012654872544646256,-0.0015505427122940452,-0.0009372487421815956,-0.12972369417611307,-0.2902912898080613
2019-04-16,-0.0029194023821521586,-0.002913653071002442,-0.0026640791898641103,-0.14266715686437292,-0.30152684212407477
2019-04-17,-0.004719947743070496,-0.003152232103171504,-0.00346145570527312,-0.15138603015911944,-0.30874293369002825
2019-04-18,-0.0031651474983629413,-0.0022453014536689686,-0.0023485633013575757,-0.1483863289529812,-0.30531671142816075
2019-04-22,-0.0040389499933388695,-0.002736840335530344,-0.003122572716387495,-0.1517639032655671,-0.30882397866895306
2019-04-23,0.0,-0.0011851314265788337,-0.000587892437679427,-0.14427643834624793,-0.30167431409049505
2019-04-24,-0.0010269238848850115,-0.0003353208294669674,-9.362973542992314e-05,-0.14003382107154183,-0.2935264680259172
2019-04-25,-0.0030648131967737635,-0.0008964978359132791,-0.001029181949919411,-0.13872072495627352,-0.2917556136532834
2019-04-26,0.0,0.0,0.0,-0.13368065633524318,-0.28863837677774484
2019-04-29,-0.0010354433012704778,-0.0010796099059060538,-0.001240682902554413,-0.13671497204864835,-0.2925178769801321
2019-04-30,0.0,0.0,0.0,-0.12905491972949779,-0.2869962368556872
2019-05-01,-0.005994197943234858,-0.002135249788757232,-0.0030868074944937485,-0.1314441347532912,-0.28842728101855863
2019-05-02,-0.008617755384526471,-0.0036962976066429176,-0.004865987429595098,-0.133346582119513,-0.2903502992210175
2019-05-03,-0.0017676668008475005,-0.0012447052384797486,-0.001190683178309171,-0.1266241799424911,-0.2890245783810871
2019-05-06,-0.005399066703695943,-0.001464377183874932,-0.0021867332291362063,-0.1304850843080213,-0.28721371798038986
2019-05-07,-0.015338252786732731,-0.0031993104204904865,-0.00609237628167747,-0.14103586697063553,-0.28832125472452474
2019-05-08,-0.016760259524055687,-0.0042030037464533265,-0.007247654304503803,-0.14459583407312337,-0.29176038671929305
2019-05-09,-0.018881781179598267,-0.004010481735379878,-0.007667376872167231,-0.1460395751174164,-0.292175314667637
2019-05-10,-0.014072271030717731,-0.002454786106045548,-0.005193911674772123,-0.13770386652971345,-0.2883254001134523
2019-05-13,-0.026005914636928806,-0.0038958681659196914,-0.00932615041731566,-0.15023365211009843,-0.2930242023449956
2019-05-14,-0.02053734352555403,-0.0027152209813493533,-0.007035603837726945,-0.14603664806743621,-0.2949038304631507
2019-05-15,-0.017314939616500213,-0.0008419691151835274,-0.00477592016032935,-0.14194631167665395,-0.2944539658736468
2019-05-16,-0.01310065592392018,-0.0005803682927509879,-0.0034833628924104687,-0.13704754416962683,-0.29189850363449343
2019-05-17,-0.017801863241250993,-0.001624446028800075,-0.005329076014150336,-0.1393553767000747,-0.2898540912579889
2019-05-20,-0.021263431545896494,-0.0029158517878667967,-0.007205463282935143,-0.14487909796883858,-0.29337076787576166
2019-05-21,-0.015969725673291024,-0.0021033889554075147,-0.0052757897464048575,-0.14221637229218986,-0.29334162125806706
2019-05-22,-0.018224427287766853,-0.0017920357759069194,-0.005483306336624194,-0.13948836168296397,-0.28868304848784354
2019-05-23,-0.024471440481708906,-0.0012189271566753757,-0.006611096979529996,-0.1432385372610845,-0.2822463994018529
2019-05-24,-0.022088646930267908,-0.0005873830882369147,-0.005537887044567813,-0.1435355609288712,-0.2853445276170631
2019-05-28,-0.02719383220077254,-0.0009730920317965186,-0.007251842403756648,-0.1511435743810725,-0.28922553106855664
2019-05-29,-0.03083561527391787,-0.0019052267374375376,-0.00899905516798405,-0.1583506307394772,-0.29598438641279856
2019-05-30,-0.02880663732881772,0.0,-0.006796260221128558,-0.1554278755331464,-0.29299853093466344
2019-05-31,-0.0338071562578145,0.0,-0.007502800952473798,-0.15975185514368828,-0.2944053732343236
2019-06-03,-0.0286347312758074,0.0,-0.003513674286928059,-0.15826398736353264,-0.3022454556617964
2019-06-04,-0.018788232490756784,0.0,0.0,-0.14844947860227276,-0.2990433622811127
2019-06-05,-0.015423741917056866,0.0,0.0,-0.13469165713501474,-0.28421355442537577
2019-06-06,-0.0099823440210014,0.0,0.0,-0.12963604742053236,-0.2835071521975788
2019-06-07,-0.0037797558185433955,0.0,0.0,-0.12352281679059707,-0.27798255213567835
2019-06-10,-0.0032634948118769325,-0.001699352341603233,-0.0011229420797765899,-0.12714043144155474,-0.2816082166236852
2019-06-11,-0.0022265725079196885,-0.0014595566127268977,-0.0005854486379981427,-0.1271159525994059,-0.2810629173836574
2019-06-12,-0.003537807091330558,-0.0010375864824760939,-0.0005039398106536641,-0.12323128416380957,-0.27443060003738773
2019-06-13,0.0,0.0,0.0,-0.12075073881319931,-0.27493692583704177
2019-06-14,-0.0011484304272247892,-7.625440851666276e-05,-0.0003774554356267279,-0.1178331721312228,-0.2678394372043432
2019-06-17,-0.001321558371114251,-0.00048153013465301875,-0.0006786266964790011,-0.11574048112877611,-0.26587448118093104
2019-06-18,0.0,0.0,0.0,-0.1123278206564613,-0.2684128500887961
2019-06-19,0.0,0.0,0.0,-0.10894523761458785,-0.2665636761800537
2019-06-20,0.0,0.0,0.0,-0.104287023165618,-0.26995843038228073
2019-06-21,-0.0020190648610799444,-0.0018734185520152824,-0.0019385857954898889,-0.10927487870499897,-0.2761170991480548
2019-06-24,-0.0013533907228661102,-0.00023935095032612264,-0.0006122297579755909,-0.10810771800723062,-0.2750277748738845
2019-06-25,-0.005859559817684712,-0.0013429126289277171,-0.0027790092111424913,-0.1121741915747223,-0.2774365973725771
2019-06-26,-0.00837285202260174,-0.003967963020772625,-0.005411211020188711,-0.12326083513334196,-0.29090443304603775
2019-06-27,-0.004963292992435919,-0.0016335701531244862,-0.0026747779671518757,-0.11852458879114058,-0.2863354668137016
2019-06-28,-0.0022008962159327794,-0.0006902867108073973,-0.0012319398880911159,-0.11732775670342066,-0.2864819909826428
2019-07-01,0.0,-0.0007924412552205995,-0.000545457063129362,-0.11465906771470358,-0.2849999344774157
2019-07-02,0.0,0.0,0.0,-0.10247680637121948,-0.2695211939907397
2019-07-03,0.0,0.0,0.0,-0.09635309332155473,-0.2624782722881134
2019-07-05,-0.004163740691193962,-0.003943579390740415,-0.0041903777998928415,-0.10296247721289054,-0.2696574688214839
2019-07-08,-0.006994213013163497,-0.005300288545825205,-0.005934929662406052,-0.10356621123451482,-0.271162903451864
2019-07-09,-0.007505617972203615,-0.0056542001216575155,-0.006519254978169631,-0.1032122741835485,-0.27143351491080725
2019-07-10,-0.003026003994345383,-0.0029322961400897185,-0.0034327014697840275,-0.1030158976754435,-0.2767876523240813
2019-07-11,-0.00421000827721052,-0.00513435607753665,-0.005331531703150261,-0.1053861983028922,-0.2790931526694451
2019-07-12,-0.00118192843070819,-0.0038501506623455084,-0.003700856809323416,-0.10647664241694821,-0.2799583669307887
2019-07-15,-0.0011728041864857985,-0.003276060698879646,-0.003190940192020042,-0.1039700506599126,-0.2740715434708232
2019-07-16,-0.004516510178576905,-0.005361607123267831,-0.0053981623335346285,-0.10655333238252673,-0.27300675612899705
2019-07-17,-0.00655674164225184,-0.004290160060010706,-0.005076486445407924,-0.10363456031618867,-0.2673263267949282
2019-07-18,-0.003143259400880005,-0.002005191410454521,-0.0025648268107925087,-0.10043215970712849,-0.26443879784954627
2019-07-19,-0.00712542630716273,-0.004590102569963506,-0.005478527464592986,-0.10942473405770803,-0.2731027515547565
2019-07-22,-0.006476276760144062,-0.0041223320877833425,-0.004850177875072026,-0.11076460857882708,-0.27271534302897105
2019-07-23,-0.002268828433820369,-0.0031899662145131735,-0.002988032260609841,-0.10715775325633148,-0.2746439092799745
2019-07-24,-0.0001719832596526194,-0.0018757942106575332,-0.0016047492095335736,-0.1070867599375932,-0.2748327375488595
2019-07-25,-0.005010642791981379,-0.004558425264282073,-0.004661109085291604,-0.11059209458924146,-0.2753242441158186
2019-07-26,-0.002585589120260523,-0.003287791605386947,-0.0030504140565301707,-0.10625645527842165,-0.26966208394593316
2019-07-29,-0.0023937856199245378,-0.0029619075875643164,-0.002851107142096021,-0.10317268323572693,-0.26662867458528916
2019-07-30,-0.002526023817339018,-0.002756508108912703,-0.0028739315105063,-0.10394794406718699,-0.2703806936283407
2019-07-31,-0.009330021306244607,-0.004843066682091002,-0.006112642084849851,-0.10913574579994256,-0.27500757856117575
2019-08-01,-0.01272154850611773,-0.0023933210397673044,-0.005019391024720821,-0.1028104432264102,-0.25821501966875815
2019-08-02,-0.016061788116833564,-0.0027839974974446235,-0.006274955780030345,-0.10743620750361194,-0.2595829802486538
2019-08-05,-0.031620409262088645,-0.006278264003158784,-0.013137762555126997,-0.12248971809218134,-0.2653267297024132
2019-08-06,-0.023700049818919378,-0.00223311344396504,-0.007986827599419266,-0.11258618258122333,-0.25494467712047886
2019-08-07,-0.021697469948927073,-0.0015683282531075982,-0.006756805894180595,-0.10541739164269748,-0.2465929232473344
2019-08-08,-0.010226516197086144,0.0,-0.0007586581173442131,-0.0956903769824975,-0.24271250550300683
2019-08-09,-0.014245457195898314,-0.001841781572350043,-0.0032358134952891193,-0.0995510954352653,-0.24332880867658935
2019-08-12,-0.01969777691695096,-0.0013323743179610714,-0.004520170961074155,-0.10189633296914091,-0.24257772783215847
2019-08-13,-0.011707462409836888,0.0,-0.0010420685121758089,-0.09900823458963781,-0.23890329231673402
2019-08-14,-0.027573685072979193,-0.0031476272366286473,-0.00790264456166967,-0.10066471238294072,-0.23478193388987068
2019-08-15,-0.02390972288662707,0.0,-0.004146132164725702,-0.09377300240472508,-0.22766532256736083
2019-08-16,-0.016193166395565894,0.0,-0.0003884106101256224,-0.08965974032319934,-0.22536080975772155
2019-08-19,-0.011351638277932397,-0.00036013041766813636,0.0,-0.08734575146770074,-0.22639228440783332
2019-08-20,-0.01346211915879636,0.0,0.0,-0.08357519325252338,-0.21985721733940555
2019-08-21,-0.009058973493460964,0.0,0.0,-0.08043897223031715,-0.2179089639819779
2019-08-22,-0.010666032390151514,-0.0014651129559697385,-0.0012291555236690899,-0.08286835102670298,-0.21590824299987565
2019-08-23,-0.022420608244081097,-0.0028443974073235623,-0.0056496920025218555,-0.08104407183532503,-0.2087588784273431
2019-08-26,-0.01708390375876867,-0.001428645364398906,-0.002873055735473473,-0.07613242491656502,-0.20635243660883595
2019-08-27,-0.01670005889901882,0.0,-0.0016631787755686522,-0.07189382044202663,-0.20639660772387836
2019-08-28,-0.012112392464580513,0.0,0.0,-0.06998958243321907,-0.20698730903454476
2019-08-29,-0.0057590908817996,0.0,0.0,-0.06579755005023769,-0.2068323861032697
2019-08-30,-0.005666389168931474,-0.00012797503928196896,0.0,-0.06686883095249307,-0.2066817545634838
2019-09-03,-0.0069881395753838005,0.0,-2.1892265743783668e-05,-0.058016318118729426,-0.1979526150916877
2019-09-04,0.0,0.0,0.0,-0.050284735955641646,-0.1996915573477358
2019-09-05,0.0,-0.003021770972798765,-0.0013101674794302465,-0.06485271109731383,-0.21357311090786846
2019-09-06,0.0,-0.0019349101353507425,-0.0001371928617650564,-0.06544374239880324,-0.21515852217444198
2019-09-09,-0.0005894398273056378,-0.004360600122397917,-0.0019105643781246462,-0.07212921069780154,-0.22956526506305452
2019-09-10,-0.0019073899548252005,-0.007529308617451491,-0.004322625343166631,-0.07990339288677484,-0.23967038846000788
2019-09-11,0.0,-0.006469501382479592,-0.0025406798432151545,-0.07653315558354357,-0.23563000655943267
2019-09-12,0.0,-0.006558067563761316,-0.0018992987959290941,-0.0758018548882895,-0.23383567984513598
2019-09-13,-0.002178797323002968,-0.010451054344333244,-0.005011084104805996,-0.08680099540905761,-0.2483840344741428
2019-09-16,0.0,-0.006927362909617818,-0.0024301655422158674,-0.08039848630184909,-0.2502462138994921
2019-09-17,0.0,-0.005752669168522129,-0.000940213574528892,-0.07553056059298024,-0.23970415251851773
2019-09-18,-0.0006390515529053342,-0.006052446821574131,-0.0012678659421602179,-0.07556360257430006,-0.23791647581566122
2019-09-19,0.0,-0.0052923445595061125,-0.0004944638697739201,-0.07367458504373514,-0.2366860127468905
2019-09-20,0.0,-0.0031242167461909,0.0,-0.07147146201123378,-0.23691006424323247
2019-09-23,0.0,-0.0023662357915511523,0.0,-0.06868093656296981,-0.2336090931620215
2019-09-24,-0.002921661986452051,-0.0018685803845933657,-0.00045252279325347367,-0.06661957926613205,-0.2299707293934602
2019-09-25,-0.003887975541931543,-0.004604132312063025,-0.002406586237196362,-0.07123307014898861,-0.2315571473585465
2019-09-26,-0.003552019918689253,-0.003744916821371236,-0.0016428891041724292,-0.06896798903430446,-0.22716058587029564
2019-09-27,-0.006580887454858186,-0.004506612978545377,-0.003065478857592785,-0.07238057135097109,-0.22843101542279398
2019-09-30,-0.005061995260041807,-0.0038115051086207163,-0.0018348498874474206,-0.07404556899377723,-0.22607734337487662
2019-10-01,-0.012442103689140893,-0.005702973299267611,-0.005097445403951517,-0.07501784734750627,-0.22439080728631788
2019-10-02,-0.0225820337263285,-0.008780986463309493,-0.010280386932799201,-0.07567165716178148,-0.22261662072330035
2019-10-03,-0.016723429483565422,-0.004847644306908538,-0.0060048301452063635,-0.06957184270004257,-0.2202323158217383
2019-10-04,-0.008698183124137393,-0.0010239168627604878,-0.0011222846759302296,-0.06152891309231845,-0.21549170308859433
2019-10-07,-0.013262224897817032,-0.0040863657200583825,-0.00439402393440802,-0.06745556845068279,-0.21969330882125904
2019-10-08,-0.02097905775400588,-0.006409603168679334,-0.008329418104029984,-0.07082670699793037,-0.22112912468857604
2019-10-09,-0.016066979041461593,-0.0051353303035251985,-0.005923688688703632,-0.06816591096633495,-0.22001435500310196
2019-10-10,-0.013404893921658778,-0.006059733489793273,-0.005729712414191401,-0.07450452688972375,-0.2274216223783304
2019-10-11,-0.007441939407689779,-0.00531988832629926,-0.0033675034885950472,-0.07971724651677425,-0.2390911724948851
2019-10-14,-0.00824858179718535,-0.0049600724714590205,-0.003421456400904521,-0.07855199663088608,-0.23704173594249844
2019-10-15,-0.005329186983197287,-0.005140758872176465,-0.0024600445068876375,-0.0833309223937655,-0.24276855907242656
2019-10-16,-0.005161961787080505,-0.004387016895686213,-0.0018718484205711983,-0.08119858107283318,-0.23906323971529098
2019-10-17,-0.003002913052294942,-0.003523408222934732,-0.0004943536093064971,-0.07940011233351663,-0.23945310450837765
2019-10-18,-0.004025019747598169,-0.003550597462098737,-0.0006146781859035499,-0.07706795634980057,-0.23642030939033942
2019-10-21,-0.0009943043591397194,-0.003391079478025749,0.0,-0.07676827868893765,-0.23766219529175214
2019-10-22,-0.0004473138338156879,-0.0024690261682988046,0.0,-0.07686389050747111,-0.2409403478424571
2019-10-23,0.0,-0.001044868029260737,0.0,-0.07603353930173151,-0.24497106520533696
2019-10-24,0.0,-0.00033831492541780417,0.0,-0.07132040951003782,-0.2410931464971463
2019-10-25,0.0,-0.0006001612671423517,-3.569431985150917e-05,-0.07283680280590477,-0.24461747449432936
2019-10-28,-0.0004087072457431562,-0.0019803025198950053,-0.0009630378497417214,-0.07765114250567284,-0.2484253704741457
2019-10-29,0.0,-0.0018400008414485303,-0.000833572806706262,-0.07691719618585435,-0.2517307591285415
2019-10-30,0.0,0.0,0.0,-0.06945006313887081,-0.2406621759986478
2019-10-31,-0.000940256825600283,0.0,0.0,-0.06461391768490665,-0.23544948584315006
2019-11-01,0.0,0.0,0.0,-0.0651494565335009,-0.237397271128843
2019-11-04,0.0,-0.0008167797487323991,-0.00033906767286306927,-0.07258728953731308,-0.2471787808128837
2019-11-05,-0.00280848107961551,-0.00351847990908849,-0.003048266770498742,-0.08320434437999769,-0.25569882416782397
2019-11-06,-0.0028019250103125115,-0.002714114060897721,-0.0022446428107915084,-0.07958188806869726,-0.24697291649616604
2019-11-07,-0.004506033252195896,-0.005680791121940643,-0.00480135858857933,-0.0927327864507993,-0.26136476512643114
2019-11-08,-0.005093383898839177,-0.006197664012736803,-0.005221993492911525,-0.09658276003860244,-0.2617390911756239
2019-11-11,-0.007014146625626938,-0.00697889103389937,-0.006251106383571958,-0.09794364304896186,-0.2607979907377713
2019-11-12,-0.006397164953892198,-0.006392273084710687,-0.005709800410182209,-0.09744823016733173,-0.26089495268675655
2019-11-13,-0.00552337175509654,-0.005248300778292858,-0.004609954988885057,-0.09068207930731276,-0.2561587231233813
2019-11-14,-0.003290621665763771,-0.0032098926957513374,-0.0026434844761991094,-0.08627420416902432,-0.2504244219121269
2019-11-15,0.0,-0.0018370131482727814,-0.0004293042398298974,-0.0837255957017059,-0.25216920815497046
2019-11-18,-0.00024078523620696402,-0.0016244747609445165,-0.00019544919747205292,-0.08141827483638664,-0.2474585307072118
2019-11-19,-0.0012849684866836908,-0.0018683162505229722,-0.0007320124037721865,-0.08034476730151019,-0.2470366551100034
2019-11-20,-0.0011917897800474142,-0.0008531505249842475,-0.0003792856131634714,-0.07995903952011885,-0.24801538283470426
2019-11-21,-0.0027891213661621617,-0.0021206000679635517,-0.0018992162049411565,-0.08445018609847232,-0.25556214149200407
2019-11-22,-0.0015978332064632284,-0.0015264073840042247,-0.0009384646709141853,-0.08470769908804632,-0.25493966393559575
2019-11-25,0.0,0.0,0.0,-0.07984532780870346,-0.2519058639040357
2019-11-26,0.0,0.0,0.0,-0.07455319292465623,-0.24451537999207285
2019-11-27,0.0,-0.00011734874294722086,0.0,-0.07315399560047242,-0.24415173515919553
2019-11-29,-0.0043536380196558255,-0.002053078802448205,-0.002499224748362505,-0.07340909102427329,-0.24355805742448078
2019-12-02,-0.010043557731435282,-0.005052931983940634,-0.006106871949091541,-0.08138965122667141,-0.2534940479309943
2019-12-03,-0.011126253800312846,-0.00334938143805108,-0.0052743563276586025,-0.07922601662920314,-0.24931422300167383
2019-12-04,-0.006624026303290287,-0.002031182897320627,-0.0029708045605292277,-0.08012724908392943,-0.25189197206256
2019-12-05,-0.006219097876146273,-0.0023509495695984706,-0.0029690426609557674,-0.08046145283854533,-0.25161102341903585
2019-12-06,-0.0016761570598667896,-0.0011926646181668055,-0.0008740338456542096,-0.07493696996403665,-0.25090977304559103
2019-12-09,-0.0031911604531652538,-0.0016902333713839646,-0.0016817485789770714,-0.07681625188013563,-0.25212220827149245
2019-12-10,-0.0032894067197285493,-0.0018730798767752077,-0.0018396617935833026,-0.07622415250145054,-0.253148930688077
2019-12-11,-0.0003993848508658804,0.0,0.0,-0.06979259236679392,-0.24801739688678848
2019-12-12,0.0,0.0,0.0,-0.06964884122935977,-0.2542292983897918
2019-12-13,0.0,0.0,0.0,-0.06573113345135673,-0.24983658313621893
2019-12-16,0.0,0.0,0.0,-0.06332344630436182,-0.2530041158800438
2019-12-17,0.0,0.0,0.0,-0.06527927273752798,-0.25690905227404937
2019-12-18,0.0,-0.00021618317279259447,0.0,-0.06570434472922959,-0.2597182062068156
2019-12-19,0.0,0.0,0.0,-0.06204604828316984,-0.25683829182090867
2019-12-20,0.0,0.0,0.0,-0.05920537229532974,-0.2557256568379759
2019-12-23,0.0,-5.129942923787212e-06,-4.6675263920548105e-07,-0.05745199730217876,-0.25743102418271524
2019-12-24,0.0,0.0,0.0,-0.056884980247957406,-0.25723520351196216
2019-12-26,0.0,0.0,0.0,-0.05270621067527259,-0.25246641973922346
2019-12-27,0.0,0.0,0.0,-0.053007976783827404,-0.2518923032834899
2019-12-30,-0.0027341760667654036,-0.001043846138875204,-0.0014717227370603103,-0.05599051603757721,-0.254572228892762
2019-12-31,-0.0017582789140065946,-0.0012474259376737962,-0.0011974246493882124,-0.05393388135341204,-0.252693205468959
2020-01-02,0.0,0.0,0.0,-0.04064963843039693,-0.24643867699433375
2020-01-03,-0.001742330782112278,0.0,-0.0002822469355827639,-0.04427743068043566,-0.24901834925734434
2020-01-06,-0.0005710373490621645,0.0,0.0,-0.044741470494109814,-0.24942746525255732
2020-01-07,-0.0030751309651668723,-0.0013199780114377946,-0.0017210222346351056,-0.04952458682407457,-0.2547827772125817
2020-01-08,-0.0030994996247208917,-0.0021117551507734422,-0.0018196544919187874,-0.043980590055842206,-0.24577032720580738
2020-01-09,0.0,-0.00048721121521633215,0.0,-0.0405233328827741,-0.2415884298933516
2020-01-10,0.0,0.0,0.0,-0.04155588097794283,-0.2422043154350474
2020-01-13,0.0,0.0,0.0,-0.03600440930356852,-0.237277925836884
2020-01-14,0.0,0.0,0.0,-0.035844328315185026,-0.2371540213962452
2020-01-15,0.0,0.0,0.0,-0.03340633689909944,-0.23135407232054772
2020-01-16,0.0,0.0,0.0,-0.026206992974221577,-0.2251157042589682
2020-01-17,0.0,0.0,0.0,-0.02333453023810883,-0.22247750450876758
2020-01-21,-0.002549812500610038,-0.00037845449483053795,-0.0007815355476001873,-0.022453212762745478,-0.21820943076092403
2020-01-22,-0.0031433071490393205,-0.0005356676675346561,-0.0008283189290479998,-0.019611592791968335,-0.21333598098604745
2020-01-23,-0.0025579277653189347,0.0,-0.00038126157678441963,-0.01571443799778749,-0.2083692455233318
2020-01-24,-0.0073718616443705365,-0.0015570678612789601,-0.002911280864890231,-0.0219038334345939,-0.21292388132344653
2020-01-27,-0.017288620441350266,-0.004500967294447489,-0.0077640192833488,-0.03488308835923193,-0.22129777760252878
2020-01-28,-0.012718211945552893,-0.0032340362890402874,-0.005166213588239876,-0.026009598764461517,-0.21434466973418687
2020-01-29,-0.012013136210719866,-0.0019035742764494934,-0.004186593525393967,-0.02612201111782675,-0.2120782120712723
2020-01-30,-0.011213639153968114,-0.0013479411317112167,-0.0034651750905879686,-0.020152010767538253,-0.20697266796009728
2020-01-31,-0.021373235821870007,-0.0042135478693698936,-0.008251792790817891,-0.034649874279846116,-0.2140958860518155
2020-02-03,-0.01953320836916661,-0.004134487495254802,-0.007448187680236584,-0.02771049890554289,-0.20010813190737353
2020-02-04,-0.012692910679526603,-0.0029888497938135306,-0.00426469914948735,-0.021095633710295325,-0.19791785540886442
2020-02-05,-0.004623254314666259,-0.000558704690597378,-0.0003887477257054073,-0.014964015902610872,-0.19507785283614076
2020-02-06,-0.0034478884857946923,0.0,0.0,-0.01049341346783017,-0.18943736322455762
2020-02-07,-0.006697589497407619,-0.0001213821526223624,-0.0010510980420086469,-0.01062804448409338,-0.18388422250576508
2020-02-10,-0.0034279680859350403,0.0,0.0,-0.00501215184812398,-0.17710845033539435
2020-02-11,-0.0006106730004121763,0.0,0.0,-0.005424730151672996,-0.18115300389842293
2020-02-12,0.0,0.0,0.0,-0.004301512160841958,-0.18479191968264597
2020-02-13,-0.0004115210016831794,0.0,0.0,-0.0010631291084159944,-0.17860546116775822
2020-02-14,0.0,0.0,0.0,0.0,-0.17422038199918666
2020-02-18,-0.0007407057253492333,0.0,-7.359220988933934e-06,-8.594139516782118e-05,-0.17394002483573479
2020-02-19,0.0,0.0,0.0,0.0,-0.17305108695749838
2020-02-20,-0.00043610051103371017,0.0,0.0,-0.0025157159690319952,-0.17449258004471657
2020-02-21,-0.003076409711172179,0.0,-0.0005846380165867027,-0.010532609279431226,-0.17950067035327455
2020-02-24,-0.022202671505128446,-0.005500730339138893,-0.010208205707239904,-0.03806153144350144,-0.19642358959849682
2020-02-25,-0.04149168201030207,-0.011786556422438643,-0.020168821172062867,-0.06121171427285277,-0.20637864322374222
2020-02-26,-0.04568087235635898,-0.012994731841361906,-0.02225059652127459,-0.06406061062176449,-0.2047128571907051
2020-02-27,-0.07178075822489349,-0.020045003774112446,-0.03616998717844189,-0.0910473482743196,-0.2243785304718804
2020-02-28,-0.07937724403021928,-0.018805139490155276,-0.03796089965465943,-0.09939661447544634,-0.2355727673569702
2020-03-02,-0.05389625681335253,-0.011913817083928468,-0.024459852530771098,-0.07273542193552329,-0.21892971124169391
2020-03-03,-0.06199938091229118,-0.009390959323276271,-0.02532323320708929,-0.07401139156987069,-0.22336020082805907
2020-03-04,-0.03885772568989354,-0.0031947446929523338,-0.012785366303007195,-0.05300639100733617,-0.21057927076623761
2020-03-05,-0.05527134467469008,-0.004684148929186338,-0.019718936774896112,-0.060692833886559994,-0.20962360507324695
2020-03-06,-0.06564221804608239,-0.0040458409363614,-0.023435374002538922,-0.061275121355083395,-0.19228241806373558
2020-03-09,-0.11847062147867948,-0.016720687776297982,-0.051095883337948456,-0.09400385788197607,-0.15391488018577104
2020-03-10,-0.09927042809781372,-0.018916094859282584,-0.04563761960886681,-0.08975105320171717,-0.15571027854656594
2020-03-11,-0.1342002079034612,-0.028958159580366405,-0.0677439099524052,-0.1200735237512005,-0.17632368589259906
2020-03-12,-0.19137962130957187,-0.042270843469246144,-0.10183957925303666,-0.16221957872695725,-0.19303082492205104
2020-03-13,-0.15415484644954258,-0.03489223527976559,-0.08232718937278083,-0.14217641899429123,-0.17106100784531098
2020-03-16,-0.2204573392428223,-0.04644014649784267,-0.1137623007240719,-0.1732118637855713,-0.1607775164300862
2020-03-17,-0.1964665541205438,-0.04871714969174412,-0.10482668543693419,-0.14848377712326455,-0.12231180977682254
2020-03-18,-0.240811611394131,-0.06608600772820172,-0.12898051798236354,-0.182531646952385,-0.10411974120073653
2020-03-19,-0.2388449243107883,-0.06451801749155939,-0.12962382129393124,-0.1737235723623053,-0.10590635006871918
2020-03-20,-0.2516180302636454,-0.06012676407579687,-0.1325284177006978,-0.16461256679078085,-0.12382510280463688
2020-03-23,-0.2625414310737496,-0.05782083037675534,-0.13403225436568966,-0.15401328629374744,-0.13061995272363114
2020-03-24,-0.21139794067463225,-0.04635984857281383,-0.10891938904483123,-0.1310553953114738,-0.1321579184079723
2020-03-25,-0.19511254856526106,-0.0420045868440696,-0.10003229160453131,-0.12591618472067,-0.143427022104875
2020-03-26,-0.16238839190819532,-0.03366421327073488,-0.08413254534905323,-0.09960675295697075,-0.129629876893107
2020-03-27,-0.17718494135340546,-0.034949801033858474,-0.08959723047057022,-0.09789982686097964,-0.10249851540682264
2020-03-30,-0.16280091088884896,-0.031511550312768866,-0.08284246779802429,-0.09125236569122597,-0.08894318688027258
2020-03-31,-0.17268921673048598,-0.03440443336723531,-0.08794596533375443,-0.10287185518910291,-0.10863173974098961
2020-04-01,-0.19903499633985833,-0.03873448970502036,-0.09923009390323934,-0.10762219258766959,-0.09776597889944649
2020-04-02,-0.18365999351235296,-0.03478849184786048,-0.09216531402505945,-0.09780972317811243,-0.11600099057348945
2020-04-03,-0.1915986236456888,-0.03604664956672998,-0.09536927831526365,-0.09934377997673738,-0.1279274031634816
2020-04-06,-0.15531196846700368,-0.029082605771901804,-0.07960567124488671,-0.07746874825299954,-0.1078132603499985
2020-04-07,-0.15373321105420779,-0.029871224643991834,-0.07951715766101253,-0.08465557431724902,-0.11892996540106393
2020-04-08,-0.1325329838834689,-0.026037829149324065,-0.07072130720354508,-0.07275211422971695,-0.12040672448757084
2020-04-09,-0.11398987538496108,-0.020778390342138242,-0.060643279736471545,-0.06430253120532159,-0.1254653881349892
2020-04-13,-0.1228216548242459,-0.022492269967196776,-0.06394460046723782,-0.06261477661396031,-0.11322571037608886
2020-04-14,-0.10966586736878481,-0.019797467682617698,-0.058449210770892934,-0.05466456154221433,-0.09227551925713628
2020-04-15,-0.1259561501717974,-0.02063623257366287,-0.06385550625299852,-0.050987047533432195,-0.06665266722941854
2020-04-16,-0.12717378341302754,-0.020076914251613842,-0.06379104879605113,-0.0474323706242572,-0.057295105612489405
2020-04-17,-0.1082015133902452,-0.018185894904681255,-0.05761539255506398,-0.05313704782925377,-0.06887176799495531
2020-04-20,-0.12153342139971202,-0.02007073658322933,-0.06275402005623187,-0.05376219869259524,-0.07159484978335295
2020-04-21,-0.13819873319866427,-0.023031054304591958,-0.06998271833058745,-0.05337224423989817,-0.07009997727672301
2020-04-22,-0.12545707215675184,-0.02119198062302463,-0.0649474424265496,-0.045066378108671756,-0.06488775246510414
2020-04-23,-0.12462677484390172,-0.020757855797810087,-0.06454807143870744,-0.04270753865849364,-0.0750603548473271
2020-04-24,-0.12006842484601221,-0.020117026230993762,-0.06316303202807849,-0.03925559899033715,-0.07094304812311336
2020-04-27,-0.11198320801524309,-0.020521713377057327,-0.06123172811550803,-0.04545619232685072,-0.08605884029535638
2020-04-28,-0.10790551224524847,-0.018722833223903113,-0.059253195662691716,-0.044823806273913136,-0.10363447970577888
2020-04-29,-0.09339952306262322,-0.01622616956585876,-0.05358343044853797,-0.043449714336189715,-0.1216941434583041
2020-04-30,-0.1034641107079256,-0.017664047932449134,-0.05684494306302945,-0.052450485530946334,-0.12123590287350117
2020-05-01,-0.12091573138834599,-0.02116138052044214,-0.06411476374824698,-0.052064541132641695,-0.10838005973933484
2020-05-04,-0.1182428692916101,-0.020691601710270735,-0.06305733601204733,-0.05243674190408276,-0.10825934418061389
2020-05-05,-0.11382051051470399,-0.019801065367620052,-0.06090650358100391,-0.04806323693660064,-0.1053033552304744
2020-05-06,-0.12421641902442182,-0.023020706521154066,-0.06577612702777147,-0.05850976393403462,-0.11144488862749535
2020-05-07,-0.11497778125137459,-0.01934246439623677,-0.06104018147645085,-0.0491465677423818,-0.10755740660382285
2020-05-08,-0.10272238592474459,-0.01813649917671112,-0.05678855005180339,-0.050241861496935436,-0.12183473278037293
2020-05-11,-0.10806755726400663,-0.02007212850274931,-0.05950375667500296,-0.05262897129109212,-0.11526920561906717
2020-05-12,-0.11777611881682493,-0.020824231497809764,-0.06262855769534781,-0.04734759069098338,-0.10518500244464735
2020-05-13,-0.12760091201442625,-0.02188351595850979,-0.06588305040209741,-0.04482949802546754,-0.09993742356235846
2020-05-14,-0.12096905011192471,-0.01991610382583242,-0.06283426869513797,-0.03791946452423278,-0.09587837268504074
2020-05-15,-0.12018755646384194,-0.019291374512983017,-0.061935186915149876,-0.036153881998102766,-0.08942255739220872
2020-05-18,-0.09585120009826509,-0.016938992113238904,-0.05349424924664814,-0.03939813980751583,-0.10952265525998695
2020-05-19,-0.10284317111161556,-0.01712241457628494,-0.05533620456175825,-0.037845791025913345,-0.10425154360440003
2020-05-20,-0.09165711243087293,-0.014770494034588966,-0.05066913348332591,-0.03589033362566063,-0.10985716474414053
2020-05-21,-0.09669779966823877,-0.015862909492566746,-0.05285909831890889,-0.04048192718074317,-0.11544389348672146
2020-05-22,-0.09637664209998831,-0.015335876306812879,-0.052508086760225336,-0.03667312137414269,-0.10989176088465824
2020-05-26,-0.08457498063289948,-0.014393673532712037,-0.04871168955584393,-0.04436156096090449,-0.13958420385279058
2020-05-27,-0.07544737788858269,-0.01311455207274248,-0.045579964616049184,-0.041395781657217356,-0.15349060228532585
2020-05-28,-0.07509180660894033,-0.012768285131750212,-0.04493748791195873,-0.04211183311726252,-0.13985335498965135
2020-05-29,-0.07198498168409573,-0.011112961208512573,-0.042813077393587196,-0.034836232023881086,-0.12502252910019185
2020-06-01,-0.0654428854807595,-0.010270031073759456,-0.04037405262422267,-0.03554199118208978,-0.13391125801091552
2020-06-02,-0.05783328746453875,-0.009316434918515082,-0.037644207153144316,-0.03610038511747038,-0.1376369483647587
2020-06-03,-0.047417549429824124,-0.00982447070433945,-0.03539005794015748,-0.04330324042189515,-0.15615155970757155
2020-06-04,-0.04948755579300501,-0.010821415238052245,-0.03639212573803163,-0.04715261359467815,-0.15704170734422063
2020-06-05,-0.03195101320013427,-0.009267111087210234,-0.03094576347269562,-0.048690384722338775,-0.17751540794182186
2020-06-08,-0.021456764693061903,-0.007480526111748209,-0.02731029263824747,-0.043832764756785436,-0.18482622879583122
2020-06-09,-0.029416560098798894,-0.007469009762184675,-0.029304496436177274,-0.036994552192984975,-0.16858509705600977
2020-06-10,-0.034342236494005585,-0.005813477855086457,-0.02915666038521314,-0.02628648846749826,-0.14025273015225526
2020-06-11,-0.07445047134179739,-0.011979017606675857,-0.043963085499038934,-0.036924840699496864,-0.13281653622317002
2020-06-12,-0.06458452146465199,-0.010704499264202805,-0.040385168105203095,-0.03687285554902753,-0.14004788092020348
2020-06-15,-0.058758396082281616,-0.009750839602189032,-0.038035300747171985,-0.03560454827754478,-0.13915171001878712
2020-06-16,-0.04877861498684266,-0.008979469961468034,-0.034843740044038896,-0.03275624968144064,-0.1355750838692099
2020-06-17,-0.05270976789287629,-0.008951183610893865,-0.03571914082850425,-0.03135477493144612,-0.13244334848143868
2020-06-18,-0.05207424982771669,-0.008190551836248727,-0.03527261462211051,-0.028111695391667357,-0.1282110484256741
2020-06-19,-0.055883741062407566,-0.008209538917247405,-0.03601638291706177,-0.024196403210280604,-0.12448039541210065
2020-06-22,-0.05219612434657017,-0.007683255727283567,-0.03467654855316693,-0.020676971071230565,-0.11630651530927649
2020-06-23,-0.05111153999185847,-0.007524861079188372,-0.0341324142080317,-0.023424165215654824,-0.12035793815134854
2020-06-24,-0.06839481098727884,-0.009927038083005768,-0.04023187249012883,-0.02650504847404378,-0.11663759295643616
2020-06-25,-0.06192281212665529,-0.008674186316878219,-0.03789324533006311,-0.022216996718192217,-0.12056596454015678
2020-06-26,-0.07405202114994869,-0.009764496641937015,-0.04174842597259254,-0.024250634143932803,-0.11617171262779546
2020-06-29,-0.06422844972984498,-0.007786210182997411,-0.037933871434604804,-0.021193300072696264,-0.11774418119374941
2020-06-30,-0.057592155006261136,-0.007020269219324637,-0.03561995852433408,-0.016590916733095873,-0.1070051767288539
2020-07-01,-0.054868938390452704,-0.006885543606864997,-0.034560375495120366,-0.017900937330894928,-0.11063766793003893
2020-07-02,-0.04923638695211063,-0.005351157099926063,-0.032019647372754534,-0.015443306144644287,-0.10875182132127814
2020-07-06,-0.04064879740788607,-0.004245045762248378,-0.028879199982345227,-0.011010841653990466,-0.10272826450093575
2020-07-07,-0.047336380768539854,-0.00394740668506921,-0.030386540376440396,-0.007870447337258613,-0.09495970963654543
2020-07-08,-0.04356571116609309,-0.0034358164950504255,-0.02890235753791881,-0.0036286047793651077,-0.09996945695923909
2020-07-09,-0.05045342440633549,-0.003302556981202076,-0.03053024772185242,0.0,-0.09333272708776597
2020-07-10,-0.04301808402502105,-0.002891820455979577,-0.02854284363796078,-0.0025334011244992904,-0.10019974600016768
2020-07-13,-0.046207467078806075,-0.0032587637966008387,-0.02977670635043428,-0.002573423443524736,-0.10002597735444563
2020-07-14,-0.03610355721395164,-0.0012656508866842886,-0.025897014912489413,0.0,-0.09682521012752265
2020-07-15,-0.028360911212953588,-4.880107158267144e-05,-0.02309504093792525,0.0,-0.09908242190480476
2020-07-16,-0.03049352338147826,-0.00031511259404193304,-0.023937646616489228,-0.004076153693021389,-0.10843994810545632
2020-07-17,-0.026886210469009075,0.0,-0.022174290414802456,-0.0014427955665046177,-0.10060041150093102
2020-07-20,-0.027040983343413094,0.0,-0.021887895930097878,0.0,-0.07882844484354867
2020-07-21,-0.019128749643612886,0.0,-0.018863974539940598,0.0,-0.09339182285678693
2020-07-22,-0.013994078011666966,0.0,-0.016550921864780577,0.0,-0.08327568857826184
2020-07-23,-0.016488106434277783,0.0,-0.017038076162744775,-0.002637549827692709,-0.0913883761632418
2020-07-24,-0.01933831335726921,-0.00027330237919909184,-0.01780465933294917,-0.005902717522785483,-0.09385261485996088
2020-07-27,-0.014438105006436497,0.0,-0.0159250251507137,-0.002641455815182381,-0.08825603248694736
2020-07-28,-0.01646206740071532,0.0,-0.016101207833247422,-0.0036561951547608995,-0.09101330999797874
2020-07-29,-0.007436662824826246,0.0,-0.01256737769251104,0.0,-0.09112846912364614
2020-07-30,-0.014282698700889274,-0.0005780260386603064,-0.014573135206564558,0.0,-0.08074895988051012
2020-07-31,-0.013940526058365155,-0.00019395589084836296,-0.014143750903383046,0.0,-0.07659009144342199
2020-08-03,-0.011755313637876186,0.0,-0.013310693327847178,0.0,-0.07582486350550344
2020-08-04,-0.004351463838793257,0.0,-0.009951144796136568,0.0,-0.06913141421420665
2020-08-05,-0.00014981314145356972,-0.00010862223637353452,-0.008839101747121991,0.0,-0.06396405063754584
2020-08-06,0.0,0.0,-0.007317128362466785,0.0,-0.06306116557665742
2020-08-07,0.0,-0.0011086299251242826,-0.008256382967555598,-0.004822664951840361,-0.07186807524082617
2020-08-10,0.0,-0.0009675704496275861,-0.007228667596253291,-0.008237542502963824,-0.08587365506549594
2020-08-11,-0.008198095309122966,-0.004506503138752005,-0.011941143861156633,-0.03021483361352606,-0.09918895863597621
2020-08-12,-0.0012926141794997736,-0.004276965874243199,-0.00994157484635283,-0.027222443433355892,-0.0910406161665579
2020-08-13,-0.0039330910269380626,-0.005100689306865136,-0.010869039117177182,-0.024488670183576478,-0.0827260610818068
2020-08-14,-0.004707495653941796,-0.005384156397239104,-0.011356743183293938,-0.026844509298387442,-0.08888010290414339
2020-08-17,-0.0001856070560832812,-0.0037273113565490235,-0.008810263567706644,-0.01866203500516561,-0.07293158960105173
2020-08-18,-0.00028757387381883603,-0.002914591851636561,-0.00817828917955521,-0.013227846436033697,-0.06713113674406013
2020-08-19,-0.00647082278916522,-0.004747291610571414,-0.010950683653809024,-0.01833900948041678,-0.06362321690985451
2020-08-20,-0.007275257533516322,-0.0040017341190292655,-0.010582305227903044,-0.01213878362088816,-0.058455261376782586
2020-08-21,-0.007071973686916588,-0.0039029177948345373,-0.010597036569695573,-0.013235658139303053,-0.056550119800082066
2020-08-24,0.0,-0.0030853754639963427,-0.008247693177026338,-0.011820373244924132,-0.05850186422710568
2020-08-25,-0.0002175358132285865,-0.0035240601735264665,-0.008350545696828804,-0.012032027543017243,-0.057339027408112475
2020-08-26,0.0,-0.003345720642576544,-0.007818257892529878,-0.009466425730205064,-0.04617717352398687
2020-08-27,-0.0009524887635532497,-0.004935640605212455,-0.009112840460796079,-0.015291671392046124,-0.05974691756279904
2020-08-28,0.0,-0.0032029830622143374,-0.0062479191834695635,-0.009888030800831005,-0.05474455957013724
2020-08-31,-0.004595360986026642,-0.0032302300453933563,-0.007263680498151293,-0.006187533273281476,-0.044989185192206294
2020-09-01,0.0,-0.001636059608207785,-0.0050365007325579025,0.0,-0.03040871001487022
2020-09-02,0.0,-2.3348385917665304e-05,-0.002107938665051212,0.0,-0.026582649078215836
2020-09-03,-0.01573701157999885,-0.002407838375451443,-0.007691480644880122,-0.012593268985199746,-0.04787029657474484
2020-09-04,-0.01996520082425579,-0.004834255609926674,-0.010326848448363513,-0.02111902835160595,-0.05318602784155457
2020-09-08,-0.03362429113744303,-0.006559726178883674,-0.014824408812831757,-0.03477637484486851,-0.06340539054051031
2020-09-09,-0.022285114070964673,-0.004606964962108107,-0.010571052439727335,-0.021621572085583907,-0.051969074621338374
2020-09-10,-0.032851729749088565,-0.006062055767963148,-0.014088426677557497,-0.029456566563396458,-0.05468053052611921
2020-09-11,-0.029387909775973386,-0.005006297209643296,-0.012489366344735298,-0.03044551598226064,-0.05482812075005428
2020-09-14,-0.020735247186214,-0.003779168226011431,-0.00962702281936223,-0.021880179614780393,-0.0494896940184163
2020-09-15,-0.018538629910405557,-0.003532034832077424,-0.008757201673739945,-0.019504862854961003,-0.05111263991295356
2020-09-16,-0.01561291018040245,-0.0031088344695784365,-0.007846659675290635,-0.023795665964048807,-0.062360031556051965
2020-09-17,-0.01842624908761803,-0.0034658957695958836,-0.008777981649161659,-0.030042662664064634,-0.06876086302627837
2020-09-18,-0.025696964084796492,-0.00461826322801373,-0.011162541921369007,-0.038035718835027876,-0.07312471575338075
2020-09-21,-0.039767970934355246,-0.006877392968418161,-0.016224153457631174,-0.043156622014728474,-0.0642370435692764
2020-09-22,-0.03791201900730434,-0.006593869591987267,-0.015508270858432538,-0.03569239474508812,-0.05501523717851353
2020-09-23,-0.05342536019594568,-0.00927606744456233,-0.021046860942649515,-0.052009308411022914,-0.060959772573741966
2020-09-24,-0.05142837905663833,-0.008724471464787054,-0.0202824979873244,-0.048932983218378245,-0.06192399795453307
2020-09-25,-0.04501585209710224,-0.007704266361860834,-0.01816919848043619,-0.04399181895743742,-0.05704703354550289
2020-09-28,-0.03403875054654948,-0.005852993173361631,-0.014209082449597732,-0.03664170423901725,-0.05238350911263845
2020-09-29,-0.0384215094880177,-0.00639382366416863,-0.015513313403241913,-0.03485924212715896,-0.048080428339833836
2020-09-30,-0.03447436777146562,-0.0062805880552258,-0.014228897888495018,-0.03382223943607221,-0.045412804858443345
2020-10-01,-0.03273478096688076,-0.00585100013591644,-0.013377152372959333,-0.028154733885230265,-0.05075410452370421
2020-10-02,-0.03326190388062533,-0.006376757148937151,-0.013953958472824435,-0.02821320707958863,-0.06572615748871324
2020-10-05,-0.023025280726494457,-0.006239932684295235,-0.011182442232171907,-0.02497760199006671,-0.061230128771528
2020-10-06,-0.028893361323258815,-0.006734484825596243,-0.012961992063795669,-0.03292534940266656,-0.07183612767769287
2020-10-07,-0.020065106176102243,-0.0060716783819253495,-0.010370534817923716,-0.026179816120308175,-0.061633570740291965
2020-10-08,-0.011220231742321118,-0.004285861831994531,-0.0073220358930556895,-0.02187303840253585,-0.0728746144228758
2020-10-09,-0.007344311146178839,-0.0034540641715234965,-0.0056289848561310585,-0.01158079164443726,-0.05606805632830847
2020-10-12,-0.001878057360983787,-0.002250003950556523,-0.0035303246456336312,-0.004794075972138989,-0.04600419855657034
2020-10-13,-0.008166503354089305,-0.002856420944178928,-0.005474985900496443,-0.007003669441871252,-0.04402767580895672
2020-10-14,-0.00994874821212266,-0.0029435261204070473,-0.0059815819785857816,-0.007242483217350881,-0.04552200652966876
2020-10-15,-0.00990919675997759,-0.0029655427390372635,-0.006035822718462369,-0.007756430268807235,-0.05040019215854774
2020-10-16,-0.010711514138137423,-0.0033697095357697604,-0.006421933004160385,-0.0059974122854958845,-0.04381360926083522
2020-10-19,-0.019069787729730447,-0.004928660529223028,-0.00924842586733654,-0.012837797999131317,-0.04781859678583167
2020-10-20,-0.015259616404879717,-0.0049562178842023075,-0.008263004773277238,-0.011348309458729777,-0.050862571202083706
2020-10-21,-0.018481982792074803,-0.0056587378670790445,-0.00935646825212999,-0.014243394731405234,-0.04688872576736647
2020-10-22,-0.014333735618585641,-0.006268656837020492,-0.008939548142385623,-0.018340182668899252,-0.05452756763184008
2020-10-23,-0.012171553168667137,-0.005503997968470009,-0.007941953655815959,-0.01539496308159738,-0.050680215401040396
2020-10-26,-0.02398639128515656,-0.006568736886880755,-0.011411151825326149,-0.020783489578389158,-0.05309546308713664
2020-10-27,-0.027346204877975677,-0.006366988700104881,-0.011935813970029518,-0.019083111894664717,-0.048809713345297046
2020-10-28,-0.049205273799585725,-0.01005039405553676,-0.01955000324135714,-0.04041023915380482,-0.0558991157189237
2020-10-29,-0.044708931842071586,-0.010337473122982277,-0.018812035492725587,-0.037657682827078154,-0.0530118947715259
2020-10-30,-0.04897107725219063,-0.011788539640920415,-0.020693558921048627,-0.04739031434573271,-0.061688808084040314
2020-11-02,-0.03537842304989414,-0.009085361157546212,-0.01587262510854237,-0.04274012288870299,-0.0682989441180859
2020-11-03,-0.024798734189002136,-0.00800178602962165,-0.01250162839571578,-0.03363314826342323,-0.058877446322927685
2020-11-04,-0.01646669322893235,-0.004561754748583224,-0.00806227299332829,-0.014046506452622842,-0.023640874624124564
2020-11-05,-0.004076488938376088,-0.002717645078914366,-0.003968937787410032,-0.0011583808778257154,-0.005064284545855613
2020-11-06,-0.006542111344883916,-0.003687568349119652,-0.00501649782658431,-0.005253981879788205,-8.199158028077136e-05
2020-11-09,0.0,-0.003937308974595766,-0.002416220816560566,-0.024241473691364868,-0.0618381184843253
2020-11-10,0.0,-0.0036541794438113007,-0.0011116070489836094,-0.027870551529297738,-0.07379749395564195
2020-11-11,0.0,-0.003292745054405577,-0.0004735330725579301,-0.021528610156511196,-0.06865090984558897
2020-11-12,-0.0075332311403775165,-0.0031449584471849867,-0.00202034104849802,-0.02099261493593141,-0.06197157319854252
2020-11-13,0.0,-0.001813180232156375,0.0,-0.013673151539322914,-0.0668829501830891
2020-11-16,0.0,-0.00023865400597833375,0.0,-0.008741382917443197,-0.08105188443252931
2020-11-17,-0.001646599859089437,-0.00013219553715737575,-0.0003811384243576077,-0.010217564379623179,-0.08776822255344507
2020-11-18,-0.009605724708304453,-0.001166526031799342,-0.002713783274274073,-0.0180207734340041,-0.08870610806862633
2020-11-19,-0.00662802044151245,-0.00030373840180764056,-0.001466591715102994,-0.016876086114112954,-0.09288882195747805
2020-11-20,-0.008060175427155314,0.0,-0.0015209455763037782,-0.016946451525098216,-0.09284820808357841
2020-11-23,-0.002500686895865134,0.0,-0.0006736913152928237,-0.02354267915895991,-0.10964437351610123
2020-11-24,0.0,0.0,0.0,-0.024762269099764977,-0.12277331328724228
2020-11-25,-0.002312478392275885,-0.00017525814277585816,-0.0003916184876170403,-0.025924176684256395,-0.12086517949822195
2020-11-27,-0.0016334909649980967,0.0,0.0,-0.024282535187361343,-0.11565361317858847
2020-11-30,-0.010824581462039129,-0.0012036113595225162,-0.0024502729835864656,-0.025203944826365454,-0.10194879644419774
2020-12-01,-0.00424604430761355,-0.0014959818668082159,-0.0010748651414865806,-0.019198255063394787,-0.0942579630834981
2020-12-02,-0.0030283754561338805,-0.001531525456021643,-0.0009745641480412015,-0.021326279468025344,-0.10137847144063405
2020-12-03,-0.0006501087180182941,-0.00041711931963228643,0.0,-0.019511086248367282,-0.09941841530110773
2020-12-04,0.0,-0.0005799539544051324,0.0,-0.018954822225601187,-0.1059085192277992
2020-12-07,-0.0017809339485325149,0.0,0.0,-0.016847746833899113,-0.09634711302025234
2020-12-08,0.0,0.0,0.0,-0.014790116267360709,-0.09590736048488935
2020-12-09,-0.003563830441692062,-0.0010088133490092632,-0.0015300771715796024,-0.02051565761435792,-0.1012031681872625
2020-12-10,-0.0009259551934788224,0.0,-0.000295606908909507,-0.01884717002968561,-0.1099772580951679
2020-12-11,-0.003039375763394858,0.0,-0.00037807604410577955,-0.01926536728378403,-0.10918188613514956
2020-12-14,-0.008155634129478728,-0.0008811868853993987,-0.0018268564176400215,-0.02251902994044086,-0.10618240876969232
2020-12-15,0.0,0.0,0.0,-0.011360237054574673,-0.09928114647845299
2020-12-16,0.0,-7.58066604525931e-05,0.0,-0.009699042145080994,-0.10047028934593782
2020-12-17,0.0,0.0,0.0,-0.0033784253409540055,-0.09868806812060693
2020-12-18,-0.00347062362307049,-0.0005635382148652113,-0.0009613638273138214,-0.004276407915315139,-0.09430080735218282
2020-12-21,-0.008982040298318505,-0.0012632857117946816,-0.0028162039353158974,-0.006771168026660446,-0.09662880861510081
2020-12-22,-0.011939837072949988,-0.0014399954625912148,-0.003540272374943254,-0.006987996914845862,-0.09582534186852043
2020-12-23,-0.008345704571566914,-0.0011451380150043766,-0.002481997151402293,-0.004658361038378911,-0.0977862084795329
2020-12-24,-0.005793996857405448,-0.0005184391499815089,-0.0014378480332210009,-0.0032039551261103805,-0.09720091118151941
2020-12-28,-0.003508227508072337,-0.0002179917320467295,-0.0006659518948801679,-0.0005599388223359592,-0.09529081657556038
2020-12-29,-0.0038514750984751656,-0.0002356014285913588,-0.0006265433321305247,0.0,-0.0920568601423758
2020-12-30,0.0,0.0,0.0,0.0,-0.08934782670852348
2020-12-31,0.0,0.0,0.0,0.0,-0.08634454020166293
2021-01-04,-0.006600817939963255,-0.0006707104834254851,-0.0018960249963985154,-0.003296141291922128,-0.08402299813465597
2021-01-05,0.0,0.0,0.0,0.0,-0.08958268554125648
2021-01-06,0.0,-0.0009956437722633549,0.0,-0.006402606430672031,-0.09465821084110981
2021-01-07,0.0,-0.0008558838082448617,0.0,0.0,-0.08760489288035489
2021-01-08,0.0,-0.0012428309513687896,0.0,-0.0026116064044791054,-0.08060670779810675
2021-01-11,-0.00427713432157395,-0.0023230874696801296,-0.001987218767602106,-0.008351582630035326,-0.09171376857683378
2021-01-12,0.0,-0.001574047289595204,-0.0004687093539105236,-0.004536715561471505,-0.09371213260478639
2021-01-13,0.0,-0.0006981512567301174,0.0,-0.001953586858970624,-0.094540730115104
2021-01-14,0.0,-0.001010564604489006,-9.546408202987244e-05,-0.007362342853286408,-0.10784514872420525
2021-01-15,-0.006780048286704532,-0.0015182357220627773,-0.0016877219225309714,-0.01542909538235726,-0.11443910075907915
2021-01-19,-0.002095550497951959,-0.000490807117847547,-2.191800901341079e-05,-0.00874757756723521,-0.10896057379098212
2021-01-20,0.0,0.0,0.0,0.0,-0.10304428594673731
2021-01-21,-0.004052159721858795,-0.0008661959804979746,-0.0012204689548805936,-0.003957932703724687,-0.09662832666762311
2021-01-22,-0.007734828739421662,-0.0012861818592346808,-0.002375325026795827,-0.006208610607713494,-0.10002802115398501
2021-01-25,-0.00427792096516344,0.0,-0.0005186448069731675,-0.0028946618182342787,-0.1048882120419975
2021-01-26,-0.007490735929174042,-0.0005567080258003232,-0.0013819379843533763,-0.007453391529882669,-0.10900633331671139
2021-01-27,-0.022724783320175468,-0.00251484227636134,-0.006022303392959172,-0.02542653186435906,-0.12138593755008587
2021-01-28,-0.01731979922678928,-0.002229313926784937,-0.004730239330486663,-0.019769454711057843,-0.11653988011852878
2021-01-29,-0.029957956801242358,-0.004005364044896487,-0.008420321022798216,-0.037525991893865185,-0.12965741739758407
2021-02-01,-0.019667047357463274,-0.002281108344415528,-0.004976520235356774,-0.018821834701897355,-0.12078969002950268
2021-02-02,-0.012609186282640072,-0.00218097679299889,-0.003502167602720596,-0.007360533219397891,-0.11427758630493479
2021-02-03,-0.011027989627865331,-0.002428618364704427,-0.0035430487941838784,-0.011226567482138905,-0.11671846999846558
2021-02-04,-0.006817523213376697,-0.0021470855145142576,-0.002491613790419289,-0.011021598910261443,-0.12121441175182035
2021-02-05,-0.0028055982460356566,-0.0017594408785932547,-0.0013332570299486868,-0.006805994912201019,-0.11580918371430449
2021-02-08,0.0,-0.0006867027928547653,0.0,-0.00018413269768247087,-0.12103880734357275
2021-02-09,0.0,-0.0007067819254878982,0.0,0.0,-0.12084563191553255
2021-02-10,0.0,-2.3185992056418137e-05,0.0,-0.0010608278374135693,-0.12846331542657052
2021-02-11,-0.00091738615643433,-0.00043868203542063444,-0.00037467375464073083,-0.0027182801744877194,-0.1194764147821018
2021-02-12,0.0,-0.0006493809908130199,0.0,-0.0028861154781649745,-0.11747967444708418
2021-02-16,-0.001217711035920388,-0.0022152019967864867,-0.0015574716784626519,-0.011220436518973753,-0.12715647334853175
2021-02-17,-0.00023175703656441726,-0.0018217832239092457,-0.0011037311295655217,-0.011114064498142784,-0.13338926785404437
2021-02-18,-0.004482439520651971,-0.0024497052275507247,-0.0023155755269549383,-0.013718153615914552,-0.13285269835122315
2021-02-19,-0.0038721847977636337,-0.003082316542506347,-0.0028867369208077642,-0.012373773061321702,-0.1330919003827532
2021-02-22,-0.004613134281571507,-0.0036001886715052445,-0.0037513097225461145,-0.02727880532698579,-0.1598624222781585
2021-02-23,-0.002532998697973743,-0.003234314418442241,-0.0030804097602191716,-0.028766786523855115,-0.16631978869008368
2021-02-24,0.0,-0.0029656387731386014,-0.0018533513598165685,-0.024289611255194243,-0.16662568854899584
2021-02-25,-0.016951652496515535,-0.007970380932471488,-0.009129345089884056,-0.04809580498293553,-0.18355814974903883
2021-02-26,-0.02417328342174041,-0.006767404892361939,-0.009692861755828508,-0.04913715954837883,-0.18027500709249233
2021-03-01,-0.011184970733135513,-0.005329733070022491,-0.005838248101656673,-0.027816196156322914,-0.16575407906397455
2021-03-02,-0.013914280292713466,-0.005334321176568846,-0.006390931386914933,-0.03110617197339649,-0.16605458453194877
2021-03-03,-0.01969157371959418,-0.007554020288834451,-0.009308397253424805,-0.038643954485964915,-0.17269219179939732
2021-03-04,-0.027203950005730948,-0.009376919137905726,-0.012304104904060642,-0.05037608456649856,-0.18806784177671187
2021-03-05,-0.014963984320327639,-0.007338308554049711,-0.008635953118783513,-0.03828582855862861,-0.1877035717762986
2021-03-08,-0.017240057304389156,-0.008828355299916102,-0.01035354988545567,-0.05067067304900086,-0.1986068903782966
2021-03-09,-0.009176601606539991,-0.006571430564209724,-0.007119264665847669,-0.028464882083605758,-0.1833235385640537
2021-03-10,-0.0021851702733045597,-0.00480336380358215,-0.004709386907988389,-0.027783199039661532,-0.18831745688707646
2021-03-11,0.0,-0.004116691349683954,-0.0031816270054488838,-0.011847656101722226,-0.17583579678854466
2021-03-12,0.0,-0.005482316696432732,-0.004052261000542456,-0.017060339247313427,-0.18416339980879604
2021-03-15,0.0,-0.004481934224116024,-0.002661009573862061,-0.01710379042713317,-0.19209353704924514
2021-03-16,-0.003762516079562239,-0.005169618436857926,-0.003594770795512736,-0.025156941931671617,-0.19943220493714975
2021-03-17,-0.0018951993119453725,-0.005068114376477695,-0.00314957333514565,-0.02178154634012308,-0.1917039677768536
2021-03-18,-0.013969442740942473,-0.00817020733101459,-0.007196122786310322,-0.051014417933868295,-0.20449204154626965
2021-03-19,-0.012720010472366261,-0.007590233180128525,-0.006525015888471208,-0.044892960051029385,-0.19980534659041893
2021-03-22,-0.010174028216226705,-0.006626648292143322,-0.005275372402821166,-0.042570292587788994,-0.2003068527412799
2021-03-23,-0.016711318753646065,-0.0072366319879277885,-0.006609249647371418,-0.056436293765869006,-0.2117890337124405
2021-03-24,-0.015611471638968477,-0.006485286997886641,-0.0061145992490913015,-0.045678625296534436,-0.20467360804549384
2021-03-25,-0.01205614486124118,-0.0061770509524721184,-0.00517445448103282,-0.0390840070267825,-0.2002804436297979
2021-03-26,0.0,-0.0042492391905452065,-0.0019607855792304063,-0.01738304544859348,-0.18251678140341465
2021-03-29,-0.0026520116560276863,-0.005263376682649312,-0.002915009854177808,-0.02269776342616725,-0.18953388909951663
2021-03-30,-0.005479969690776021,-0.005904793962726251,-0.0038074616236738468,-0.025417951060402122,-0.18874821889077487
2021-03-31,-0.004340943629397631,-0.005911961704118229,-0.0035299975733318334,-0.01979224947369329,-0.18359196777325348
2021-04-01,0.0,-0.0036849547632781254,-0.0008374176661706256,-0.005719485568792426,-0.17212403357376727
2021-04-05,0.0,-0.0034927615026905112,0.0,-0.003979650811382518,-0.17174873291407677
2021-04-06,0.0,-0.002434395294420466,0.0,-0.00391171976605631,-0.1742501333646701
2021-04-07,-0.002053385013833231,-0.0030031003736107342,-0.0007300618086162336,-0.005900275012294398,-0.1743723383771334
2021-04-08,0.0,-0.0017172843345210076,0.0,-0.007314871057585104,-0.18123035758584705
2021-04-09,0.0,-0.0021467315616333638,-0.0001483064332843398,-0.0061670619572090635,-0.17899781671754678
2021-04-12,-3.723759943874416e-05,-0.002296504234353236,-0.00023687466564559223,-0.008592991559479013,-0.18089728111029224
2021-04-13,0.0,-0.0010081224468195815,0.0,-0.007305752128322407,-0.18345872427557497
2021-04-14,0.0,-0.0008179114373665364,0.0,0.0,-0.17483401627152895
2021-04-15,0.0,0.0,0.0,0.0,-0.1846138951481452
2021-04-16,0.0,-3.596641811320911e-05,0.0,0.0,-0.1854754139913668
2021-04-19,-0.0029013586813917414,-0.0008262510776626542,-0.0010628740836519102,-0.0043462430701087795,-0.1873729978227121
2021-04-20,-0.006687488934322028,-0.0008506375944435929,-0.001479237461087024,-0.019410648295980604,-0.20480552821894538
2021-04-21,0.0,0.0,0.0,-0.006498419330765226,-0.19471017568017546
2021-04-22,-0.004895282622830233,-0.0008496244649000007,-0.0013541057327733919,-0.015293809592865748,-0.199396631813213
2021-04-23,0.0,-8.791116987993952e-05,0.0,-0.002237791576056636,-0.18814590612085091
2021-04-26,0.0,-0.00035809901260153154,-0.0002421742205535038,0.0,-0.1832902236370818
2021-04-27,-0.00044839038783783813,-0.0009669179131389649,-0.000907242190905877,0.0,-0.17485895411293595
2021-04-28,0.0,-0.0004378975105544525,-0.0003238545863385456,-0.0006685133586290526,-0.17876635404105923
2021-04-29,0.0,0.0,0.0,0.0,-0.1727159993317091
2021-04-30,-0.004638279042602944,-0.0005300808752138897,-0.0008920790602594542,-0.009691267008121174,-0.17736512238311264
2021-05-03,0.0,0.0,0.0,-0.004174309841139867,-0.17856384072669806
2021-05-04,-0.0015201400473964233,-6.529989977033246e-05,-0.0004095010847170455,-0.007484393592551375,-0.17702300126814885
2021-05-05,0.0,0.0,0.0,-0.006384092227121663,-0.18139731137727277
2021-05-06,0.0,0.0,0.0,0.0,-0.17732223231285638
2021-05-07,0.0,0.0,0.0,0.0,-0.17113446827113266
2021-05-10,-0.004008396153387328,-0.0012491664783323975,-0.0015392144161067156,-0.009491671756696629,-0.17960508269789988
2021-05-11,-0.010858071736438935,-0.0029011879063531865,-0.003679991166529506,-0.01813105901604939,-0.18058546212326965
2021-05-12,-0.024830251239895573,-0.006311124729728945,-0.00829566314949759,-0.040357225260639784,-0.20111860002433757
2021-05-13,-0.019230322677398437,-0.004746027561045585,-0.006051679951867617,-0.027068989274301014,-0.1889801705353794
2021-05-14,-0.00838357450770888,-0.002359333481951942,-0.002894540835274073,-0.012732626509783462,-0.1758284794035555
2021-05-17,-0.007031132157071851,-0.002218302744734002,-0.0028399453587458767,-0.011111274738017096,-0.17712101014157344
2021-05-18,-0.010982532001275858,-0.0029029213159058598,-0.0037897963508316534,-0.02138524877486947,-0.17959434917110495
2021-05-19,-0.01670256077692467,-0.004509508200098655,-0.005696912695956846,-0.033697516640964986,-0.18548319506181643
2021-05-20,-0.010903289928718807,-0.002510536949408726,-0.0031302880911483477,-0.03483955226264601,-0.19042989898826723
2021-05-21,-0.010036433806988487,-0.0022997467035487107,-0.0029420017467083337,-0.029287045683494828,-0.1851277323066708
2021-05-24,-0.0043778866243396886,-0.0008629444842721545,-0.0011478918551994788,-0.021134522482685214,-0.17745422184891635
2021-05-25,-0.005415949485820359,-0.000608181273418551,-0.0009532399781128076,-0.027174417049371735,-0.186419076721413
2021-05-26,-0.004165159427089726,-0.00036340144397695173,-0.000644439947305897,-0.024978194377338614,-0.18348231532548465
2021-05-27,-0.00283248824943394,-0.00030475169914456757,-0.0005652217836197293,-0.01288617991415808,-0.17400409139353523
2021-05-28,-0.0012936158435818967,0.0,-0.00010503974150910533,-0.011796464109772753,-0.172049690906933
2021-06-01,0.0,0.0,0.0,-0.003596878373054224,-0.16997129783096177
2021-06-02,0.0,0.0,0.0,-0.0036836245404194834,-0.17384533850427508
2021-06-03,-0.0033039258456196707,-0.0012623705027272614,-0.0014299858721864567,-0.007094942028999629,-0.1764969735384322
2021-06-04,0.0,0.0,0.0,0.0,-0.17184926201406703
2021-06-07,-0.0007870166065857553,-0.0002644861481928551,-0.00025873829776501545,-0.004804235963644987,-0.17642614399387113
2021-06-08,0.0,0.0,0.0,-0.0020519212463585568,-0.1773030117076806
2021-06-09,-0.0009711885960100863,0.0,-3.178494701450152e-05,-0.00982382812763316,-0.18548253134834436
2021-06-10,0.0,0.0,0.0,-0.01413966053969029,-0.19115138921873132
2021-06-11,-0.00031482577239050347,-0.00043895992368581105,-0.0003496263337486871,-0.012111738000130878,-0.18697608171720947
2021-06-14,-0.0023064556054072094,-0.0015601426903042448,-0.001434029303861939,-0.020212610455900615,-0.19320365865662137
2021-06-15,-0.002968658630234877,-0.0018533635206963162,-0.0018238162522207224,-0.020285489932773237,-0.1912979704944998
2021-06-16,-0.009564481389217283,-0.004541231862815298,-0.0048147889960400425,-0.02700031427910554,-0.19476772010958787
2021-06-17,-0.014960686000862089,-0.00539898221436419,-0.005733862477796947,-0.04944895992697518,-0.21705612272940378
2021-06-18,-0.023472731202520913,-0.007270056814085879,-0.008283349636375004,-0.06153419702716223,-0.226396928999416
2021-06-21,-0.013061989835428944,-0.005163067930593401,-0.0054610842555450345,-0.03949226086401303,-0.2032320492831199
2021-06-22,-0.011793686028577444,-0.004420815503703213,-0.004700568455326293,-0.03807373649727097,-0.20486481709814364
2021-06-23,-0.01300045985449505,-0.005465007790563248,-0.005774532459546067,-0.03779912364677185,-0.20475302219739966
2021-06-24,-0.008959627365454859,-0.004220950981133731,-0.004291124645534827,-0.03111829831580537,-0.19895954840546948
2021-06-25,-0.006386178586554991,-0.0040101978153409545,-0.0037012818505298695,-0.02575608001334473,-0.194551460235298
2021-06-28,-0.007299799380968142,-0.003306184333033091,-0.003204551190557403,-0.028134752597977708,-0.19133144000518787
2021-06-29,-0.008642499489870503,-0.0037346356966286853,-0.003621039691589001,-0.02971855249424038,-0.19079793045300053
2021-06-30,-0.006850659258152869,-0.0028080255146423205,-0.0028623818875801454,-0.022703548556600617,-0.18682020215889183
2021-07-01,-0.0031237720837895555,-0.00200807869903874,-0.0019308091782733738,-0.015374975012682368,-0.18025686460016466
2021-07-02,0.0,-0.00017527229909475306,-5.330043254858641e-05,-0.015669452307936704,-0.18381607274853384
2021-07-06,-0.00462672880039805,-0.0005211717913083946,-0.0006828165727291724,-0.030523315352397717,-0.20191493664339855
2021-07-07,-0.0022903782205188072,0.0,0.0,-0.03623427456639461,-0.20843874176899713
2021-07-08,-0.007612656328702672,-0.0007544747719318012,-0.001298310557814042,-0.04557083026038555,-0.21690126911138885
2021-07-09,0.0,0.0,0.0,-0.02712750746371717,-0.1967551017849738
2021-07-12,0.0,0.0,0.0,-0.024490413737223382,-0.19452822124881186
2021-07-13,-0.0042407629326358665,-0.0020233253707239163,-0.0021808066852584407,-0.028011046435489906,-0.195257660076389
2021-07-14,-0.003059408286076537,-0.0004299165314097797,-0.0006058030701753259,-0.034864187194268315,-0.20566291981375806
2021-07-15,-0.0033019250626170615,0.0,-0.00022142782912748515,-0.03816704952576888,-0.21204406559125188
2021-07-16,-0.008766442476887182,-0.0014167573550366575,-0.001878596247922193,-0.0487223464892631,-0.22069164912321404
2021-07-19,-0.02028101244449043,-0.0032837642392021804,-0.004713013283658696,-0.07724424429236676,-0.24659989725863762
2021-07-20,-0.011610191636661327,-0.0010675679284405382,-0.0016379586819197378,-0.06017785049296975,-0.22899596186630045
2021-07-21,-0.006512043523154265,-0.0008553577283757496,-0.0008298340105686863,-0.04108185023375199,-0.2083328554560845
2021-07-22,-0.005769099730063232,0.0,-9.572254689294013e-05,-0.04192037846826158,-0.21095410646585577
2021-07-23,-0.002634506801459713,0.0,0.0,-0.03953176228692923,-0.21012780413939858
2021-07-26,-0.0015631007038474642,-0.00013203556724195042,-0.0001777313666557756,-0.03244928946881942,-0.20813892493233188
2021-07-27,-0.0022853723964650907,0.0,0.0,-0.03676229849775414,-0.211915062575186
2021-07-28,-0.0005489616425077282,0.0,0.0,-0.036381398987451075,-0.21054774758726236
2021-07-29,0.0,0.0,0.0,-0.028679711470049107,-0.2083448494999397
2021-07-30,-0.003548284845003691,-0.00046587909312933995,-0.0007651666968909732,-0.03299736458008573,-0.2100963678353771
2021-08-02,-0.004117524077571377,0.0,-0.0004702921434798224,-0.03526142981627123,-0.21167045881620505
2021-08-03,0.0,0.0,0.0,-0.026502359587781688,-0.2052355548186956
2021-08-04,-0.005365321749530971,-0.0016825970761833453,-0.0019072894728996426,-0.03513446078781379,-0.216076997965863
2021-08-05,-0.001757160338852537,-0.0013678596256800901,-0.0012576540964678307,-0.023962005868536917,-0.2056386837080304
2021-08-06,-0.0038687375271855284,-0.0035627893538486832,-0.0030157153858736407,-0.024038813879743826,-0.19755660257854823
2021-08-09,-0.0070337877765973555,-0.005021526287670941,-0.00439030976518473,-0.03235947004976203,-0.20339079655427428
2021-08-10,-0.004094584430219594,-0.004797177222622184,-0.004103566202151909,-0.028224227216894104,-0.19917892315042196
2021-08-11,0.0,-0.003042756618563569,-0.002189337213107323,-0.02353054614341832,-0.19998242544308442
2021-08-12,0.0,-0.0030338845929601677,-0.0020288355579053396,-0.02072116502956356,-0.19722136440803795
2021-08-13,0.0,-0.0009728667888341258,-0.0001591564718079752,-0.019580824818551945,-0.20090253010310322
2021-08-16,-0.0003271416940259231,-0.00045870755523291784,0.0,-0.0241295894021748,-0.20634995907801235
2021-08-17,-0.005868085081983665,-0.002095081902289686,-0.0019382238168820232,-0.03105552884299556,-0.21253021987490417
2021-08-18,-0.012207700942307831,-0.0039438040942680885,-0.004132287533896606,-0.04410011362696231,-0.22303765640933948
2021-08-19,-0.0151348215175654,-0.004189851707788073,-0.004554243627895693,-0.05387832627544642,-0.23064012837225245
2021-08-20,-0.012701589301928662,-0.0035711531532625074,-0.0035682087871479196,-0.05593261743550382,-0.23251309127626218
2021-08-23,-0.005086357708318889,-0.0015200367328892517,-0.0013547574588449462,-0.03721274376382033,-0.21631241453756578
2021-08-24,-0.0023811122588167644,-0.001451648935147709,-0.0010625438761292516,-0.028163138186207637,-0.20775353192138513
2021-08-25,-0.0012980627044926196,-0.0017434143605586927,-0.001108296989591251,-0.024336778830205352,-0.20314518603046094
2021-08-26,-0.0053706214087220205,-0.002736288176670487,-0.002329535136743166,-0.027924564962156895,-0.20342196578191618
2021-08-27,0.0,0.0,0.0,-0.02193538891992719,-0.20349724538118175
2021-08-30,0.0,0.0,0.0,-0.01985000259435865,-0.1994397077407709
2021-08-31,-0.0006819364332000255,-0.0006040680292822564,-0.00037354071697204283,-0.020806636239125376,-0.2044614242526802
2021-09-01,0.0,0.0,0.0,-0.024039432287171092,-0.20941953132631763
2021-09-02,0.0,0.0,0.0,-0.011901564926957042,-0.19712580498976873
2021-09-03,-0.0011869042246882566,-0.0008067589377631634,-0.000549108975709589,-0.01390655427488141,-0.20170122617582276
2021-09-07,-0.007461317809317025,-0.003713739406728589,-0.0034058968634919085,-0.02056799360518946,-0.20468813274717312
2021-09-08,-0.0073760293165298085,-0.002824114712300596,-0.0027409956942893166,-0.02034403699818499,-0.20108142832458942
2021-09-09,-0.009028429901634438,-0.0025732278645773654,-0.002893288697426444,-0.021500198231252377,-0.20091694777616398
2021-09-10,-0.01334671385303321,-0.004653696110881844,-0.0050136421846183055,-0.028677985045300503,-0.20517992664224727
2021-09-13,-0.0091361227144926,-0.0030659248208152468,-0.0034706272838549435,-0.020077478474095023,-0.19860098619361377
2021-09-14,-0.01194183423116768,-0.0031082707845235813,-0.003929524119097083,-0.02419308894286598,-0.20735401680393717
2021-09-15,-0.006518509220843183,-0.0019048766814547813,-0.002520276418709222,-0.017606611733226418,-0.19855688278196282
2021-09-16,-0.011393282556316331,-0.003985163877298525,-0.004479178453997923,-0.018611394957558702,-0.19486081213356632
2021-09-17,-0.018104142074918395,-0.006409142310113025,-0.007035401173735356,-0.026341591479675408,-0.20365127687866924
2021-09-20,-0.027778688364673898,-0.008435582416276843,-0.009800728013095394,-0.04242316302684479,-0.21765859971733725
2021-09-21,-0.02679442002071497,-0.007987495526273536,-0.009257224979415946,-0.04253634201925982,-0.2198891406969572
2021-09-22,-0.019503444125007485,-0.006050621648866716,-0.007220582457851399,-0.030664845557584197,-0.21070576309134081
2021-09-23,-0.014351735178426916,-0.006539969957846115,-0.006879471380193292,-0.014238445459584192,-0.19167675063720602
2021-09-24,-0.016023085775251578,-0.0077442139090637685,-0.008021607052342783,-0.017184044581476488,-0.1918517545425117
2021-09-27,-0.014785205694925141,-0.008089234214833319,-0.008455302837951928,-0.021153714828946346,-0.2004493208537198
2021-09-28,-0.026265133481409797,-0.012459790039358487,-0.013216450250859046,-0.035833070780428855,-0.21012845989614815
2021-09-29,-0.02500400780919032,-0.011705153831535031,-0.01235709111211647,-0.03271059321358849,-0.20572831378893153
2021-09-30,-0.031135673326245228,-0.013168730040284293,-0.014436832575621006,-0.04098437642833441,-0.2150754693256387
2021-10-01,-0.023051226273100744,-0.010286136755729203,-0.011277196314231741,-0.029591452373136096,-0.2055295739056735
2021-10-04,-0.025690128975525917,-0.011528029537836715,-0.012970350395207775,-0.03939232872459053,-0.2096651763302717
2021-10-05,-0.022108199883020374,-0.011164930560987885,-0.012243224572352052,-0.028339252807574322,-0.19869812867658254
2021-10-06,-0.021360814258617355,-0.0108303583424465,-0.011832958836874297,-0.026119865335384573,-0.20234921779202908
2021-10-07,-0.01671880909099821,-0.010287112466333959,-0.010783344744946688,-0.018300563761228683,-0.19245954223001227
2021-10-08,-0.017295434815508437,-0.011308268886618733,-0.01194675894480346,-0.019992779829865803,-0.19287018639672548
2021-10-11,-0.02047206164295956,-0.013012368491990944,-0.013796190373871475,-0.021791778461989875,-0.19155070475148728
2021-10-12,-0.018197156413789717,-0.011221054024090904,-0.012185381088652414,-0.01689075728476719,-0.1904168602050461
2021-10-13,-0.012907798592607156,-0.0092306478307973,-0.01006712119657105,-0.015478638363564556,-0.19705145490542686
2021-10-14,-0.002626875694840658,-0.005880025394442989,-0.005951626957927059,-0.0004793427287087537,-0.1880442724862741
2021-10-15,0.0,-0.006167625547849553,-0.005902733176020636,0.0,-0.17847744175832703
2021-10-18,-0.0006570614905226924,-0.007043204564194494,-0.006745481651797447,-0.002985512507824195,-0.182310515790008
2021-10-19,0.0,-0.006314320376109239,-0.005647377756437644,0.0,-0.1733037076464259
2021-10-20,0.0,-0.004724769456344036,-0.0037586823329440744,0.0,-0.1674321723047234
2021-10-21,-0.0019498971415937705,-0.006267710128840642,-0.0051531256720782626,-0.008901805706234,-0.17446328041414938
2021-10-22,0.0,-0.004860234950382569,-0.0038672664456879113,-0.0010540367313767174,-0.16915828203421723
2021-10-25,0.0,-0.003454557392983393,-0.0022575348656317384,0.0,-0.1701122850505099
2021-10-26,0.0,-0.0028306301714593474,-0.0016414563969980867,0.0,-0.16721621526271013
2021-10-27,-0.005159543801353084,-0.003622447281037,-0.0029612914834048487,-0.016328850903398306,-0.1814152865961859
2021-10-28,0.0,-0.0020899447824798134,-0.0008332911432424872,-0.007052973167438914,-0.1738209263452254
2021-10-29,-0.0026243661511915484,-0.0028490847984711243,-0.0017960811412388589,-0.011150791282429906,-0.17784380539070344
2021-11-01,0.0,-0.0022775891579409624,-0.0009588518546059799,-0.003919291243969614,-0.175487784205136
2021-11-02,0.0,-0.0007867277213079449,0.0,-0.0037981759251550784,-0.17300976075361285
2021-11-03,0.0,-0.001258616493226672,0.0,-0.010453506299200721,-0.17781240562011558
2021-11-04,0.0,0.0,0.0,-0.015230710817368043,-0.18476862504294012
2021-11-05,0.0,0.0,0.0,-0.007265443657539672,-0.183998662149349
2021-11-08,0.0,-0.000957488631000647,-0.0008804138325209099,-0.0024362208601157453,-0.18051288464244175
2021-11-09,0.0,0.0,0.0,-0.0003228526780820751,-0.18410805722965795
2021-11-10,-0.005984595464903819,-0.004030097788369824,-0.004008440001667779,-0.009043493242977152,-0.19294372758454537
2021-11-11,-0.004539804323175911,-0.004241725681053743,-0.00416761321715553,-0.00797511938679163,-0.19311765159834138
2021-11-12,-0.0023956718104974906,-0.0030862709752015327,-0.0028000000340684394,-0.004951354637023897,-0.19283843350224528
2021-11-15,-0.002886152503416728,-0.004093359723808976,-0.003606940295219241,-0.0018015270399867056,-0.18847332129070404
2021-11-16,-0.003074737240789993,-0.004482514397659232,-0.003899289544119333,0.0,-0.18187897154852772
2021-11-17,-0.004316401463409725,-0.004093800020752658,-0.0038006896742716068,-0.006225620121013353,-0.1895551683765624
2021-11-18,-0.004840368839882703,-0.004312797517129652,-0.004028701215314068,-0.008372305629858356,-0.18631443332654152
2021-11-19,-0.008648479019186306,-0.00532592593602943,-0.0052428673783406765,-0.026243053000945316,-0.19959199660333093
2021-11-22,-0.010485729486892859,-0.00787028577123805,-0.007635686511959006,-0.017994478095903266,-0.18722978564338133
2021-11-23,-0.00855829971155142,-0.008075383573055928,-0.007651231251940338,-7.796622770839257e-05,-0.1702260552316367
2021-11-24,-0.0070954570910344295,-0.007135031208041265,-0.0070016287985654735,0.0,-0.16841741540727073
2021-11-26,-0.02327559494032383,-0.011161645666202258,-0.012403801548093951,-0.03291146437631365,-0.20041733196787626
2021-11-29,-0.018764861049633708,-0.009504506107744892,-0.009835521141641546,-0.02206153176554615,-0.19212248173945434
2021-11-30,-0.031075713093845936,-0.013893713300005661,-0.01580742859532247,-0.039304659220394056,-0.20353611811834593
2021-12-01,-0.036034742560345334,-0.015104852654257428,-0.017763836224707896,-0.051529442272841175,-0.21769107841825486
2021-12-02,-0.024574220130575197,-0.011656333903265148,-0.01291625953542197,-0.03216997187500359,-0.2045736985457417
2021-12-03,-0.025878849623022337,-0.010574952857903885,-0.012378209139038976,-0.04195811160308871,-0.2142208402420801
2021-12-06,-0.018119096859560813,-0.009097011918357878,-0.009345744527524458,-0.028260487621978414,-0.20324385448754556
2021-12-07,-0.007275935680821299,-0.0065879244190961694,-0.0049958451405311965,-0.005729484038547117,-0.18849176878529428
2021-12-08,-0.0066458827400146525,-0.0071131818701622995,-0.005026242109239409,-0.00309184646036309,-0.18693273069315786
2021-12-09,-0.011319977485433896,-0.00842716602811977,-0.0072438149882382286,-0.011933703934641438,-0.19296562972218112
2021-12-10,-0.006359741653288231,-0.0065532514337792724,-0.004619075104044357,-0.006087283195901461,-0.1879653467420075
2021-12-13,-0.009210273530009694,-0.005887504184874048,-0.0046573871581625514,-0.014371369157643032,-0.19185319539343015
2021-12-14,-0.01387927022416191,-0.00798391661619835,-0.007300819017846738,-0.01733611164280091,-0.19440004208955974
2021-12-15,-0.0074999807204789715,-0.005806637374783485,-0.0037353604803562757,-0.007470906495402829,-0.18846918104818022
2021-12-16,-0.0064699678546907835,-0.004543870955993734,-0.0026734306881078806,-0.01286309045069367,-0.19740024152874558
2021-12-17,-0.013939857060846439,-0.006740298800284594,-0.006049821347154705,-0.02448341237347751,-0.20197443059490838
2021-12-20,-0.02168408981208958,-0.009558076744055843,-0.00950078468513138,-0.03652163886060511,-0.20649698510814585
2021-12-21,-0.011744780423007084,-0.007123137194261275,-0.005559804028083981,-0.012410012013040261,-0.18865370432154893
2021-12-22,-0.004922701124157491,-0.004656156995048399,-0.002291984858669993,-0.0031113993452196453,-0.18513639050130937
2021-12-23,-0.0017171491659416782,-0.004119655059792948,-0.0009169982283375733,0.0,-0.18278337251077004
2021-12-27,0.0,-0.0015645210684753774,0.0,0.0,-0.17309393469718126
2021-12-28,0.0,-0.0016409685385671002,0.0,0.0,-0.1710944943107603
2021-12-29,-2.2380852496617365e-05,-0.002533917268519259,-0.0004682250168739355,0.0,-0.16774025075750165
2021-12-30,0.0,-0.0012799823062462634,0.0,-0.00036798601457332936,-0.1723273398663857
2021-12-31,0.0,-0.0012760370560988,0.0,-0.001537670297095839,-0.17546937185619416
2022-01-03,-0.0007426010179231168,-0.004212996551706483,-0.0023430307904745984,0.0,-0.1555493933860156
2022-01-04,0.0,-0.002992105447675031,-0.0007980567622085655,-0.001830111046018379,-0.15606993455187623
2022-01-05,-0.009127097457667377,-0.007268075883467229,-0.006122069044180001,-0.01974045664104518,-0.16764543480281024
2022-01-06,-0.009547914281444747,-0.008284001543427233,-0.007325509986765177,-0.0224838840175019,-0.1671891624868621
2022-01-07,-0.00977212913923775,-0.009019673617036927,-0.008041753822609854,-0.028610313383554242,-0.17753755321641795
2022-01-10,-0.012501005648949404,-0.010050370018338195,-0.009440515770235192,-0.028756443541582133,-0.17750643910802255
2022-01-11,-0.004050310500648968,-0.0065495388400826915,-0.005421947831520613,-0.02117603494460063,-0.17705177811369155
2022-01-12,-0.0007319026175696131,-0.0056333402227783935,-0.004003282414110632,-0.017390347058608646,-0.17830221742150565
2022-01-13,-0.005721164851033356,-0.0065907595732171975,-0.005872090217593939,-0.02897559339744671,-0.18503118453083955
2022-01-14,-0.007712523931227455,-0.00918469016238932,-0.008255763249876424,-0.029721637585406357,-0.182693228715048
2022-01-18,-0.018180916075029474,-0.015022421077404702,-0.01478407681957239,-0.04794881173949006,-0.19355319180499997
2022-01-19,-0.020321053562724067,-0.014727202121370686,-0.01507912290165625,-0.0575020222713426,-0.2063642914815792
2022-01-20,-0.025373685275949076,-0.01630763890784792,-0.017454389682732052,-0.06679959650517653,-0.21606470310344206
2022-01-21,-0.03265010132318802,-0.01743059870585717,-0.019676441222237773,-0.08060303450053552,-0.2238571349513806
2022-01-24,-0.03340049801269762,-0.01807850616577711,-0.020298895887302715,-0.07685980770727496,-0.217089665287859
2022-01-25,-0.03636508549938233,-0.019751935561820533,-0.022643355741195248,-0.0731906246168832,-0.2128658319074369
2022-01-26,-0.042231064786310224,-0.024104611492446804,-0.02710064102725318,-0.07650086599378214,-0.20809909076497923
2022-01-27,-0.04412266661207054,-0.024336307137314495,-0.02825882442767036,-0.08035155906154212,-0.20911514330492598
2022-01-28,-0.03520985754067685,-0.020620005446994605,-0.023624087640855884,-0.06242528066411401,-0.19349878187567904
2022-01-31,-0.025305185692343524,-0.017054765251680037,-0.019120881605666495,-0.05646944865738035,-0.1961537013421828
2022-02-01,-0.020497818189576744,-0.015463698369767798,-0.0170473442639133,-0.04965609453335995,-0.19034444021097707
2022-02-02,-0.015549023265178485,-0.012975357401857512,-0.014205160756082025,-0.04217773674497438,-0.1836731315061424
2022-02-03,-0.02531562578271851,-0.017779072276615793,-0.019802129152226455,-0.047022323318788306,-0.1794311937901366
2022-02-04,-0.0263471788793449,-0.0206223673467828,-0.02254931357087442,-0.04812398533973905,-0.179790851800948
2022-02-07,-0.025743316119630766,-0.02010335658254525,-0.022190811555762968,-0.0453298654189489,-0.1780474322111898
2022-02-08,-0.02342918772564695,-0.020258542860615347,-0.021622143297772123,-0.04927919538656278,-0.18539597445601086
2022-02-09,-0.014295894504238293,-0.01654347616830565,-0.01702707123801761,-0.033744368055640184,-0.1787572305424463
2022-02-10,-0.026791338747975235,-0.02550900940530154,-0.02655167083230847,-0.04623516646346226,-0.18454944674117535
2022-02-11,-0.030107317128821087,-0.023886274440712896,-0.02674466632604977,-0.03881324475939618,-0.1715037955968638
2022-02-14,-0.03562193099032096,-0.028402023152654388,-0.031042582153962828,-0.04726975593674276,-0.1758764725235471
2022-02-15,-0.030543370761708988,-0.02714551806379273,-0.028520869238251367,-0.044226436891858456,-0.1776089501517676
2022-02-16,-0.026832202837860364,-0.024214137658485346,-0.0255888227074349,-0.04153704514393697,-0.18111543269821007
2022-02-17,-0.03366246629769387,-0.025915674364060504,-0.028568745824460562,-0.054588739868904335,-0.18946005556122292
2022-02-18,-0.03566645819860048,-0.025933347132537587,-0.02913797979949928,-0.058394745062322895,-0.19096972639475396
2022-02-22,-0.04122480191936373,-0.02857512486053393,-0.03234294153017159,-0.06104023651749624,-0.18506732033539885
2022-02-23,-0.05029110853219276,-0.03395232154390504,-0.03805642740836357,-0.06503943208382501,-0.18273248783059104
2022-02-24,-0.04841481205167153,-0.03295507640430517,-0.036693883798058935,-0.06219370777250233,-0.17447059257139164
2022-02-25,-0.033164297247262664,-0.025385850699923718,-0.02764207058811341,-0.03894376976666036,-0.16486406446549795
2022-02-28,-0.03199124959106636,-0.021877578029519062,-0.02578084935190128,-0.03369682817442399,-0.16215351645086373
2022-03-01,-0.03593029731994257,-0.020571063997122385,-0.026570982381531327,-0.03241466003205318,-0.1560505006998959
2022-03-02,-0.02772982701543436,-0.02045555907480401,-0.024779896836674364,-0.01080605917632882,-0.1379124708693048
2022-03-03,-0.0274969458212746,-0.019127527364087182,-0.024128183063821917,-0.006269600752447424,-0.13031892752046703
2022-03-04,-0.025751435965805536,-0.015812492061039074,-0.022702367796850642,0.0,-0.12288454463314091
2022-03-07,-0.040012914171246194,-0.02342020786495791,-0.03188060447871777,-0.009190921146936204,-0.12031025449825683
2022-03-08,-0.04218705010401946,-0.02509500116454766,-0.03454220460540269,-0.00907384923041099,-0.1220716695192674
2022-03-09,-0.03639410839310908,-0.02560634107022297,-0.03137905196554025,-0.024913145491306632,-0.13507376774653423
2022-03-10,-0.03975658349367728,-0.029041500954948507,-0.03481300173740576,-0.027619894928468725,-0.1348449207626503
2022-03-11,-0.0460314251011773,-0.03225912218109772,-0.03879789777057252,-0.03247106539733313,-0.1324243941461436
2022-03-14,-0.0546366931586435,-0.04022841662782428,-0.045521405864773046,-0.04935760238168119,-0.13805487738384303
2022-03-15,-0.048920205639033876,-0.037815821537765415,-0.041211157817960364,-0.05379091910050693,-0.1468938916342709
2022-03-16,-0.034609938682278685,-0.03046210280305295,-0.03284657867375518,-0.05408801717334766,-0.1713368531747137
2022-03-17,-0.024023959605427025,-0.02459527275741935,-0.027090486755842913,-0.0316619947036223,-0.1546414964347016
2022-03-18,-0.019241293780810076,-0.02235464727461578,-0.024577927589530812,-0.030591884515473677,-0.15614155292267617
2022-03-21,-0.019269629450098802,-0.024774228104163187,-0.027808450605754875,-0.010977332107723559,-0.13311158439349347
2022-03-22,-0.015581936364811644,-0.024422847262495884,-0.02641035968595362,-0.011479389652094385,-0.1399120733701762
2022-03-23,-0.01719091540980444,-0.02304226922840913,-0.026966910564548918,-0.004718541488516248,-0.1359675605424706
2022-03-24,-0.011570547513619633,-0.020877744665088183,-0.023992920415514152,-0.00030656103680093416,-0.12955338921967463
2022-03-25,-0.009324580260821835,-0.02196431986276648,-0.024709926260764847,0.0,-0.11717934516322093
2022-03-28,-0.009540366065806216,-0.023086664262557344,-0.024173106015943135,-0.011076748975581086,-0.12429406812106014
2022-03-29,0.0,-0.017359011386411938,-0.017477879326998513,-0.009393193589018023,-0.12866098234779033
2022-03-30,0.0,-0.015695908787506596,-0.016866380668847936,-0.00212299421605211,-0.12087392280950238
2022-03-31,-0.009279877065919151,-0.020013583808811353,-0.021679387161217978,-0.013709374087071735,-0.12689976046843132
2022-04-01,-0.00498700893951487,-0.018891909499521464,-0.020001197925473058,-0.012334140106771918,-0.13229026319229842
2022-04-04,-0.0017091463774742133,-0.017229308709500124,-0.018310238715753546,-0.00785093815128357,-0.13104460242339533
2022-04-05,-0.012074286021961034,-0.02458984087138849,-0.02577878654785981,-0.014904288617942352,-0.1289999114550482
2022-04-06,-0.015484367507476948,-0.025675138813120446,-0.02719891178893452,-0.021421317120159045,-0.12447880189626015
2022-04-07,-0.013738578761528064,-0.02458025912585371,-0.026189246399191624,-0.01654668424861483,-0.11745994110519764
2022-04-08,-0.012749998026471365,-0.02467896592049179,-0.026828975722276938,-0.008735600242068764,-0.10816333788998134
2022-04-11,-0.023023930495504996,-0.03034524891682755,-0.032894945710200574,-0.02636905798520406,-0.11951638794526209
2022-04-12,-0.021165295512038496,-0.02761882882907274,-0.030884879257131348,-0.015059017113289053,-0.1091010854466179
2022-04-13,-0.012823377251732992,-0.023013730763824514,-0.025985049313781095,-0.0032461190701359444,-0.10510560893426801
2022-04-14,-0.01916998881264964,-0.027743372349791184,-0.03098507502533454,-0.004217784303575556,-0.10529047374346423
2022-04-18,-0.020013338678138926,-0.028696590371015906,-0.03242881171761336,-0.0032153789306115232,-0.10025708415915036
2022-04-19,-0.016520652406776803,-0.029397183538308114,-0.03149600381251705,-0.0015222155664730286,-0.09338842752879006
2022-04-20,-0.010800241150995205,-0.02459462826040959,-0.026669074083507827,0.0,-0.08574630615852119
2022-04-21,-0.02137221368271902,-0.031150799971501275,-0.03372447436497783,-0.015552439107041627,-0.09740899721508978
2022-04-22,-0.037943246879214354,-0.04028015138325558,-0.04353096222892627,-0.04068163115549128,-0.11269264462728201
2022-04-25,-0.03841815852194841,-0.03982093715199064,-0.042264252624899856,-0.050547366438790764,-0.12683757316181066
2022-04-26,-0.05013521233728713,-0.04394019911744196,-0.048248428792407094,-0.05412939039837705,-0.1252889609786737
2022-04-27,-0.04916752226775423,-0.045011892664974074,-0.049055717799231346,-0.050633300005402115,-0.11688866497327521
2022-04-28,-0.03720623083642138,-0.039416294162745946,-0.04250844111586993,-0.03394166585170488,-0.10412433464076132
2022-04-29,-0.05683723232223581,-0.05019467453054449,-0.055173809311614086,-0.058558051318230664,-0.1257065619750768
2022-05-02,-0.05913446414514445,-0.05325495606472486,-0.05802616917942127,-0.061304586958700336,-0.12133799229934539
2022-05-03,-0.05433098617405352,-0.05091464931743439,-0.055063590698057774,-0.060010847847892124,-0.12362544099997075
2022-05-04,-0.03538562512806176,-0.03978122052971966,-0.0429784995496455,-0.03986504423069959,-0.11644401275777794
2022-05-05,-0.057275839244823934,-0.05225554736428473,-0.057013058871798084,-0.05433076285931604,-0.10837185974732466
2022-05-06,-0.061313499293336626,-0.05483203810478077,-0.060139117716738744,-0.05441262811880421,-0.10366803610160702
2022-05-09,-0.08247088809557845,-0.0639476210529516,-0.0700903583693342,-0.0853183858651756,-0.12322297836635931
2022-05-10,-0.08317589939419978,-0.06448472893560742,-0.0705137182075104,-0.08447438667434082,-0.12365370625470395
2022-05-11,-0.08475866025644907,-0.0634782359281173,-0.07076073860296173,-0.0777839903584252,-0.12540469736254845
2022-05-12,-0.08557606940374207,-0.06380316799960972,-0.07094829527078372,-0.07613572054022355,-0.1232523197536971
2022-05-13,-0.07355597596289465,-0.05977083571903907,-0.06535796362197233,-0.05531559580962109,-0.11071657802101242
2022-05-16,-0.0725820415124161,-0.05812995210173488,-0.06430555968501062,-0.045076816084513194,-0.10420170088306713
2022-05-17,-0.0642174896741794,-0.05687932417644892,-0.06131730834885174,-0.04733374011415059,-0.10499668115731797
2022-05-18,-0.08421512761838101,-0.0645902151497153,-0.07185918646871858,-0.07204612073910943,-0.12275990715911733
2022-05-19,-0.08300994299948805,-0.062392362109948696,-0.07011935841696171,-0.07312695791654222,-0.12927948692285862
2022-05-20,-0.08148214270969079,-0.06052809353639743,-0.06843025044250017,-0.07103080735153244,-0.13620885511634528
2022-05-23,-0.07227561805906968,-0.05737528485949839,-0.06391400669320002,-0.055888569013044176,-0.12811050327182394
2022-05-24,-0.07029919284748254,-0.05327862919883286,-0.060202869510902146,-0.04789495615576567,-0.12931367366069169
2022-05-25,-0.06419268872569295,-0.05011492318027666,-0.05616694133981426,-0.040233203026410314,-0.1239425023706009
2022-05-26,-0.053828616586606204,-0.0458027220666366,-0.05045776208901198,-0.03231349239054959,-0.11923341731996062
2022-05-27,-0.04031103736836095,-0.039654604116128866,-0.04270597931502351,-0.02187738544413842,-0.1172484507036674
2022-05-31,-0.047759608041665014,-0.045626945646488726,-0.04879014974888707,-0.03368658980111239,-0.12401184982023206
2022-06-01,-0.052332486023773495,-0.048658419963556576,-0.052563372798764996,-0.0318240745437286,-0.11848856678793973
2022-06-02,-0.04059751652334287,-0.042840923323742564,-0.045890130887015546,-0.02224919175719997,-0.12199804364433109
2022-06-03,-0.0483862426921684,-0.04683391249835167,-0.05073444037302477,-0.020658463661477167,-0.1111254315787803
2022-06-06,-0.048654230436399826,-0.048920589752386556,-0.05237488122174483,-0.019527927940951595,-0.11036877445389992
2022-06-07,-0.04124216962221028,-0.04470442409900255,-0.04779624686624073,-0.006033859219807147,-0.10189231912308727
2022-06-08,-0.049467570489216905,-0.049273547992548794,-0.05354677158575938,-0.01391792878837439,-0.10206832507835895
2022-06-09,-0.06344371608993371,-0.05588082149770457,-0.06192129932196955,-0.02716689654801341,-0.10760271670005384
2022-06-10,-0.07924649974120257,-0.06458699175642335,-0.07244857318116282,-0.03834608853802124,-0.10564121008507632
2022-06-13,-0.10860614305206395,-0.08384874853471036,-0.09328163348589202,-0.06770448303117016,-0.1068613197348951
2022-06-14,-0.11337638416059148,-0.0883860465946944,-0.09748956522404262,-0.0763393196784774,-0.10960772747029157
2022-06-15,-0.10374427204639125,-0.0800777605706341,-0.08894078620884605,-0.07916133325889885,-0.1308793639195267
2022-06-16,-0.12001252449266064,-0.08636526029994052,-0.09723136606330007,-0.09891209293446379,-0.1411634728370913
2022-06-17,-0.12360143775665156,-0.08899662564198962,-0.09915092219851152,-0.12142421834849015,-0.1605476852208696
2022-06-21,-0.11265481879319228,-0.08501678378302446,-0.09387692788515489,-0.10654726501623046,-0.14933622214200803
2022-06-22,-0.11355268967632104,-0.0827423500180714,-0.09198916017941206,-0.1166142200447009,-0.16301004821123988
2022-06-23,-0.11080465796141559,-0.0805500079674063,-0.08890649044443022,-0.12417236301715684,-0.18330275284852904
2022-06-24,-0.0955680789327834,-0.0737116476381775,-0.08022511645568642,-0.11723928247123006,-0.18452106427254755
2022-06-27,-0.09704696735389018,-0.07571285379132431,-0.08228080895625789,-0.1118599784912988,-0.17637543895420682
2022-06-28,-0.1032363594678265,-0.07834455998432188,-0.08617990499683847,-0.10362796553415399,-0.16025242165720477
2022-06-29,-0.10509753453278692,-0.07792362478685388,-0.08588468801670535,-0.11493900928918765,-0.17259506536313096
2022-06-30,-0.10908659891364425,-0.07897126930252119,-0.08676851822931109,-0.1273970935499079,-0.1846795942162277
2022-07-01,-0.10069540648425912,-0.07246648208746476,-0.0798188681069033,-0.12258788831547318,-0.18479149179589716
2022-07-05,-0.11012946077944918,-0.07932206025926003,-0.08586199325818034,-0.14620720848304258,-0.19596721847007725
2022-07-06,-0.11278621939376354,-0.08351581931171348,-0.08886481057214701,-0.15421324250854995,-0.19576167622855145
2022-07-07,-0.10335081938111068,-0.07919011949520871,-0.08408576040997362,-0.13803024517333873,-0.18782934097394344
2022-07-08,-0.1044871888597112,-0.08058305022977841,-0.08550863633956252,-0.13474341861453365,-0.1835672320978191
2022-07-11,-0.10898348103163313,-0.08173675257427426,-0.0874377040654628,-0.1369028453763057,-0.17522331091952648
2022-07-12,-0.1143297164370114,-0.08438978027735711,-0.08981955052258594,-0.1526946712850047,-0.1869319204617601
2022-07-13,-0.11486571610826735,-0.08393411482629265,-0.09006617722025345,-0.15175772327626524,-0.18655583198156322
2022-07-14,-0.12111485785600307,-0.08863596086191994,-0.09459801835110482,-0.1565832688328097,-0.18578450183051975
2022-07-15,-0.11077219091434709,-0.08261666704271164,-0.08764130477805876,-0.15015723912330914,-0.18544590122922322
2022-07-18,-0.11276775151837115,-0.08462629837599944,-0.09027648183325554,-0.14354587790075135,-0.17804077503569515
2022-07-19,-0.09861151389729261,-0.07838477726418425,-0.08227279007872779,-0.1354934735136054,-0.18303260496461626
2022-07-20,-0.09831309535887045,-0.07909051373847709,-0.08282107029709251,-0.14220581650736375,-0.19437745871718837
2022-07-21,-0.09107122401921752,-0.07262357986701107,-0.07602133020910451,-0.14159082387431177,-0.20609256082376248
2022-07-22,-0.09142739930587718,-0.07043244076212474,-0.07430064283087046,-0.13946922458475297,-0.20621943986567037
2022-07-25,-0.0883300718016512,-0.06964290801768591,-0.07338068650443408,-0.13095614705242353,-0.19579491857705955
2022-07-26,-0.09318046884019826,-0.07188886201842293,-0.07611114086369386,-0.13009680371299848,-0.1839494257453902
2022-07-27,-0.08091280467102135,-0.06482181116634622,-0.06840895616847065,-0.11921465577351475,-0.1781092998369853
2022-07-28,-0.06961845253537302,-0.056831633842596485,-0.05972072523115568,-0.11403783089231401,-0.18217568200184997
2022-07-29,-0.06130135906079004,-0.05314284448560125,-0.05552388315968493,-0.11321080343547696,-0.1861580232594443
2022-08-01,-0.06251062029231125,-0.05244901932936974,-0.05529603913305192,-0.1158997010956424,-0.19582910429166422
2022-08-02,-0.07046969856767304,-0.059625296730988486,-0.062312789693867665,-0.11994684747083695,-0.1916379695033038
2022-08-03,-0.0646179226225767,-0.05557609977609668,-0.057694979156443615,-0.1209109169291871,-0.2072286971765338
2022-08-04,-0.06512068340629573,-0.05461018710276744,-0.05667978297290055,-0.13214066698545424,-0.22183631137621207
2022-08-05,-0.06868375015572625,-0.060074345980779875,-0.061470747440206974,-0.12990616412592226,-0.21081316950507145
2022-08-08,-0.06525304172002044,-0.05661156425772296,-0.0585832865853434,-0.12584164668473774,-0.20939731582514054
2022-08-09,-0.06610921495267685,-0.05742807218875856,-0.059786389154107944,-0.1213288695904241,-0.20164367766054736
2022-08-10,-0.05432674534050219,-0.051053685727222686,-0.05205522857968292,-0.11492285215923814,-0.20389454212438607
2022-08-11,-0.05388786600073259,-0.05226687810244057,-0.053274892563499154,-0.10845000864292864,-0.20260501961709532
2022-08-12,-0.04335273885599067,-0.0457281159500158,-0.04594689411096031,-0.10073447931225343,-0.20239439557038608
2022-08-15,-0.043999266955359384,-0.046342719152731804,-0.045991247810061586,-0.1006347616535096,-0.19929340911872806
2022-08-16,-0.04337051152107019,-0.046597893536568624,-0.04603622674608299,-0.10225377773516986,-0.20395900060223748
2022-08-17,-0.0486419785504264,-0.05067349752474448,-0.05051748137135792,-0.10264094673649338,-0.1996349805713038
2022-08-18,-0.04623571072526078,-0.04871564611988399,-0.048969338447426014,-0.10087058111960945,-0.19411349894807584
2022-08-19,-0.05546373128417248,-0.05496584923078629,-0.055646149230690556,-0.10337248267923838,-0.18392153711844839
2022-08-22,-0.0666151273169272,-0.06150760155105883,-0.0634600219235959,-0.10696896710403614,-0.1839588551464908
2022-08-23,-0.0650390201865888,-0.060388264602911135,-0.0629175330791798,-0.10805165833365826,-0.18700531677710663
2022-08-24,-0.06298784070471797,-0.05985237426294154,-0.06231426454775968,-0.10592156140795073,-0.18274713027594003
2022-08-25,-0.05367861890387038,-0.054071974011478896,-0.0556352524282433,-0.10123867174623125,-0.18798661228852387
2022-08-26,-0.0709433628986047,-0.06318963489722262,-0.06681471034777153,-0.11290951258526083,-0.1952832476651155
2022-08-29,-0.07366346289036718,-0.06509990725177595,-0.06932938947794365,-0.1126581638744164,-0.1929894039526141
2022-08-30,-0.08326890602881187,-0.07092656800150521,-0.07514685315403125,-0.12273504392707091,-0.1980721725941691
2022-08-31,-0.09013622914043473,-0.07584542444981157,-0.07991646491138849,-0.13008887362393162,-0.19886478257453166
2022-09-01,-0.09360289806412259,-0.0793888050243744,-0.08235057141923896,-0.13581901852302014,-0.19739257924792608
2022-09-02,-0.09653070394135288,-0.0794792742935303,-0.08354388785146183,-0.1339128124677711,-0.19400511727835257
2022-09-06,-0.10108386887722065,-0.08442232248173231,-0.08783020314639278,-0.13922734133539272,-0.18976321592776058
2022-09-07,-0.08972585187835902,-0.0769920262795929,-0.07895691988199527,-0.14212743847890064,-0.2029807234450023
2022-09-08,-0.08762859676596435,-0.07702463682982474,-0.0783948286733469,-0.14123162697690128,-0.20290485518384138
2022-09-09,-0.07726862284324398,-0.07125675730892278,-0.07246217997501048,-0.12790890922456366,-0.19904060467448448
2022-09-12,-0.0705219971158868,-0.06795837989481768,-0.06875825883113773,-0.12003723044199976,-0.19760327362417263
2022-09-13,-0.09460616204441918,-0.08188105537962187,-0.08501946638957003,-0.1391397792364829,-0.19588640685688286
2022-09-14,-0.09259064191148181,-0.08084277448482469,-0.08425650973718546,-0.1328445137675608,-0.19140007604176057
2022-09-15,-0.10232364190576793,-0.08761382355126279,-0.09084253770209139,-0.1440295086170693,-0.19870323512141796
2022-09-16,-0.10724206034901751,-0.08996852902944275,-0.09331647832044232,-0.1469492609042412,-0.19682471575559757
2022-09-19,-0.10292049808111992,-0.0881530862186155,-0.09104846698118063,-0.14179071040641822,-0.1923818540176644
2022-09-20,-0.11229480454201979,-0.09414492207000225,-0.09772951485578862,-0.14883533029076612,-0.1894409598166864
2022-09-21,-0.12025633686539683,-0.09736885882003166,-0.10210235861564865,-0.15951977184792765,-0.19483542735941972
2022-09-22,-0.1277065796473601,-0.10337883652629254,-0.10808548481075564,-0.1608305225915918,-0.18815267842331673
2022-09-23,-0.14271656518190634,-0.1125263395054068,-0.11745504693675468,-0.18261059960181458,-0.1926705208326308
2022-09-26,-0.15472185234363967,-0.12213799242797241,-0.1268651965041393,-0.19609702788567784,-0.1893844358434611
2022-09-27,-0.1585493440982656,-0.125721544844405,-0.13048829735660117,-0.19583914617203746,-0.1806974604937226
2022-09-28,-0.14105184554612737,-0.11174622797239608,-0.11686676538863949,-0.17986211431901378,-0.1853077589535751
2022-09-29,-0.15317644108262685,-0.11943713212553231,-0.12537669858079503,-0.1914894269756846,-0.186333692034079
2022-09-30,-0.16007692816875696,-0.12425062284285682,-0.1301260396809849,-0.2005373373648397,-0.18890547390264778
2022-10-03,-0.1420288406354806,-0.11127459558293851,-0.11697726590535684,-0.18644960137050381,-0.18840870817883792
2022-10-04,-0.12216029695449937,-0.09943870430700963,-0.10411146974957597,-0.17351325831621423,-0.19528913028335781
2022-10-05,-0.12585554230739437,-0.10262535037087661,-0.10776193219531127,-0.17580904451692714,-0.19139148011526907
2022-10-06,-0.13311339680132572,-0.1075131520630963,-0.11335453208154667,-0.1847894466154505,-0.19138907379673253
2022-10-07,-0.14713908153804522,-0.11611857876119103,-0.12299332149799247,-0.19224736930712494,-0.18714948233922413
2022-10-10,-0.15349111610457844,-0.12110338196171822,-0.12771810171228004,-0.1948095984547511,-0.17925263389865542
2022-10-11,-0.1564905619933511,-0.12236251943564846,-0.1289919669034303,-0.19474996158095448,-0.17240623895499974
2022-10-12,-0.15828731805969476,-0.12267903696473836,-0.12973914082946092,-0.2002794724379895,-0.18039808046450867
2022-10-13,-0.1460484439479378,-0.11749455585291324,-0.1235741094492151,-0.18370164867602368,-0.16512343122861706
2022-10-14,-0.16082373493617597,-0.12628272832436216,-0.13288882933641366,-0.19508035240828625,-0.16692730535601474
2022-10-17,-0.14720476159207985,-0.11892133098965552,-0.12408945976524377,-0.18880756538316046,-0.17643799675571503
2022-10-18,-0.14024474787443497,-0.11501812917396936,-0.11935558493018694,-0.18610494557824264,-0.1789814945576349
2022-10-19,-0.1481315928794149,-0.12152298874032941,-0.12629465103423798,-0.18759532825232872,-0.16761697409886722
2022-10-20,-0.15483499112079202,-0.12642874534711757,-0.1314457571605394,-0.19095344587537144,-0.16958933807363574
2022-10-21,-0.14184952776433746,-0.11889928746241996,-0.12266563419333654,-0.18333867098466905,-0.17114576909367352
2022-10-24,-0.13995652251141466,-0.11836062004191505,-0.12174003768380537,-0.1783371708293061,-0.1573674127589001
2022-10-25,-0.1273511148117984,-0.10974507523332888,-0.11275541300488989,-0.170887767999917,-0.166251993335651
2022-10-26,-0.12313952677227602,-0.1057547059393521,-0.1092191318713901,-0.16572657868285667,-0.15504382775486125
2022-10-27,-0.1219621650388234,-0.10372210238325386,-0.10737123170260521,-0.1622370234267183,-0.15005020116530066
2022-10-28,-0.11403744258247495,-0.10083989221763034,-0.10313360439076025,-0.16554285333865937,-0.15368467186055557
2022-10-31,-0.11905566720181837,-0.1048950909349069,-0.10742435927847516,-0.16739466439309125,-0.14932167361643522
2022-11-01,-0.1158059962137179,-0.10233017841715752,-0.10509533064496968,-0.16029829075521063,-0.15115685333377815
2022-11-02,-0.12818828790173342,-0.10889030205533312,-0.11272261308041831,-0.16465526860377033,-0.1512489865072396
2022-11-03,-0.13017054503498515,-0.11101634542712047,-0.11493375876616785,-0.16288547411414867,-0.14634821302378953
2022-11-04,-0.11717519858148107,-0.1030380947805668,-0.10628502023759911,-0.15044160056360512,-0.1577161906097484
2022-11-07,-0.11583314251082966,-0.10343371958369263,-0.10616056002740337,-0.14644610749425713,-0.1529811357081663
2022-11-08,-0.11077495554055383,-0.09956204337695007,-0.10205244275157277,-0.14378302064783832,-0.15901242662340442
2022-11-09,-0.12284493113709438,-0.10542115697934462,-0.10839665631997941,-0.15905763849647392,-0.1658361678133088
2022-11-10,-0.08788774476110095,-0.08272056378795745,-0.08365511250504376,-0.14158905772030772,-0.1887424188822744
2022-11-11,-0.08127784409900396,-0.07934555345358674,-0.08029012492674015,-0.13193020673062839,-0.19608659888058322
2022-11-14,-0.08788731987428633,-0.08349282159480031,-0.0846846078813569,-0.13735741847219596,-0.19555162086536293
2022-11-15,-0.07997850875430079,-0.07760755290780619,-0.07884160863563794,-0.13088817918455597,-0.20169893511829962
2022-11-16,-0.08301727467311526,-0.07804502646794476,-0.07956697567897064,-0.13757125619402355,-0.2019768724041825
2022-11-17,-0.08789146526865554,-0.08209768622492264,-0.0834146598785489,-0.14100322372647822,-0.2013698000266202
2022-11-18,-0.08566042535205176,-0.08168067299536741,-0.08233135956173443,-0.1362544517299109,-0.19462672443456297
2022-11-21,-0.08749276673212303,-0.08264675942356425,-0.08325949184344716,-0.14014508058393405,-0.19264499289065296
2022-11-22,-0.0779881095375069,-0.07652649026410252,-0.07704911013376448,-0.13011569167021264,-0.18869667006349167
2022-11-23,-0.07340821698343725,-0.0731268795883614,-0.07327426410489901,-0.13399701117876772,-0.19833810878831803
2022-11-25,-0.07319833483545901,-0.07318914713235869,-0.0730172559173683,-0.13659725794057986,-0.19922221647944516
2022-11-28,-0.0832629247823069,-0.07852906020882411,-0.07905917969863996,-0.1455420942292095,-0.20155342454655578
2022-11-29,-0.0810671309534029,-0.07768346157729411,-0.07815050280278857,-0.14020333847425448,-0.19578594432926
2022-11-30,-0.06327885625992413,-0.06600413897871715,-0.06578314074241054,-0.12942727067889492,-0.20089392763775038
2022-12-01,-0.059857988701032205,-0.06164335501961471,-0.061776518955194204,-0.1317251731665544,-0.2090103942442857
2022-12-02,-0.059513041351578644,-0.06121147986575293,-0.06124091207042104,-0.1337756519054234,-0.2113660069190867
2022-12-05,-0.07409774796666524,-0.07146231262905811,-0.07148450474571977,-0.1465790173170063,-0.2128728666181231
2022-12-06,-0.07940618512533937,-0.07335775968978309,-0.073630898280165,-0.1565196408542172,-0.21815865653690625
2022-12-07,-0.0776003088271533,-0.07021124154778402,-0.0707478288896467,-0.15636370976241643,-0.2207024939240927
2022-12-08,-0.07429577912715135,-0.06915853066921895,-0.06928362881360206,-0.15627703065931509,-0.2241028249048146
2022-12-09,-0.08043245114472064,-0.07374156210718585,-0.07359197488985769,-0.16302202551694456,-0.22375342068305148
2022-12-12,-0.0732652317672835,-0.07001063444092914,-0.06968705691819921,-0.1526567315446964,-0.21684507152098254
2022-12-13,-0.06497781135470304,-0.0633019804489533,-0.06305948082497592,-0.14477899149308515,-0.21849345329534542
2022-12-14,-0.06730927511514961,-0.06405017961514159,-0.06425242809747267,-0.1460271823404694,-0.21907395705458377
2022-12-15,-0.08051792035003091,-0.07139357237762622,-0.07241650811884603,-0.15666164835042107,-0.21929048064377166
2022-12-16,-0.08802169732602083,-0.07558832536519478,-0.07676802857358767,-0.16066430889331085,-0.2140942939585957
2022-12-19,-0.09373379264597703,-0.07988271379300504,-0.0811546203640684,-0.16244860364326463,-0.21009765422300375
2022-12-20,-0.0937693458214387,-0.08047783795766061,-0.08168864002517318,-0.15975944241975237,-0.20191942061093981
2022-12-21,-0.08467828827478363,-0.07477756532926783,-0.07560125826093889,-0.15067220724680075,-0.19555539316425963
2022-12-22,-0.09279670397431838,-0.0795482788209575,-0.08055711051762682,-0.15454171514518056,-0.19410841229879905
2022-12-23,-0.08868768718547226,-0.07772691620731087,-0.07863592264992325,-0.1437940068244512,-0.1829762640643252
2022-12-27,-0.08974331921807344,-0.07935873380565994,-0.08031018402845891,-0.14090383478236335,-0.17893013476794228
2022-12-28,-0.0988677952044994,-0.08499629563072375,-0.08627037617448208,-0.14810442689571024,-0.18095165054605322
2022-12-29,-0.08853696172621484,-0.07860644702139574,-0.07928266917137972,-0.14380386787081523,-0.18653744620789137
2022-12-30,-0.09184686149393395,-0.08112970849625922,-0.08203831090470237,-0.14339876636665316,-0.18261740669700421
2023-01-03,-0.09249253664086943,-0.08041661548136025,-0.08111371202485029,-0.14940617609120121,-0.18701882843700313
2023-01-04,-0.08419902898566001,-0.07492312944141821,-0.07490632235437422,-0.15157283228384344,-0.203375827682574
2023-01-05,-0.09121201749160901,-0.07936413260554342,-0.07999097063468708,-0.15475111886551818,-0.2001232308403733
2023-01-06,-0.07331089304481331,-0.06677821457287603,-0.06663355533861814,-0.14013467087315423,-0.20493487873138483
2023-01-09,-0.07155667219176509,-0.06528673797176054,-0.06536696474220915,-0.14056720406066492,-0.20974539912399037
2023-01-10,-0.06951511790777998,-0.06523286024337349,-0.0648676660366736,-0.13758424195142327,-0.20816925517780183
2023-01-11,-0.0597101516578068,-0.05883484834623909,-0.058351911290637104,-0.13140638736369237,-0.21304396678694593
2023-01-12,-0.053679950355383865,-0.05367994111325469,-0.053482061459666164,-0.13022918787395998,-0.2165259398925582
2023-01-13,-0.051742234126751274,-0.053185302821368796,-0.05288775598304429,-0.12770524194085675,-0.21547026691636118
2023-01-17,-0.05366291787774835,-0.054515833762573296,-0.0544056784869712,-0.1285169967940759,-0.2195090999899062
2023-01-18,-0.061001281353482484,-0.057000506138888185,-0.05762080602122133,-0.14481719629972978,-0.2315487208749183
2023-01-19,-0.06408220865598713,-0.05831766531565519,-0.05959022377000178,-0.14490758769222223,-0.22865609752302718
2023-01-20,-0.0571026163688243,-0.05581852204344939,-0.056268399376697475,-0.13960889866499993,-0.22930724686018233
2023-01-23,-0.05310705901348889,-0.054477156323161746,-0.054509224040684146,-0.1368877119150158,-0.2345697696785657
2023-01-24,-0.051571010313813836,-0.05286797651701636,-0.05296859882484517,-0.136477782443435,-0.23345694263448713
2023-01-25,-0.051015413930339926,-0.052263377071462,-0.052336514254227584,-0.1389781522354092,-0.23760617916013693
2023-01-26,-0.04625240773484529,-0.05060375217383828,-0.050432403514765634,-0.13271320573954382,-0.23921821473928906
2023-01-27,-0.04728536545740225,-0.05201628521034718,-0.05145859947767395,-0.13795932930543342,-0.25329788095729244
2023-01-30,-0.055541150590573296,-0.057176747860154586,-0.05673900156994671,-0.14760158140420598,-0.25465240629280617
2023-01-31,-0.04535545100137639,-0.05034188727190014,-0.04958681849376534,-0.13823460819749533,-0.2569664158382693
2023-02-01,-0.039627563519374354,-0.046013956632165454,-0.04460891841342951,-0.14254528202413352,-0.26779927132427794
2023-02-02,-0.038388263378027476,-0.046544682664785175,-0.0444574182492431,-0.1551343891513116,-0.2928205830413185
2023-02-03,-0.05060205424284836,-0.056168575736083026,-0.05396137586951488,-0.1676644343360707,-0.2951766880909399
2023-02-06,-0.054996678329487736,-0.05995651066641805,-0.05793835308981421,-0.16594992797161146,-0.2904939425343418
2023-02-07,-0.0495329664214641,-0.05703034245718486,-0.05502249001886539,-0.15514554690914872,-0.28463784126591096
2023-02-08,-0.0534690786200116,-0.05871196801023182,-0.05715747531935822,-0.15999833042790756,-0.2862762102823425
2023-02-09,-0.05979740311981352,-0.06337177338645172,-0.061894785842607325,-0.1666196642043083,-0.29145731190639257
2023-02-10,-0.05734772342509309,-0.06227848877357545,-0.06107959790810158,-0.1616678016374148,-0.2821209269589794
2023-02-13,-0.051487814932982046,-0.05876420575197683,-0.05715541561871029,-0.15992762245081182,-0.28575007456253854
2023-02-14,-0.052635933962429604,-0.060506833740262556,-0.058919146895138996,-0.16131416521825193,-0.28881379041030275
2023-02-15,-0.054244938632042716,-0.0623977273388997,-0.06030204164814201,-0.16175774882899796,-0.2877541369645521
2023-02-16,-0.0620721759352193,-0.06725780752733423,-0.06544219381182315,-0.16569676194548033,-0.28729903556550396
2023-02-17,-0.06282514793148197,-0.06666598983234906,-0.06460439541866303,-0.16730409385289857,-0.28666547949852283
2023-02-21,-0.07596258730543148,-0.07553330379629708,-0.07417955526758624,-0.17055023197024732,-0.2781931000417427
2023-02-22,-0.0771885137922006,-0.07615924531986051,-0.07465668358271615,-0.1739298777910595,-0.2805365419120148
2023-02-23,-0.07278663166364518,-0.07288806272078774,-0.07142086764078859,-0.16882495337000436,-0.2785121345926105
2023-02-24,-0.08032547427681458,-0.07859297447878089,-0.07729645315540112,-0.17109608808689913,-0.26896880721197003
2023-02-27,-0.07747019302071312,-0.07660958283437058,-0.075144252209837,-0.1709151648641164,-0.27024388631115337
2023-02-28,-0.07991868329313412,-0.07802870577556131,-0.07673116784348488,-0.17663019111107492,-0.2772232178414925
2023-03-01,-0.08037146876655543,-0.07896766992493542,-0.077982192511441,-0.17606990938087508,-0.2716695317700756
2023-03-02,-0.07662801408462794,-0.07702240591548493,-0.07559555627509007,-0.1693259719894381,-0.2650915933708633
2023-03-03,-0.06468215731723792,-0.0688122466565192,-0.06731226689412162,-0.1605393858510621,-0.26852852859727494
2023-03-06,-0.06687413816797683,-0.07045867421834806,-0.0689240635663173,-0.15944338732242003,-0.2656528603523547
2023-03-07,-0.07891918001209164,-0.07847410875517646,-0.07735048209369189,-0.16923634952940014,-0.26504586192464463
2023-03-08,-0.0782955950783013,-0.07861220433320304,-0.07727133039008682,-0.1684685127062059,-0.26637293174792553
2023-03-09,-0.08850482499450041,-0.08299996962561207,-0.0824126902319573,-0.18090607663546543,-0.2743494484542133
2023-03-10,-0.09187956654873719,-0.08067337769849947,-0.08157065376988804,-0.19071391473671773,-0.2872265880597076
2023-03-13,-0.09160083201196179,-0.0767587685784098,-0.07823325818114957,-0.19611551028072305,-0.29708948827729675
2023-03-14,-0.08660742855270731,-0.0760640346745719,-0.07615468052574814,-0.18962705911661115,-0.28785260571942406
2023-03-15,-0.09325008328134266,-0.07720975750961412,-0.07824423846574691,-0.20997155403295853,-0.31433356115113587
2023-03-16,-0.08681307320920384,-0.07519601507800466,-0.07498591965923795,-0.20322191837036507,-0.30794316056304405
2023-03-17,-0.09196375775138754,-0.07541277166095717,-0.0767346306043627,-0.2109801423244808,-0.3147138831225126
2023-03-20,-0.08616122205275067,-0.07267364495552209,-0.07312341441183179,-0.2019652762635571,-0.30546061336595187
2023-03-21,-0.08119447500423815,-0.07174615620786429,-0.07102597509923492,-0.1905540885051611,-0.2977308402477198
2023-03-22,-0.08782237035097185,-0.07264941178050544,-0.07362255582492283,-0.200752997589565,-0.30655466740866055
2023-03-23,-0.0878451013313849,-0.07149415271249526,-0.07277466844026015,-0.20424869693505177,-0.3156600590597022
2023-03-24,-0.08317465747034436,-0.06845262488398174,-0.06918806837121527,-0.19507225314641463,-0.30988220082478335
2023-03-27,-0.08251794600509776,-0.07034659648565866,-0.07050819255667562,-0.19610329507122337,-0.30752839005525
2023-03-28,-0.08055676030233905,-0.06925010217198335,-0.06940017580675262,-0.19328719819864804,-0.30570416426614655
2023-03-29,-0.07289026770100582,-0.06540710117965931,-0.06411477388386366,-0.18577335497367609,-0.30081986049476805
2023-03-30,-0.06757107247204353,-0.061910726441885444,-0.06005019620068175,-0.18103093695140182,-0.3017003168003406
2023-03-31,-0.05849448646594857,-0.05581968247886493,-0.05298147227338268,-0.17835519565849323,-0.3063565346299949
2023-04-03,-0.05377154890155755,-0.05168005250823737,-0.04914049817613342,-0.17526138070301,-0.2991991908870332
2023-04-04,-0.05574210293978776,-0.05122928964681028,-0.049454932278136576,-0.17579121548052445,-0.3006572034961207
2023-04-05,-0.055187453079375115,-0.04957338859661131,-0.0483941848769297,-0.1776041919550886,-0.2994564848875768
2023-04-06,-0.05453408977987484,-0.049419122565312334,-0.04780385250247832,-0.1770752689316344,-0.30078206054824086
2023-04-10,-0.055126530438746935,-0.051865825497278695,-0.049633837867916086,-0.17782647604424218,-0.29772157095827945
2023-04-11,-0.05215424658093404,-0.049853402363926325,-0.047424318799505816,-0.17478852165271774,-0.2987389295161387
2023-04-12,-0.0529406056302153,-0.04960066496156845,-0.047552217054743884,-0.17287319792585176,-0.2967761452375457
2023-04-13,-0.046783789869542236,-0.04590179273457262,-0.042904763690776115,-0.16669360886555784,-0.290620545137923
2023-04-14,-0.051273694100118505,-0.04999369876055382,-0.047156294903431095,-0.17201850735327973,-0.2924516061450405
2023-04-17,-0.05020829696465512,-0.05078576770253029,-0.04721264581376561,-0.17532873651043768,-0.29720057781511944
2023-04-18,-0.04879093945231172,-0.04974784631304496,-0.04611087564120975,-0.1729785818272377,-0.29562523188525214
2023-04-19,-0.05066152525933931,-0.05170942849061311,-0.04801680597337454,-0.1755067909244239,-0.2957233337970254
2023-04-20,-0.0524210717764092,-0.051380530452812434,-0.048176726198091546,-0.17490128074307343,-0.29207895110580995
2023-04-21,-0.0532726515659655,-0.0522939339782037,-0.048745123880982955,-0.17840830244452888,-0.29536612864470346
2023-04-24,-0.050153558110554664,-0.049354451500360996,-0.045913147674512156,-0.17353520403076483,-0.2918191894297486
2023-04-25,-0.05768363463303339,-0.05162587802154062,-0.049700691904957295,-0.18026116513102308,-0.29612847864895187
2023-04-26,-0.06453891018412938,-0.05699170586580771,-0.05540316544893342,-0.18150422496428154,-0.2913203670180904
2023-04-27,-0.056658285177253576,-0.053784673063759114,-0.05061552618244192,-0.17510030441055102,-0.29068320012553106
2023-04-28,-0.0498353612202973,-0.0486473854334214,-0.04512826212676435,-0.16968667308262053,-0.2903633641715879
2023-05-01,-0.054781917927550716,-0.05363868288224172,-0.04982672089368256,-0.17187090831296492,-0.28313558636390457
2023-05-02,-0.05985150440815934,-0.054216731542038654,-0.05142325759104571,-0.1776099523401503,-0.28036185448799267
2023-05-03,-0.06309593578027584,-0.0549053561387024,-0.05274022215459828,-0.17884379293625863,-0.2790414943953333
2023-05-04,-0.06531963255842876,-0.055787043893423705,-0.05406067235614731,-0.18020243551856596,-0.2820615475908542
2023-05-05,-0.05569810746270709,-0.05147986537504046,-0.04824418349056103,-0.17212193703334566,-0.2831180203826663
2023-05-08,-0.057766916755364384,-0.053782866105123395,-0.050551182739278944,-0.17232615619674152,-0.28371499171650594
2023-05-09,-0.05982833206518723,-0.05498744624173746,-0.052195227475739014,-0.17269402355500685,-0.2841256430430793
2023-05-10,-0.057620685170514996,-0.052500900812307516,-0.04960399701681539,-0.17127876175241608,-0.2858372585979132
2023-05-11,-0.06086542480964452,-0.054118341743938814,-0.051552437505614,-0.1755797042666538,-0.28723230173410474
2023-05-12,-0.06340991516629535,-0.05675037041148756,-0.05411282005634377,-0.17653881212359623,-0.28385416760346227
2023-05-15,-0.06147449300389829,-0.055899963197688085,-0.05300486701182494,-0.16991932639283258,-0.2805231002362616
2023-05-16,-0.0708720577686005,-0.06245852029421861,-0.06038061857666921,-0.18148427262037203,-0.2833780724914837
2023-05-17,-0.0649542212021228,-0.05979915441015893,-0.05689725303317161,-0.1761176338473771,-0.2843077452611421
2023-05-18,-0.06492032463125741,-0.06157176262632302,-0.05810026779270583,-0.17981467065379575,-0.2843841272145432
2023-05-19,-0.06491564154823293,-0.06179344104863349,-0.05817264937620181,-0.176578425861029,-0.27843909590303373
2023-05-22,-0.06545174590104441,-0.06246758756840398,-0.058741474829341445,-0.18040289636908735,-0.2844973326835466
2023-05-23,-0.07073241761463211,-0.06535750350423042,-0.0628393067432661,-0.1858146498984381,-0.287109654511147
2023-05-24,-0.07734104963337529,-0.06997303588991399,-0.06836900553478986,-0.19343188363579644,-0.28933199159269873
2023-05-25,-0.08025230152600882,-0.07350180630615999,-0.07152171924215245,-0.19661961800503014,-0.28244686840852773
2023-05-26,-0.07303315000572885,-0.06902680137583528,-0.06626945257215933,-0.1890046698829545,-0.2815148249225796
2023-05-30,-0.07449833282894136,-0.06910525669598067,-0.06671892787914557,-0.19261816687025146,-0.28173260562340385
2023-05-31,-0.07751407389323162,-0.07011387430590177,-0.06819094969132866,-0.19667204742992828,-0.2851433507083352
2023-06-01,-0.07052564783997595,-0.06508089142063933,-0.0626411348692999,-0.1887151551458034,-0.28302069996447743
2023-06-02,-0.06004252954415212,-0.06065796250165323,-0.056211081774494964,-0.1847201922592353,-0.2883124372745287
2023-06-05,-0.0616334213897054,-0.06142789024676898,-0.05724143721881525,-0.18568196476491905,-0.2889508998106165
2023-06-06,-0.058285080174446,-0.059727931964173475,-0.05519804614049695,-0.18507367228281202,-0.2941653610417818
2023-06-07,-0.057966936526273716,-0.06103996732673944,-0.05634207810761649,-0.1929563261024677,-0.30971389655909365
2023-06-08,-0.05320336025724515,-0.05673584856624225,-0.051760639234190275,-0.18503399415386945,-0.300502746921934
2023-06-09,-0.05477648606527441,-0.05851354194445613,-0.05336276872064172,-0.1855862010214423,-0.2963887922234707
2023-06-12,-0.05268563495175771,-0.05732514495911978,-0.05173476908054808,-0.18061987545747182,-0.2916120646954593
2023-06-13,-0.04865289109262194,-0.05630635421894381,-0.04966967945334133,-0.1780730420094302,-0.29187063026404914
2023-06-14,-0.04798131928298166,-0.05579572927686505,-0.04906666956781758,-0.17403576823528255,-0.2889515489283718
2023-06-15,-0.0384548690902069,-0.04857337682947904,-0.041147592757562856,-0.1652475767746684,-0.289334160048373
2023-06-16,-0.039200969527655616,-0.04955434165569572,-0.042120150662849354,-0.16728709183900337,-0.29331908824113795
2023-06-20,-0.04546740440600794,-0.053069216672668174,-0.04634489614981818,-0.17392033011089691,-0.2924092457929216
2023-06-21,-0.04524966366561378,-0.0525774023699207,-0.04611034101751221,-0.17559103580191204,-0.29579085768769164
2023-06-22,-0.049517054223662926,-0.05623481478660375,-0.049578841042435595,-0.17807283188828904,-0.28747505956928743
2023-06-23,-0.055041179636900917,-0.058726081827557675,-0.0530873091574926,-0.18458432016963278,-0.2910009238546698
2023-06-26,-0.052207827067944246,-0.05679956262836994,-0.0510525758837167,-0.1813457264790589,-0.288751516484396
2023-06-27,-0.048035026400897185,-0.05558712875552618,-0.04875601630523929,-0.17516271622437718,-0.280053137159054
2023-06-28,-0.04846120731916792,-0.05534578466393103,-0.04873442108178583,-0.17487264166254046,-0.27785691508437227
2023-06-29,-0.047382947868715664,-0.05659077747305219,-0.04930742781463171,-0.17344478342282066,-0.2751876873227743
2023-06-30,-0.03939683298401864,-0.05119764495453616,-0.0430800380045232,-0.1638370658056697,-0.2722263149940548
2023-07-03,-0.037669247560461305,-0.050987888097334344,-0.04245395280053621,-0.16187545758420496,-0.2753436987079141
2023-07-05,-0.041282322778447456,-0.053551630023627506,-0.04548130515655502,-0.16720702496791884,-0.2818071615057107
2023-07-06,-0.05026753998869071,-0.059733397819575984,-0.05253266585878691,-0.17368857007631888,-0.28304948254342066
2023-07-07,-0.049019555086860955,-0.05902831677380116,-0.052010189794346906,-0.16740434751632494,-0.2785719180665286
2023-07-10,-0.04579306184819787,-0.056334982848421644,-0.04902694702216637,-0.16271402579250716,-0.27471448661096276
2023-07-11,-0.038434274874674657,-0.05184483294730957,-0.043815285924476144,-0.1582514021194139,-0.27714690307947487
2023-07-12,-0.029855110856979783,-0.04513265874417449,-0.036549908416705135,-0.14688497938304568,-0.27401490787071403
2023-07-13,-0.023531362409278778,-0.03998032134948459,-0.03094949495538013,-0.14145092668550197,-0.2746241892308664
2023-07-14,-0.027548092252125844,-0.04337179765533117,-0.03431206488908867,-0.14278626818862905,-0.2721418594790451
2023-07-17,-0.027404739622544083,-0.04330485877382095,-0.03417530839205318,-0.13971733725621283,-0.2671889439628815
2023-07-18,-0.023399588825741446,-0.04048746792392888,-0.03118583781585016,-0.13146824451211692,-0.26125237640109333
2023-07-19,-0.02001377132497628,-0.03775363344529803,-0.02833047665734545,-0.1308985914460874,-0.26642671951788854
2023-07-20,-0.021813791106983227,-0.03922079189968941,-0.029875459869520005,-0.13295484633004417,-0.2696031360492023
2023-07-21,-0.01962206918438425,-0.037618176767916456,-0.02811907109443712,-0.13302829446090703,-0.27227450718210966
2023-07-24,-0.016488657627958814,-0.03640866521727493,-0.026609928496950763,-0.13193149106811186,-0.27692229915450206
2023-07-25,-0.014881734256302015,-0.035648920734411504,-0.0257240101911832,-0.1290204193274156,-0.27412709269998614
2023-07-26,-0.013633076555857881,-0.03416087332474771,-0.024094259277894325,-0.12941505886036697,-0.2744891638707935
2023-07-27,-0.023368954800698893,-0.04172060160519331,-0.03228934666940153,-0.13760140164719759,-0.2724905952350902
2023-07-28,-0.01686857563112898,-0.03696666141467109,-0.026905577238143352,-0.1279727340729485,-0.26884171630504394
2023-07-31,-0.014323373848402543,-0.035502473865267725,-0.025349494470572775,-0.12633639090931026,-0.2690045972601255
2023-08-01,-0.02048530317378161,-0.04036696635978165,-0.030635399925214024,-0.1287049339787264,-0.2667420130366559
2023-08-02,-0.02941892342054253,-0.045527254207498036,-0.03672227079283419,-0.14008692736179662,-0.2698488334030351
2023-08-03,-0.03336248343903392,-0.04852024981151226,-0.04016270295087021,-0.14314228324937128,-0.2703193370922139
2023-08-04,-0.0328608405366716,-0.04697125026142046,-0.03883805942880003,-0.14599430469198804,-0.2744729611742419
2023-08-07,-0.029201457452292523,-0.04485261867138435,-0.03609625695202978,-0.14144797357816785,-0.27062611088719346
2023-08-08,-0.0311563770223392,-0.045387703255683864,-0.037093685612834326,-0.14475877060709563,-0.27376901813821686
2023-08-09,-0.03171357665936103,-0.045641332496911824,-0.03750951010186632,-0.14892169511664266,-0.27884217622492546
2023-08-10,-0.03379164557280134,-0.047731970637289955,-0.0395093770896654,-0.14961019030818712,-0.27458292081098656
2023-08-11,-0.03461365727488708,-0.048600183190622426,-0.04055160809108571,-0.15141392082765315,-0.2770786980529145
2023-08-14,-0.03578340168700023,-0.04981450883572858,-0.04174082830716175,-0.14927714383010937,-0.2714115007803656
2023-08-15,-0.045335357130314446,-0.0555826770206479,-0.048486946037311074,-0.1576099258185124,-0.27156104215876187
2023-08-16,-0.05081228740609356,-0.05926962270900149,-0.05267163694125143,-0.16491383968890472,-0.2742533969309282
2023-08-17,-0.05446108159947172,-0.06140404384119935,-0.05552043498826309,-0.1676334720000312,-0.2732738313071096
2023-08-18,-0.052715320436405144,-0.059928764800955436,-0.054046905435065185,-0.16797704301049088,-0.27686763292235517
2023-08-21,-0.05372017812307961,-0.06148214825491083,-0.055450806871489844,-0.16450279810213386,-0.26871463599556455
2023-08-22,-0.054431974467027855,-0.06198298743975006,-0.05600371348290556,-0.16629772529260178,-0.2722623093371387
2023-08-23,-0.045802797828882635,-0.05536637632838226,-0.04863324937889435,-0.15809402342901568,-0.27414218714876615
2023-08-24,-0.05246569417030977,-0.05967390138298445,-0.05370336585697866,-0.1673938188711822,-0.2799774981387878
2023-08-25,-0.0478688934650332,-0.05696207879672899,-0.05047585056753767,-0.16073219114526427,-0.2783559338863153
2023-08-28,-0.04342280771849094,-0.05406731316754465,-0.047004860964676154,-0.15538353464220644,-0.2744702474827567
2023-08-29,-0.03424657285223687,-0.04759741041738852,-0.03969833508424425,-0.14693869564443562,-0.2720959619249096
2023-08-30,-0.03318573961394233,-0.04707109985889668,-0.03911549369421374,-0.14361531303745045,-0.26901197111384856
2023-08-31,-0.03518323186919314,-0.04811117163760026,-0.040572353232481095,-0.1457471274114166,-0.269879416681454
2023-09-01,-0.03368008364707287,-0.04789245427419386,-0.04018110253540552,-0.1429000943479556,-0.26590664539540976
2023-09-05,-0.04065933069535943,-0.0531600635649484,-0.04625887366539927,-0.15246400176209562,-0.2686256174963423
2023-09-06,-0.04300434060007308,-0.05495963253761149,-0.04827108892090015,-0.1560643682603,-0.27337876920308535
2023-09-07,-0.042865026646650706,-0.05386095981521988,-0.04732697278392006,-0.1603560389280103,-0.2798400109007203
2023-09-08,-0.041698652964929916,-0.05320446454474026,-0.046702794873124676,-0.1612098628803632,-0.2824940089131017
2023-09-11,-0.03820715217267001,-0.051121136916635335,-0.044057158666488405,-0.1575237572969297,-0.2798863471887144
2023-09-12,-0.03899307290388321,-0.05170780488910831,-0.04500255212129567,-0.16255035743388546,-0.28276261925768376
2023-09-13,-0.03909243376268534,-0.05126441713637586,-0.044658760015670596,-0.16477606519878762,-0.2858407050265306
2023-09-14,-0.032731804284927724,-0.0477448091783339,-0.04039594886511566,-0.15874990419422907,-0.2844286314246285
2023-09-15,-0.038508232408996035,-0.051349643273454815,-0.04447080778749335,-0.165183012836851,-0.2882007156359021
2023-09-18,-0.038478321282222394,-0.05102941258912974,-0.04434498019397903,-0.16101258499247573,-0.28337237034693064
2023-09-19,-0.04133581398018349,-0.05315314445944497,-0.04662167442951615,-0.1625578666968498,-0.28203133256114177
2023-09-20,-0.04470811804544217,-0.05516443832523055,-0.04882960509179701,-0.17091072018275488,-0.28806763392385804
2023-09-21,-0.058250231040471334,-0.0635972065480076,-0.05865148334384396,-0.18531737586626273,-0.2872894508071957
2023-09-22,-0.05812554006270365,-0.06289491383106283,-0.05808651437309209,-0.18729166368748762,-0.2893094845057642
2023-09-25,-0.05935543078215666,-0.06447463356052585,-0.059697338236386455,-0.18177146629892038,-0.2780030838213553
2023-09-26,-0.06907513895743733,-0.07026919057887637,-0.06661658629702238,-0.19348603346978466,-0.2807661645256493
2023-09-27,-0.07079547881227988,-0.07208056215808278,-0.06868595618331053,-0.1879340624925422,-0.2720195807637732
2023-09-28,-0.0680071772041152,-0.07001081007364285,-0.06621152960274013,-0.1840801230673592,-0.2659511316083678
2023-09-29,-0.07093054140357913,-0.07227081046501782,-0.06853097800178387,-0.1873792386718649,-0.2689338672783056
2023-10-02,-0.08033748077630132,-0.07898606610126724,-0.07590879263394235,-0.19318025986495913,-0.26314186730915956
2023-10-03,-0.088887370697881,-0.08481558469524186,-0.08280702910360527,-0.1990216932572052,-0.2588034454633491
2023-10-04,-0.08634038935332944,-0.08274283922241887,-0.08003040513403714,-0.20370593951117966,-0.26446117869702224
2023-10-05,-0.08802356055276317,-0.08371289480558641,-0.08109959617157514,-0.20460088786388875,-0.2615713496908819
2023-10-06,-0.08325077186572016,-0.0814105853109417,-0.07817392768760756,-0.19711920503351332,-0.25572466891438606
2023-10-09,-0.07483997588207925,-0.07419325928155207,-0.07101927215801551,-0.18803881506553877,-0.2560791776589426
2023-10-10,-0.07041732338655404,-0.07188222005419831,-0.0680384130117172,-0.1827972429426168,-0.2542605992698225
2023-10-11,-0.06668029462614344,-0.06974672843933782,-0.06544605555990712,-0.18532929807208376,-0.26672878066356676
2023-10-12,-0.07479585004810074,-0.07554254766642332,-0.07207331685310803,-0.18843580516695901,-0.25968319573056364
2023-10-13,-0.07083718712262976,-0.0713873253775551,-0.06850270900736732,-0.19489859839496115,-0.2753508866445834
2023-10-16,-0.06691261781581925,-0.06969385350347523,-0.06621659890599396,-0.1869520961687854,-0.2678825903943016
2023-10-17,-0.0673274109500942,-0.07102117144603215,-0.06750229861850565,-0.18728863726501765,-0.2665092365474939
2023-10-18,-0.07528930385631616,-0.07536244847662965,-0.0733325565954851,-0.20091275152039223,-0.27434433381816525
2023-10-19,-0.08239662628736677,-0.07895961970296761,-0.07817127207818564,-0.21084997443741282,-0.27578998961626433
2023-10-20,-0.08810588780201423,-0.08145360858209405,-0.08126088389816855,-0.22107660354021463,-0.281210966030911
2023-10-23,-0.09019731879269122,-0.08233665528724621,-0.08214755826503495,-0.22152958921917232,-0.2799277477800941
2023-10-24,-0.08480675975676988,-0.07931700155582588,-0.07809562754103982,-0.215851710559553,-0.2801053324543643
2023-10-25,-0.0914913526367993,-0.08345381618697512,-0.08325286789371134,-0.22521618536227528,-0.28559512920444485
2023-10-26,-0.09213892581942451,-0.08320496724133142,-0.08305254881458013,-0.23365474108730722,-0.2962750323752745
2023-10-27,-0.09619909980177266,-0.08537073516341853,-0.0859405843039237,-0.2351554732304144,-0.28969167540727503
2023-10-30,-0.09194895742077636,-0.08346856764528832,-0.08305679179742476,-0.23125694067600444,-0.2876617960585226
2023-10-31,-0.08915514162974181,-0.08224955023943914,-0.08126183794477626,-0.22942970112619632,-0.290161318600877
2023-11-01,-0.08269953571744504,-0.07744845226083652,-0.07568180165776939,-0.2238719394856411,-0.28820998251892993
2023-11-02,-0.06720137866671183,-0.0679090195946952,-0.06438330605289899,-0.2124521250346999,-0.2937396813838984
2023-11-03,-0.05986701175129572,-0.06287765909668586,-0.05818665627004371,-0.20871307077415913,-0.29800282841852
2023-11-06,-0.06235715390333152,-0.06505992168356622,-0.060454105688349635,-0.21029215115174915,-0.29455065523161406
2023-11-07,-0.06431248124721889,-0.06613990511366985,-0.06130665827599202,-0.21004037792620234,-0.29459343502157675
2023-11-08,-0.06508073729291519,-0.06710326933219868,-0.061834421230888226,-0.21336902511554678,-0.2996981268563038
2023-11-09,-0.0726261803534306,-0.0722754334760678,-0.06789550932232191,-0.21409369826702784,-0.29165235654978927
2023-11-10,-0.06573764147987515,-0.0684184833535394,-0.06307598230007105,-0.2084078068788956,-0.2922134389383876
2023-11-13,-0.06513055939220969,-0.06730341063061107,-0.062354312607823426,-0.20609095937905464,-0.28749871789060255
2023-11-14,-0.04689467140718662,-0.05548657727791595,-0.04844538631274431,-0.1927400718868355,-0.28970458350902706
2023-11-15,-0.047586892263221436,-0.056917058236278684,-0.04956228693622533,-0.19422512034459216,-0.28979760751271977
2023-11-16,-0.04830294904383825,-0.056874623861449924,-0.04923362423839117,-0.1911102229674263,-0.2877458889705281
2023-11-17,-0.04445220419426266,-0.05451295552481428,-0.046760447045737896,-0.18709507876830367,-0.2848806446923138
2023-11-20,-0.04052008886024905,-0.051940976937731476,-0.04395373256886337,-0.18193652205074995,-0.28331226111487484
2023-11-21,-0.040328008391483094,-0.050838106893142165,-0.04324180301201608,-0.18035186300771733,-0.28226121058296205
2023-11-22,-0.038680041640236196,-0.050019680971501224,-0.04190689095900135,-0.1793963783256527,-0.28365613763074804
2023-11-24,-0.03818582170295781,-0.05006234667104492,-0.04177922468302342,-0.1783879571246989,-0.28225947550430963
2023-11-27,-0.0375985822672279,-0.049188552069314495,-0.04094691622834368,-0.17662248019887294,-0.28319957887424196
2023-11-28,-0.034207748661303605,-0.045839849450200365,-0.037862522382784536,-0.17259085308100464,-0.28122122807468175
2023-11-29,-0.032368653637064204,-0.043905027152238874,-0.03577291657520809,-0.171594056376566,-0.28104386077908794
2023-11-30,-0.030894266329721587,-0.04367020998945914,-0.03489324468378918,-0.17469013379562803,-0.2830637894688366
2023-12-01,-0.021738756535579884,-0.03689241168098267,-0.0273025864397195,-0.16969060750879683,-0.29034164847527066
2023-12-04,-0.026354253485961543,-0.040977050115946434,-0.03118567055899124,-0.17823624937496374,-0.297751843969451
2023-12-05,-0.028552589874191625,-0.042086178732217094,-0.032259818924900485,-0.1794182679818579,-0.3009854447882947
2023-12-06,-0.0292556666000634,-0.043000341143663245,-0.03254570568711901,-0.1840893352828723,-0.30588181292811123
2023-12-07,-0.02730117271777388,-0.04164551149139861,-0.030937290741647194,-0.1793060297252943,-0.3008450729330171
2023-12-08,-0.02770001556620938,-0.04311044976119971,-0.0322318784239104,-0.17742020873665976,-0.2963239865891173
2023-12-11,-0.02504178512019506,-0.041716103618531286,-0.030258341339097106,-0.17809621082404947,-0.29815993514163885
2023-12-12,-0.02421840101186179,-0.041341148354543056,-0.029157881593675383,-0.18176931112863215,-0.30029677757977224
2023-12-13,-0.007692422457533765,-0.02848884716125577,-0.015375781756491569,-0.17012675136382371,-0.3060590579928967
2023-12-14,0.0,-0.022335247043980933,-0.009009169098904035,-0.16206326738094856,-0.3038236840574917
2023-12-15,-0.003990499568819694,-0.025213744926137927,-0.012190025195529586,-0.1631147269140809,-0.3026395511721166
2023-12-18,-0.0024143072640263608,-0.023803810872481068,-0.01103438976283977,-0.160378389713682,-0.2982353991531915
2023-12-19,0.0,-0.01967095590952639,-0.00666254018986312,-0.1549721132950821,-0.29658001819399593
2023-12-20,-0.009851046997302326,-0.02592610061944378,-0.013412188738642472,-0.1650442646349468,-0.3044211438179635
2023-12-21,-0.0030057697582808185,-0.021213232372818247,-0.007987225985774726,-0.15560955625687045,-0.29525878849577103
2023-12-22,-0.0018979798648932622,-0.02025533602967544,-0.007039824281306006,-0.1532159326181064,-0.2946277801090892
2023-12-26,0.0,-0.017100923060116124,-0.0037693119191692936,-0.14984254243172268,-0.29449550999750473
2023-12-27,0.0,-0.014042428039957922,-0.0002823359713143292,-0.14792120452727497,-0.2954869778332062
2023-12-28,-0.0015271398907296119,-0.015624249756855835,-0.001561847398059868,-0.14910487465761202,-0.2967330279706498
2023-12-29,-0.004420048136529298,-0.01736550215894872,-0.0035167381584535473,-0.15251080234277747,-0.29964694612103615
2024-01-02,-0.0062247614337080925,-0.01894993102928566,-0.005252028178713619,-0.16123751083935034,-0.31605336212981217
2024-01-03,-0.010682810686541089,-0.0212356220794927,-0.008581214192201703,-0.17234828970276772,-0.3254956689313676
2024-01-04,-0.014212252586457863,-0.023902106195459072,-0.011170234131339218,-0.17491530392059806,-0.32334115770330907
2024-01-05,-0.014296485240920087,-0.024082381705993083,-0.011377921193675089,-0.17433844971114965,-0.32368767843579815
2024-01-08,-0.008914816890573718,-0.020770005164166605,-0.007000793958352403,-0.16592574387446035,-0.31725296899572997
2024-01-09,-0.012563476524930839,-0.022440152687886794,-0.009171519850149079,-0.16693772705760457,-0.31665974686428033
2024-01-10,-0.012302461116013963,-0.022559362449738996,-0.008859014844788016,-0.16293434688907238,-0.3133822478068511
2024-01-11,-0.012297060633875256,-0.021233433709365368,-0.007872913136231952,-0.16185047623912063,-0.31049753486883036
2024-01-12,-0.010196570138717997,-0.018959293129415133,-0.005846004026563212,-0.1597092758290254,-0.31009508823372545
2024-01-16,-0.01973681337079336,-0.026079028128528692,-0.013487357814561896,-0.16574358489449836,-0.30752625776374776
2024-01-17,-0.026110939523975474,-0.0306601531767845,-0.018486633878299408,-0.17220487807752094,-0.31151356363849503
2024-01-18,-0.023744256385498264,-0.028703990746223318,-0.016470681255407182,-0.16601676031773183,-0.30616984614687637
2024-01-19,-0.01928932033159203,-0.026287337803537536,-0.01360438077630155,-0.16056574397207224,-0.3020032735316882
2024-01-22,-0.01787385103313399,-0.025137667054052293,-0.012377332149965281,-0.15981850046713597,-0.30072228293147196
2024-01-23,-0.017230563353260564,-0.02440280377774795,-0.011914021682569276,-0.16036176347032527,-0.30256847653872077
2024-01-24,-0.019312935897670136,-0.02602992710879659,-0.013840627449814624,-0.16101782053516955,-0.30843020656050313
2024-01-25,-0.013093150541028553,-0.02103684505533976,-0.008722017597341258,-0.1596910802250281,-0.3121439714767328
2024-01-26,-0.012302448267508037,-0.02054939124710331,-0.008313083596665716,-0.16098860619758126,-0.3143550779911465
2024-01-29,-0.0075463190134504865,-0.017111411340618887,-0.004410500158974595,-0.15324112591921413,-0.30750478638795875
2024-01-30,-0.006076734775729675,-0.015841732732220226,-0.003337314978672401,-0.15491627363894078,-0.3117980202714886
2024-01-31,-0.012220117121938712,-0.019250039340485636,-0.006936038409323997,-0.16584669719420742,-0.31744141596298836
2024-02-01,-0.0020257387990022524,-0.012209480274037787,0.0,-0.15461381842023092,-0.31220567293230006
2024-02-02,-0.0064345248145722955,-0.016759202287453756,-0.004432904527776893,-0.15066325189370722,-0.30233724355779323
2024-02-05,-0.01420086075275584,-0.022003632279653296,-0.010509492282335442,-0.1538471679900879,-0.2986723480572522
2024-02-06,-0.0075536898733366,-0.01712897047495965,-0.005069891116360137,-0.1513200624781874,-0.3027999764358055
2024-02-07,-0.005132317363904182,-0.015558437211103948,-0.0034705671286716644,-0.14732549807234374,-0.29746984645854635
2024-02-08,-0.005449436624262005,-0.015907430940907297,-0.004139423928851027,-0.14787394513709617,-0.2995214534966102
2024-02-09,-0.004931556423335981,-0.015905430031428858,-0.003930987132793828,-0.14544515816956682,-0.296097026694361
2024-02-12,-0.0026024127103240202,-0.014484323301446334,-0.002395835502072896,-0.14719343230133208,-0.2997302227761438
2024-02-13,-0.015500504140741111,-0.024189921714782958,-0.012788258645965778,-0.1581561121536902,-0.30189124623911234
2024-02-14,-0.009958990083065666,-0.02051433080562637,-0.008209260437719523,-0.1528175333961923,-0.2946556757551835
2024-02-15,-0.000795650065064657,-0.014330451891299556,-0.0015094218912072854,-0.14915799864707024,-0.2997738609312923
2024-02-16,-0.0025219393516860977,-0.015669178094194547,-0.0030263293705747873,-0.15150258824320673,-0.3028552425743578
2024-02-20,-0.0033944265325702716,-0.01586032361755807,-0.002966596614449424,-0.15513683975320636,-0.30428750875996513
2024-02-21,-0.0008918048004972201,-0.014604827088229633,-0.0017600373211229536,-0.15406246229032916,-0.3094313803872155
2024-02-22,0.0,-0.009743339844432541,0.0,-0.13982364113792967,-0.29715120877914913
2024-02-23,0.0,-0.008770175230179644,0.0,-0.13888723679281578,-0.2963482018690118
2024-02-26,-0.0029119733619498156,-0.010535351674545668,-0.00238974510598966,-0.13913936128518112,-0.29186371627953167
2024-02-27,-0.0014765203686639694,-0.009573110920978567,-0.0014995533030580654,-0.13875727008611127,-0.29051151988150303
2024-02-28,-0.0011675973490057334,-0.009442040828713028,-0.0012111121720940199,-0.14014148147412264,-0.29354661218647926
2024-02-29,0.0,-0.007735439893666984,0.0,-0.1381370315017878,-0.293599138594841
2024-03-01,0.0,-0.002268122325707944,0.0,-0.12997674917840785,-0.28809017582314134
2024-03-04,0.0,-0.001690570611412312,0.0,-0.12922101896080196,-0.28860683953231203
2024-03-05,-0.002607543052025152,-0.0030103292600692777,-0.0013003371980193634,-0.13974404773234295,-0.29397091548816556
2024-03-06,0.0,0.0,0.0,-0.13632088906393436,-0.29385719638605445
2024-03-07,0.0,0.0,0.0,-0.128860299196077,-0.2894417637124951
2024-03-08,-0.0008071455307377962,-0.0006318872899718775,-0.0005199104016598843,-0.1332128095549867,-0.2938640992880457
2024-03-11,0.0,0.0,0.0,-0.1353351762529008,-0.29596357000153195
2024-03-12,0.0,0.0,0.0,-0.1273541644355637,-0.28513798430272685
2024-03-13,0.0,0.0,0.0,-0.1277183192694875,-0.2898616565823593
2024-03-14,-0.005116712918108779,-0.003772146906178886,-0.00437830698945707,-0.1312687395117007,-0.29481961098382137
2024-03-15,-0.007024879752681845,-0.00511516238851395,-0.005792819676590288,-0.13710744871121894,-0.30106599368907017
2024-03-18,-0.0046250737993489555,-0.0031017567628924825,-0.004054919315890193,-0.13304430527610422,-0.3002678139794194
2024-03-19,-0.00112405212296518,-0.0003308398225465581,-0.0011873261608236207,-0.12767245972441965,-0.29671541390912426
2024-03-20,0.0,0.0,0.0,-0.1202579584005008,-0.288535414585676
2024-03-21,0.0,0.0,0.0,-0.11830755730537323,-0.28622460010477835
2024-03-22,-0.00293731603819003,-0.0018166485219592854,-0.0018198032948936183,-0.12156960839640407,-0.29143704276684335
2024-03-25,-0.003939410200570315,-0.002381828783752482,-0.0028808053105213727,-0.12483582323762743,-0.29488046911735344
2024-03-26,-0.005208943792123777,-0.003225719386366399,-0.00345929370860798,-0.12526788144375933,-0.2928885805900743
2024-03-27,0.0,0.0,0.0,-0.1131798172933528,-0.28533509296089477
2024-03-28,0.0,0.0,0.0,-0.11406119346745969,-0.28810354866367716
2024-04-01,-0.004356446883978737,-0.003374800729545213,-0.004033831347238337,-0.1182257722820379,-0.2889288945311991
2024-04-02,-0.0067813144839947714,-0.004420342954615797,-0.005861543291981963,-0.12575702153518398,-0.29883584768863747
2024-04-03,-0.004886424103908271,-0.002515763939901605,-0.0043855752466368525,-0.12401715323943985,-0.29905021548823874
2024-04-04,-0.009568080942183421,-0.005339427823286336,-0.007513923100029518,-0.13571604118874625,-0.31121116544240623
2024-04-05,-0.005482971690915384,-0.00285298410317536,-0.005211251572686315,-0.12733182058838943,-0.3018610831774303
2024-04-08,-0.003684068597514134,-0.002197357429764568,-0.004227703451077036,-0.12519655898652904,-0.3012182829968322
2024-04-09,-0.0005555524553243485,-4.485134389109469e-06,-0.0017733315188680487,-0.12427558272517292,-0.3018053365666594
2024-04-10,-0.012702140753251379,-0.008824577356898122,-0.011695387080395081,-0.13505931090361045,-0.3025084309499003
2024-04-11,-0.010934711910523975,-0.007482007837703808,-0.010516325378806535,-0.132384087955299,-0.29951477895574685
2024-04-12,-0.020001613336310342,-0.01324278274288715,-0.016664918525078787,-0.14490987649564635,-0.3075901499923258
2024-04-15,-0.02631521254222724,-0.017348858232875353,-0.02127949165708909,-0.15259585904735828,-0.3108890856392206
2024-04-16,-0.031312653480510044,-0.02060739828009872,-0.02493239766383204,-0.1558854717074981,-0.310851527883079
2024-04-17,-0.03158392078244865,-0.021185118125716773,-0.024665174822431024,-0.1590394225045706,-0.3178045632894466
2024-04-18,-0.032399482088231846,-0.02182331268481752,-0.025245589777264876,-0.16230742219353622,-0.3211817980663131
2024-04-19,-0.030376290951334983,-0.019875530247411843,-0.023433290810792262,-0.16654172842788018,-0.3262257728138337
2024-04-22,-0.026471086881943773,-0.01743895059074707,-0.020319175128063915,-0.16075828467856212,-0.3218600652879057
2024-04-23,-0.0212074212411697,-0.013541373200044893,-0.01623748421545057,-0.15294370399543522,-0.3181833419414294
2024-04-24,-0.021131046453527702,-0.013896302918040448,-0.016637132144786793,-0.15392718140766581,-0.3173400260998527
2024-04-25,-0.021755190145536618,-0.01439376183368779,-0.017563351994472565,-0.15102004356614906,-0.31543949159782236
2024-04-26,-0.019475768264059168,-0.012702385408137729,-0.01562906190262736,-0.14625373372585115,-0.3101889868018072
2024-04-29,-0.013837357925135185,-0.009128746303869284,-0.011629616098799866,-0.14422703498107226,-0.3113351159871658
2024-04-30,-0.025979576742163002,-0.018189774460353303,-0.020426391800338006,-0.1603947382057529,-0.3253817578414647
2024-05-01,-0.02631394307583612,-0.01830801994074438,-0.019776431591979615,-0.16523157554592305,-0.3321947210247477
2024-05-02,-0.01988251902647742,-0.013576072072418954,-0.0146764904554062,-0.15938509113426302,-0.3328965398829501
2024-05-03,-0.013585618306464098,-0.009008422761622614,-0.009778709428144738,-0.15287184347111216,-0.32987839889344583
2024-05-06,-0.007970229810650875,-0.004703121995752624,-0.005817757849649885,-0.14386450228972225,-0.3221285018075676
2024-05-07,-0.005512435895587475,-0.0029414743942048904,-0.0038269117224358773,-0.14403875350240003,-0.3244847975801234
2024-05-08,-0.007102431743100879,-0.004486230522519841,-0.005259548020345006,-0.14412499760119346,-0.32469291150904334
2024-05-09,0.0,0.0,0.0,-0.13408480487894714,-0.3200002606794995
2024-05-10,-9.675081899118698e-05,-0.00024783308665521364,-0.0002872622073363251,-0.13412922950871797,-0.3183520513337629
2024-05-13,-0.00018165437241268734,-0.00023286857773208158,-0.0004068012523169573,-0.13560944764468352,-0.32127353250624757
2024-05-14,0.0,0.0,0.0,-0.13089318720598986,-0.31850898140231476
2024-05-15,0.0,0.0,0.0,-0.127457293163459,-0.3196480092116638
2024-05-16,-0.0015387233132020395,-0.0008271983718348697,-0.0011593488626034931,-0.1307902389466321,-0.323322712986418
2024-05-17,0.0,0.0,0.0,-0.12378524339177033,-0.31389919198477534
2024-05-20,-0.0012715278885643277,-0.0005611814516723879,-0.0010275197701734573,-0.12774232315892242,-0.3159891562557886
2024-05-21,-0.0002674236765650706,0.0,-0.00016496301057666862,-0.12749323099190402,-0.31591328501515115
2024-05-22,-0.0063311754972220635,-0.004888508400162972,-0.004447033450779014,-0.13487307965942097,-0.3215533335152414
2024-05-23,-0.0160076598690847,-0.011810360429589273,-0.011386380384664885,-0.1469057438599236,-0.33010967502725275
2024-05-24,-0.011878538052297216,-0.00876770701605023,-0.008315758414910723,-0.1435180768617581,-0.3280673319027271
2024-05-28,-0.01431181618639954,-0.010293009600911729,-0.010959713284926731,-0.14418975075090779,-0.3259538784395215
2024-05-29,-0.02368090889119734,-0.017119044581688225,-0.017757489415201055,-0.15472175017662082,-0.33213155018005835
2024-05-30,-0.020712443014225257,-0.015381609203390934,-0.015043091966692956,-0.1511050807590708,-0.3283981035633886
2024-05-31,-0.013120148196908099,-0.010081591451810312,-0.009180173996641727,-0.14511097733451483,-0.3227183464660337
2024-06-03,-0.013834077379963894,-0.010227309600074008,-0.008755115678876435,-0.14666998391417685,-0.3242940489184447
2024-06-04,-0.014797189496135843,-0.010777962439894928,-0.008928259779530046,-0.1499904932567886,-0.3340840608771235
2024-06-05,-0.009599756379225943,-0.006773762787503967,-0.004925006734999959,-0.1423827495494231,-0.32624671387803095
2024-06-06,-0.008215388764716836,-0.0051918562957261605,-0.003998501334363969,-0.14050686260396794,-0.3258152360395836
2024-06-07,-0.016018571694974226,-0.012098602573840878,-0.010285613274974126,-0.14462489286967206,-0.3293407157174645
2024-06-10,-0.013424516335905134,-0.009918727385723303,-0.008737179420836405,-0.13997918482687222,-0.32402534095726643
2024-06-11,-0.013886360897727101,-0.00973443058445389,-0.00881445119282298,-0.14301562796502976,-0.3280592149179673
2024-06-12,-0.010050387626023727,-0.006853365372916587,-0.005677867232863454,-0.14218003019449643,-0.3295340634632594
2024-06-13,-0.009940811726610321,-0.006198351586043094,-0.005149781234234263,-0.14533037375123137,-0.33763051491506224
2024-06-14,-0.011385483278977815,-0.007090427067865002,-0.00634856955870744,-0.14749910922861154,-0.3411387973448511
2024-06-17,-0.009051559152021715,-0.005755818910863741,-0.005023562967154338,-0.14315188539011037,-0.3358213547544906
2024-06-18,-0.0054864063216588654,-0.002486644324630305,-0.0019240824117896516,-0.14009465343658778,-0.3345731117352394
2024-06-20,-0.00434382314225723,-0.0018133691814481434,-0.0014535072293739848,-0.13098752339184383,-0.3271999547047568
2024-06-21,-0.006277562789291258,-0.003313375219577863,-0.002538586098393414,-0.13624523898432994,-0.3329656731267918
2024-06-24,-0.0020942400867449695,-6.925294359549916e-05,0.0,-0.13634987577365465,-0.3330467218449693
2024-06-25,-0.004932925330304094,-0.0020851969410070614,-0.002011253603484753,-0.13732954199781966,-0.3327291303632134
2024-06-26,-0.008356281481451955,-0.004960712031367942,-0.0049469473891982085,-0.14176955563108884,-0.33569801522884546
2024-06-27,-0.006272582385216996,-0.00331525443223335,-0.003458274396861416,-0.13920339772539636,-0.33684496740127634
2024-06-28,-0.008736528162986201,-0.005468228932342667,-0.005458085704666882,-0.1388335163000568,-0.33468557738440075
2024-07-01,-0.011523959595323485,-0.007289447239386182,-0.007984964063474265,-0.13783057746895577,-0.3347062903237734
2024-07-02,-0.00714735105983999,-0.003985791466421751,-0.004524420845831489,-0.13326242999578575,-0.3346642346997063
2024-07-03,-0.0017622534685108882,0.0,-0.00038851925314697944,-0.12736242862867653,-0.33151706959436755
2024-07-05,0.0,0.0,0.0,-0.12495401996887823,-0.3323933128554979
2024-07-08,-0.0012615930539098263,-0.0015117945903865282,-0.0009801199575221187,-0.12550224506402552,-0.3320799604222797
2024-07-09,-0.0024573005406922643,-0.0026285105000052322,-0.0019111527905912862,-0.1260036739748177,-0.3323731699059401
2024-07-10,0.0,0.0,0.0,-0.11970757906178431,-0.32879662640075114
2024-07-11,0.0,0.0,0.0,-0.11731066032825688,-0.32937041221647934
2024-07-12,0.0,0.0,0.0,-0.11421616707854154,-0.3271436065066917
2024-07-15,-0.0018677022404200994,-0.0016126292355725935,-0.0015220488752055727,-0.10728091059230471,-0.32170924873369067
2024-07-16,0.0,0.0,0.0,-0.09922661040387626,-0.3177660561595431
2024-07-17,-0.002834102373336256,-0.0016313561960750178,-0.001423369371404748,-0.10655921799684975,-0.3244921790081451
2024-07-18,-0.009440760900506273,-0.006662329937453526,-0.0065404986265038545,-0.11306676546876215,-0.33047392426811806
2024-07-19,-0.015701909000822467,-0.011539833346392081,-0.010807561975778701,-0.12290894004822195,-0.33665464301674053
2024-07-22,-0.010840633997797888,-0.008320570954413964,-0.007560088890275596,-0.11479959294713593,-0.329357442052835
2024-07-23,-0.013565105964737367,-0.010320984838799507,-0.009124972238596318,-0.11641195045439667,-0.33283320832881613
2024-07-24,-0.02287236571119977,-0.01605490981673252,-0.015004894164589055,-0.13085581963455484,-0.3454964804219858
2024-07-25,-0.023382383572049914,-0.016101295311756858,-0.015049621657728385,-0.13249087873859733,-0.3460032181154552
2024-07-26,-0.014891505021108253,-0.010554762242209303,-0.008829152669919904,-0.1220747287131363,-0.3402475926477567
2024-07-29,-0.014510103856778644,-0.010646596444451095,-0.008610330379035802,-0.12046017550292665,-0.3409250183727909
2024-07-30,-0.013683923768599837,-0.010081980875252139,-0.007779354149130002,-0.12202265675843316,-0.3420720588912254
2024-07-31,-0.00377781678772815,-0.002352458424650483,-0.0008769061950335555,-0.1081023769232059,-0.3352315150182754
2024-08-01,-0.010138227603921246,-0.005785960547483482,-0.0039010981723366367,-0.11821413419294546,-0.343084811272621
2024-08-02,-0.01741975161844045,-0.00844072661620443,-0.006167779120716421,-0.13647086233367967,-0.3613486734458654
2024-08-05,-0.03402710867051617,-0.019167121500549555,-0.017542908500624455,-0.15740829811932822,-0.37615005116874345
2024-08-06,-0.030992608747203443,-0.018596778916030177,-0.016241683320361466,-0.15117111396658578,-0.369188187298672
2024-08-07,-0.03363507568759461,-0.02005075054129024,-0.01797539046945973,-0.1568065810366177,-0.3733416024897227
2024-08-08,-0.02158348520467268,-0.012738819727722284,-0.010260741694600783,-0.13941047867165401,-0.36260836862595847
2024-08-09,-0.018240695599946233,-0.010217095613273885,-0.007793250033698684,-0.13641976434398506,-0.363290402086097
2024-08-12,-0.017054383740442214,-0.008718194537785107,-0.006853116255882141,-0.1318024429630279,-0.364242714997543
2024-08-13,-0.00935591522246726,-0.003962306107970215,-0.0011871844447444158,-0.1273136883750987,-0.3579522026009646
2024-08-14,-0.007832146185260958,-0.0029520760931326384,0.0,-0.12595480827032313,-0.3564073836734337
2024-08-15,-0.0003893020945483494,0.0,0.0,-0.12159565919974402,-0.35725798309087786
2024-08-16,0.0,0.0,0.0,-0.11452198414189552,-0.3519861511055483
2024-08-19,0.0,0.0,0.0,-0.11065545833485302,-0.34964853916879857
2024-08-20,-0.0016350044364027427,-0.00027890427278254304,-0.00031415796900735593,-0.11156543534957675,-0.3474990869543142
2024-08-21,0.0,0.0,0.0,-0.10953371053102767,-0.34767316496313827
2024-08-22,-0.0045370798415460545,-0.0030122144379526317,-0.0031284088251818387,-0.1113153307878979,-0.3475660421477188
2024-08-23,0.0,0.0,0.0,-0.10240140471911219,-0.34667286675479236
2024-08-26,0.0,0.0,0.0,-0.10238695664048536,-0.34737558094659704
2024-08-27,-9.392408158115373e-06,-3.576581299835624e-05,0.0,-0.1010367106640142,-0.3458908518036734
2024-08-28,-0.003803029746704878,-0.0025670736815863737,-0.002334144108647629,-0.10515724433407525,-0.34548775669401766
2024-08-29,-0.0016605651971537405,-0.0011018744195789854,-0.0009923124770736536,-0.10329856027821716,-0.34775411528630573
2024-08-30,0.0,0.0,0.0,-0.09822932624898062,-0.3429284553208435
2024-09-03,-0.008976115889190783,-0.004358526396044504,-0.004650313208905743,-0.11036221735037721,-0.34262911144993036
2024-09-04,-0.008051651409134553,-0.0026532613133719574,-0.002794803039922411,-0.1087872158501112,-0.3413752295401745
2024-09-05,-0.009199316495752119,-0.0029823172996472636,-0.0032396969497876515,-0.11029075842347313,-0.3456149828935111
2024-09-06,-0.01827608945335668,-0.007555245502578134,-0.008231801447916132,-0.12313533241496721,-0.3497924130192017
2024-09-09,-0.010533847547764874,-0.003000872615060657,-0.0031153123647387204,-0.11320514102494139,-0.3441832229859032
2024-09-10,-0.00952760362352656,-0.0024706589133348666,-0.002322499954927837,-0.11016518654289853,-0.34184870467930106
2024-09-11,-0.007248715394759575,-0.0019331355342980805,-0.0016346884598809064,-0.10802008339327096,-0.3400603645537704
2024-09-12,-0.0014021863288058434,0.0,0.0,-0.10184068155615067,-0.33871369045098443
2024-09-13,0.0,0.0,0.0,-0.09431278761561845,-0.3342912164878358
2024-09-16,0.0,0.0,0.0,-0.08874609691641255,-0.33161467564155467
2024-09-17,-0.00041333471562599033,-0.0006715633936338339,-0.0007702920047469863,-0.09240059746837537,-0.3368103084366538
2024-09-18,-0.0042709434485301845,-0.0034720128062661892,-0.0034905513388566733,-0.0958561087311699,-0.33943525365722527
2024-09-19,0.0,0.0,0.0,-0.08730566425186803,-0.3399690729927609
2024-09-20,-0.0001009193529580843,0.0,0.0,-0.07996175334663025,-0.3341146634709643
2024-09-23,0.0,0.0,0.0,-0.07615878611313565,-0.33464959621680523
2024-09-24,0.0,0.0,0.0,-0.07390801558430105,-0.3367350500230556
2024-09-25,-0.005135030816024511,-0.0038803321178028094,-0.003912149116927388,-0.07545674712156791,-0.3316274530045058
2024-09-26,-0.0011692395431962543,-0.0025185235006391915,-0.0015785068263274304,-0.07452140125503959,-0.33109176420096564
2024-09-27,0.0,-0.00030804266703976513,0.0,-0.07726030984824972,-0.33355255922203864
2024-09-30,-0.0006785579194431568,-0.001252546702175672,-0.0009208394838119416,-0.07563902038005943,-0.32932293777589494
2024-10-01,0.0,0.0,0.0,-0.07423180046717481,-0.3364880254512075
2024-10-02,0.0,-0.0002979310548941738,-0.000440317794167866,-0.07322923190689434,-0.34311719341729097
2024-10-03,-0.0038134619074980947,-0.003215794254280313,-0.004079499127757291,-0.07613348737602954,-0.34845413668313696
2024-10-04,-0.0015071503532000374,-0.0037317989672004392,-0.004273255653365449,-0.07277493119709799,-0.3466512983741068
2024-10-07,-0.006319415601785505,-0.007259646212852022,-0.008366063067560381,-0.08391284969843527,-0.3592212289381004
2024-10-08,-0.007940304052222569,-0.008349830371760847,-0.008798073066388912,-0.08371056729268589,-0.3470738814215968
2024-10-09,-0.0066033248028538605,-0.00824163121610444,-0.0083426444648792,-0.0867677398084542,-0.3477319767581385
2024-10-10,-0.006680958286791827,-0.00774557949556598,-0.008481378275295492,-0.08866611888954101,-0.3542161373370253
2024-10-11,-0.001249366981171507,-0.004149842693864536,-0.00446967057992409,-0.08137930442093433,-0.346377889781056
2024-10-14,0.0,-0.003408920909821811,-0.0031467952513353215,-0.07628562080178247,-0.34030723268213203
2024-10-15,-0.004164142599386134,-0.005350399714956988,-0.0047016260817200894,-0.0717625651603877,-0.3325537076492091
2024-10-16,0.0,-0.002189812895167398,-0.001123220973690442,-0.06297067123939759,-0.32570399269580463
2024-10-17,-0.002265861351653742,-0.004539078578760347,-0.0035478930707298906,-0.06271208283908203,-0.3275018341026483
2024-10-18,0.0,-0.0026588719822530082,-0.0012585553442658881,-0.05729858145763722,-0.32329096385748
2024-10-21,-0.006665295087789125,-0.0079264466666219,-0.007034735992313634,-0.0626727622084523,-0.32683810043423145
2024-10-22,-0.006909899215671311,-0.007453553020637327,-0.007350178252245043,-0.0657543887060551,-0.3313142986005362
2024-10-23,-0.01091553273561241,-0.010232163414033102,-0.010177737746526305,-0.0639542383554399,-0.33040447881794666
2024-10-24,-0.009377727738047237,-0.00918022738198343,-0.009047906658640525,-0.06235683980460571,-0.3260123671370303
2024-10-25,-0.012330821918615675,-0.01134945986255953,-0.011567360840764596,-0.07086451505944613,-0.3344874217379148
2024-10-28,-0.011511777380369792,-0.011820119160541376,-0.010917988271457069,-0.06492526355568928,-0.3233506885918319
2024-10-29,-0.014441158673835996,-0.013650985042042652,-0.012760568941820871,-0.06876594971401495,-0.32332217053894285
2024-10-30,-0.014878021354662874,-0.013829155423443651,-0.013312527273657948,-0.06785663399059094,-0.3233791039361844
2024-10-31,-0.021190554754434543,-0.017009656647795635,-0.017264119572953485,-0.07540454943732433,-0.33391251457740856
2024-11-01,-0.023516205556955105,-0.019416653706856968,-0.019219844958332177,-0.08081931444199564,-0.33246354824057056
2024-11-04,-0.020383492830756467,-0.016366175331454902,-0.016606078014949843,-0.0816511587005826,-0.3370673361193405
2024-11-05,-0.012513409989827529,-0.011624772711610887,-0.011572808186120054,-0.06969163956243873,-0.3302103069712048
2024-11-06,-0.009978144984649773,-0.012234694408381874,-0.011675795044897574,-0.05868638314425578,-0.31616672570934967
2024-11-07,-0.0029580387078150805,-0.006947506797338576,-0.0060417081385284455,-0.05023798026932158,-0.31342597434732744
2024-11-08,-0.0007728510523831167,-0.005386038382350966,-0.004399548675445009,-0.04217552940731284,-0.30623360994945337
2024-11-11,-0.002458412395347942,-0.0072585233144736305,-0.006082453032207558,-0.043158170733405776,-0.3059599293106544
2024-11-12,-0.011441079599242676,-0.013303440255190369,-0.01270406751861275,-0.05183174125333323,-0.3121343129493601
2024-11-13,-0.012235315789339452,-0.01351557249422286,-0.01298519050005631,-0.0533287476905171,-0.3143345213983242
2024-11-14,-0.016280284951191826,-0.016284665552557476,-0.01611269447693431,-0.05959927369461537,-0.3213118819894255
2024-11-15,-0.019664394318241185,-0.018022169999629467,-0.017948981768140082,-0.057673298994456834,-0.3180834797308366
2024-11-18,-0.01314703547675311,-0.013369689677982133,-0.013671003791588698,-0.051414821488690254,-0.319129197304055
2024-11-19,-0.012124252375364075,-0.012617839937442588,-0.012875226060509837,-0.04938462828842116,-0.316129052421277
2024-11-20,-0.01156750540163054,-0.012539491137242842,-0.012752905224846067,-0.048788609327997556,-0.31662583763049323
2024-11-21,-0.005700270046525069,-0.008865311533135967,-0.009246935971172543,-0.038977241122806205,-0.3113312163418098
2024-11-22,-0.00156815743781491,-0.006457730769685144,-0.0067277110665683315,-0.03391488030469336,-0.30665266760555987
2024-11-25,0.0,-0.003281323070178588,-0.002800943739122097,-0.034143122927042246,-0.3060886059314416
2024-11-26,0.0,-0.0029689212772913143,-0.002701403309382844,-0.02873432046918034,-0.30147129630770164
2024-11-27,0.0,-0.001859105519760318,-0.0012797763223972858,-0.031107903497410105,-0.3040868139478925
2024-11-29,0.0,0.0,0.0,-0.026334381465252132,-0.3035686597674655
2024-12-02,-0.00287022876091092,-0.002107476140468245,-0.0018088716800813698,-0.03377011871464275,-0.31146392996912275
2024-12-03,-0.004429617253938312,-0.003199563967429375,-0.0030942031579999085,-0.038985957129985205,-0.3145882004065783
2024-12-04,-0.0037610567219671376,-0.002489432068158659,-0.0020661013859020194,-0.03808233705479569,-0.3158080759175893
2024-12-05,-0.004756280923920775,-0.0030883894752841146,-0.002895684314452418,-0.0413386281471142,-0.31948671729886247
2024-12-06,-0.005954253983844304,-0.0037964165250363724,-0.0032315701321528056,-0.04490796838821132,-0.32116221410842904
2024-12-09,-0.006964810021884649,-0.004759736052231012,-0.004187306676921132,-0.05106028843542787,-0.3258635007337004
2024-12-10,-0.010674185787489576,-0.006614317123311397,-0.006335342738605809,-0.051353661720524246,-0.3252779245931009
2024-12-11,-0.009755588694034811,-0.006588132076426612,-0.006629045352193663,-0.05204401224999744,-0.3247424579891077
2024-12-12,-0.015166874418237719,-0.010293603932734152,-0.010444315712727525,-0.05750709581744662,-0.32661688775787423
2024-12-13,-0.017860659378031274,-0.01260254058446586,-0.012913837647376747,-0.059361356806209575,-0.32868846856599343
2024-12-16,-0.020023479274111855,-0.014131277275789889,-0.014205232287851421,-0.06049646028036848,-0.32836603641331474
2024-12-17,-0.023000773402559682,-0.016030281725953777,-0.016057751142013132,-0.06618806621063777,-0.3329658775812906
2024-12-18,-0.044012066125120985,-0.02948997129806119,-0.030224371001569605,-0.09006472373745422,-0.34704873239553347
2024-12-19,-0.047338107556161746,-0.03159124156125703,-0.03258588473706414,-0.08991102242823446,-0.34339002746086755
2024-12-20,-0.039678460357654766,-0.026549733100318607,-0.027330810582807397,-0.07966454387371713,-0.3384112605633165
2024-12-23,-0.03858139919116388,-0.026665744635530064,-0.02745775021817609,-0.0773094639553793,-0.3368114513276651
2024-12-24,-0.0327481509433728,-0.02297398961298902,-0.023654342373875203,-0.06746461692945194,-0.3319464388917912
2024-12-26,-0.03211283620677563,-0.02237923465608105,-0.02289112528147552,-0.06570569306326202,-0.33073794037937265
2024-12-27,-0.03716041791832725,-0.025262709622250523,-0.026192576540936097,-0.07389744402601095,-0.33656458053110516
2024-12-30,-0.04132778857408648,-0.02643478731331428,-0.02786531219984445,-0.082430017559592,-0.3410573421447204
2024-12-31,-0.040693750643943316,-0.025830316664015807,-0.027411059244252134,-0.08279060541165928,-0.3433562646466547
2025-01-02,-0.040708441075907764,-0.02526797964675942,-0.027300253270688968,-0.08549950727276234,-0.3480193545130651
2025-01-03,-0.03606362518364381,-0.02319675741280547,-0.024877827090611926,-0.07292977177239113,-0.34030408022804937
2025-01-06,-0.036718749718134935,-0.023791206078506044,-0.02539768341837756,-0.07031316463729165,-0.337530910733677
2025-01-07,-0.04001374400092106,-0.025807318550727376,-0.027790001331030267,-0.07592721555582072,-0.3424392075735392
2025-01-08,-0.038585401459396484,-0.0246939683593298,-0.02654470986958113,-0.07448098992475771,-0.34191159188435305
2025-01-10,-0.04590820083710778,-0.029116439138877515,-0.03221330368340636,-0.08537418453773105,-0.3509550872863123
2025-01-13,-0.042954381810086706,-0.027355706318911044,-0.030472872455530986,-0.08718974496988074,-0.3611005840935487
2025-01-14,-0.03883347073740595,-0.025102583728005445,-0.028001636685810016,-0.08121043485193902,-0.35699270796357596
2025-01-15,-0.027592153244883177,-0.01688292731506602,-0.019778121607400223,-0.06225899098263077,-0.3504082958094531
2025-01-16,-0.022760903205999328,-0.013725841545582651,-0.016291978648617866,-0.057571748675846246,-0.3489090505277336
2025-01-17,-0.019446260702452922,-0.012210660865103806,-0.014526990733678247,-0.05005387013315843,-0.3443282411882378
2025-01-21,-0.010666238178543619,-0.006976283089221602,-0.008544998593402742,-0.039232542245703494,-0.34099093663125957
2025-01-22,-0.014360430040510574,-0.009507069951253055,-0.011237550550129316,-0.04137901021024626,-0.3368561736819081
2025-01-23,-0.011352412632760656,-0.00808917838701273,-0.009462407622724545,-0.038238671874711194,-0.33722145552412663
2025-01-24,-0.010350535847766462,-0.006932504601877665,-0.008203063680597311,-0.03656319343709713,-0.33709402581092507
2025-01-27,-0.012020909320056283,-0.006466542495886851,-0.007095605267024685,-0.04475288506696429,-0.3467622931254878
2025-01-28,-0.013497232413139604,-0.007636134996786836,-0.008421793291152002,-0.04021257149789359,-0.3422365701494211
2025-01-29,-0.015443980627835918,-0.0088065859453611,-0.009767112466937289,-0.04232401324825397,-0.3426163456531769
2025-01-30,-0.007303500297344945,-0.0038000033305685132,-0.004472114375477676,-0.031138386329868872,-0.3374048683615657
2025-01-31,-0.013204259618520231,-0.007430352769244752,-0.008160485811080087,-0.03556743725035283,-0.337745219642569
2025-02-03,-0.014218977782766595,-0.007488095464973976,-0.008717074834684202,-0.0409011459972628,-0.3443152335041798
2025-02-04,-0.009951212054388647,-0.004785019902814547,-0.005932976255706657,-0.03526122089856254,-0.3412489637153251
2025-02-05,-0.005016155512763021,-0.0013333054395463506,-0.002120994311339608,-0.03185879924123347,-0.34268402435636536
2025-02-06,-0.004873037179661588,-0.0016595763791658058,-0.0023404159241032785,-0.02844659340460909,-0.3396208795988296
2025-02-07,-0.009428446707334892,-0.0046664826388933545,-0.00572506877107859,-0.0355315218561697,-0.3407548933093195
2025-02-10,-0.003588886788242429,-0.0006988314476013002,-0.0022570736456765106,-0.030751796810429943,-0.3355994875559515
2025-02-11,-0.002786226338710507,-0.00013799657610646943,-0.0019690054144317903,-0.0326289741499588,-0.3365453124460962
2025-02-12,-0.0073172969707772095,-0.003931294846595934,-0.005463179751303726,-0.033730534296364745,-0.3344961927495237
2025-02-13,0.0,0.0,0.0,-0.025171228945462865,-0.33366941765453917
2025-02-14,-0.0008325196019350889,-5.872827614239462e-05,0.0,-0.02954118820310736,-0.33661579642265804
2025-02-18,0.0,0.0,0.0,-0.02217039708406543,-0.3333369164633523
2025-02-19,0.0,0.0,0.0,-0.02081828537429975,-0.32849395743388654
2025-02-20,0.0,0.0,0.0,-0.025239377924085038,-0.3360317582778546
2025-02-21,-0.00697721907756399,-0.00275132767827424,-0.0027469310163705796,-0.03503656598910809,-0.3444570476293971
2025-02-24,-0.007681936452615168,-0.002489636161049247,-0.0024051674554096403,-0.03645414774222344,-0.3461886664524332
2025-02-25,-0.0060174975502651495,-0.0004832298629671161,0.0,-0.04414470130421122,-0.3568921183297239
2025-02-26,-0.006535784350471419,-0.0010742174768660906,-0.00019404857559901512,-0.04320232214834807,-0.3551262370686391
2025-02-27,-0.013418057157235763,-0.004720373282808832,-0.004079101320534573,-0.05607685666742268,-0.36489209630831254
2025-02-28,-0.006290115329947721,0.0,0.0,-0.04713885504344373,-0.36063256536061106
2025-03-03,-0.011093010632657219,-0.0018120945438078184,-0.0017621950989126223,-0.05535627475675731,-0.36557830824815585
2025-03-04,-0.01883779750604242,-0.00620923577405974,-0.00651381513693472,-0.06148416659740996,-0.3691725583536316
2025-03-05,-0.012821875141730943,-0.004008359946489959,-0.0035738597572040343,-0.05472942793388813,-0.3689398278071636
2025-03-06,-0.021398377413595737,-0.008261436021590685,-0.00832469141079395,-0.07162006077331218,-0.3802139229206024
2025-03-07,-0.01690663823330052,-0.005833076488274358,-0.005955071616189023,-0.0690720292162379,-0.37896731531633854
2025-03-10,-0.026492983379369894,-0.009552709683481098,-0.010314134887925985,-0.08209170696010848,-0.3833386507331159
2025-03-11,-0.03157931014132109,-0.012708702493203883,-0.01414721429953636,-0.0856470365193579,-0.3812793726349678
2025-03-12,-0.03205564303390229,-0.013920365526897793,-0.015279157590493475,-0.08137727685524232,-0.37761307606537065
2025-03-13,-0.03611792477770215,-0.015222681420067996,-0.017179574897036476,-0.08562600095211048,-0.38115304558741037
2025-03-14,-0.024891821462369235,-0.010135313991628814,-0.011359278089548286,-0.07489939379779975,-0.37887899149825455
2025-03-17,-0.016592322532678172,-0.005628027934574287,-0.006373462801784968,-0.06718132100015772,-0.37753300551033464
2025-03-18,-0.019617145939774594,-0.006821122863356233,-0.007836948906049135,-0.07311487303692876,-0.3814386827759644
2025-03-19,-0.013435495788416407,-0.002699394290531121,-0.003366780871644326,-0.06686883723358805,-0.38044209639229176
2025-03-20,-0.015193008974395572,-0.003387035436771768,-0.004372841100774627,-0.06792389514908548,-0.38069215083796737
2025-03-21,-0.019076865072491067,-0.005539494825686164,-0.006747190206264242,-0.07143669008924858,-0.37876632964120505
2025-03-24,-0.012292198637240404,-0.003515447660348614,-0.003990652913285708,-0.06904586749628439,-0.37847878296346305
2025-03-25,-0.013126170591132746,-0.0038536656778475065,-0.004531942106875575,-0.0746406762506745,-0.38182663886580626
2025-03-26,-0.015893267094057584,-0.005344702892611242,-0.0064275285872519294,-0.07315027333391744,-0.3815471256428592
2025-03-27,-0.01587967823725378,-0.00480841401755594,-0.0062290357987253575,-0.06890633801801693,-0.3775554667298837
2025-03-28,-0.021844748370789646,-0.005878226778790685,-0.008088065399962874,-0.07305135578070232,-0.37411854447806714
2025-03-31,-0.015424470682251723,-0.001412461454566194,-0.0037548976141348334,-0.06477315516538928,-0.374844304205872
2025-04-01,-0.013383491625323707,-0.00017208723211115107,-0.0023581440139237575,-0.062539727699503,-0.3749687086446335
2025-04-02,-0.009130848635423128,0.0,-0.00011731232592204766,-0.05523546340913765,-0.37227376235632936
2025-04-03,-0.0342094605718718,-0.010000473239007879,-0.012188654216269246,-0.0804199341202333,-0.3701918048305213
2025-04-04,-0.07388191515052422,-0.027286257109307877,-0.03493880333466359,-0.11954649119273653,-0.3745274835452962
2025-04-07,-0.08672915647889357,-0.035547815859124476,-0.044677879916861785,-0.12826298745926668,-0.3730237689334054
2025-04-08,-0.09844255048064898,-0.041517578378550524,-0.052192014950263044,-0.1289378849722682,-0.3623498720751136
2025-04-09,-0.050105336067668094,-0.0224345236254343,-0.025446853544293768,-0.09602847963466132,-0.3715810051441166
2025-04-10,-0.06944096009971457,-0.029586459372413554,-0.0361632752974147,-0.09861758515215213,-0.3594950499289704
2025-04-11,-0.05663779944837788,-0.02668531082622161,-0.030552433326231476,-0.08871955039873514,-0.3585273304542561
2025-04-14,-0.04876256875676588,-0.022245763920990314,-0.024783960900863433,-0.0810910679567296,-0.3558526170967108
2025-04-15,-0.04881127882600644,-0.0217882396028799,-0.024265767023271656,-0.07911149692982677,-0.3537449021139617
2025-04-16,-0.05255084161644086,-0.02088111240630186,-0.024480637219737256,-0.07367166298625993,-0.3495092570064604
2025-04-17,-0.047722646110288314,-0.019431696437141932,-0.02191279204270069,-0.07250885845230826,-0.35249882434881163
2025-04-21,-0.05957946904270284,-0.0238367597701582,-0.028760575988989623,-0.0780231806105377,-0.34970950778842347
2025-04-22,-0.04599915541882216,-0.019706195888243627,-0.021914312919315337,-0.06719154450118525,-0.3461284968646393
2025-04-23,-0.041799944286509017,-0.019195499439208952,-0.02013941096211136,-0.06788786310238992,-0.3408982504894851
2025-04-24,-0.03060939782802574,-0.014290827709470877,-0.013461165006348308,-0.05710758410651395,-0.3392409481340435
2025-04-25,-0.02922211982881162,-0.013179066510351722,-0.012169382588048339,-0.059999636394928335,-0.3422935927352436
2025-04-28,-0.026229706679906095,-0.010872193934072016,-0.00977848784418367,-0.05393877787104162,-0.33869544215243086
2025-04-29,-0.02313609165234798,-0.009394677617203695,-0.007633297162776276,-0.05200516503571684,-0.33815352579975944
2025-04-30,-0.02536776475345137,-0.00979379673737546,-0.008642211876055517,-0.052980910377121826,-0.3367234584416867
2025-05-01,-0.02722208438467333,-0.012642411970058554,-0.011264340289902752,-0.05983348091287122,-0.338251507624318
2025-05-02,-0.018182316061882697,-0.011716728773865648,-0.008165107861787924,-0.05533761838565354,-0.33865730858996046
2025-05-05,-0.019798794282617993,-0.011871501629387327,-0.008904609752086179,-0.04977749410723353,-0.3331275752716647
2025-05-06,-0.020708491978171706,-0.01058528748880705,-0.008527231838350913,-0.03943089422554569,-0.32537262420888613
2025-05-07,-0.02047787822487679,-0.010494078329554735,-0.008225289281012627,-0.04038706110484602,-0.3254683371247431
2025-05-08,-0.019931516939154736,-0.012871434490328681,-0.009918143355802544,-0.04772592574969814,-0.33562148302325157
2025-05-09,-0.017960164492433983,-0.011845334219153902,-0.008800683437738654,-0.04548371409980878,-0.33582380425517466
2025-05-12,-0.00662778244528206,-0.010765467422061303,-0.004765007584627834,-0.04973831775349791,-0.3433609983481204
2025-05-13,-0.0057137121330480545,-0.010874740756477541,-0.004997073268090957,-0.052502524007622564,-0.3514619855180846
2025-05-14,-0.010903166569132816,-0.014058521636426624,-0.00888022138651845,-0.06062513628820809,-0.3557885840585375
2025-05-15,-0.0032061913890790716,-0.009451582775953815,-0.0031882238653886397,-0.045599550245910114,-0.34604743456833564
2025-05-16,0.0,-0.008185296470356818,-0.0006882668786754031,-0.042253610894321225,-0.342437959497616
2025-05-19,0.0,-0.007353408849774867,0.0,-0.038139081610758296,-0.3372464759743534
2025-05-20,-0.00013669601696320033,-0.006984011803936374,0.0,-0.03573994477308762,-0.33464420124052285
2025-05-21,-0.012365501342380236,-0.01214361781118567,-0.007585886946614218,-0.04215348989577228,-0.3343051578107916
2025-05-22,-0.014123692647151853,-0.01215023809739224,-0.007832003434776635,-0.04381240413059828,-0.3338973759940347
2025-05-23,-0.01263987747770512,-0.010437860814878297,-0.006322149605713201,-0.038135157111849005,-0.33057863880092975
2025-05-27,-0.003169151738820042,-0.00704042064286281,-0.0007790842579235013,-0.03113631272853823,-0.3265373800634288
2025-05-28,-0.008984555566627805,-0.009635918265204602,-0.004252995202096765,-0.03720364542984145,-0.32730832121292464
2025-05-29,-0.005069291125856967,-0.007166368751107655,-0.0012900229765645532,-0.03283430202705806,-0.3263304424841019
2025-05-30,-0.0055196652129180235,-0.006469899974088533,-0.0005790689950125882,-0.031171806909349287,-0.32469005906474835
2025-06-02,-0.0010880060442950423,-0.00517850015885013,0.0,-0.025132399524995686,-0.32208056119672435
2025-06-03,0.0,-0.004860496239860068,0.0,-0.026817659898109802,-0.32740471599784937
2025-06-04,0.0,-0.002631082835594878,0.0,-0.025248189876061478,-0.325278768316526
2025-06-05,-0.0029473510393950297,-0.004406751374079088,-0.00207050758360372,-0.033948899088001694,-0.32930071198974964
2025-06-06,0.0,-0.005601957337756591,-0.002205141137938571,-0.03026230662331586,-0.33141662221026646
2025-06-09,0.0,-0.0044984713487439265,-0.0010824276832341884,-0.029281607693044776,-0.33370657901642276
2025-06-10,0.0,-0.0029281058607342203,0.0,-0.02684272570273538,-0.3377872267770954
2025-06-11,0.0,-0.000993121931382679,0.0,-0.026255135011074793,-0.3394123687523992
2025-06-12,0.0,0.0,0.0,-0.02141762701251204,-0.3392424031961322
2025-06-13,-0.004560989000858662,-0.001825942782236356,-0.0031549268734352154,-0.02617396629884816,-0.34340399600730653
2025-06-16,-0.0028025151350574706,-0.002181800420307467,-0.0028243489511315945,-0.024862670864429948,-0.34027561920187877
2025-06-17,-0.005894680861832091,-0.001960878012861045,-0.0036346463632320747,-0.029556989198258665,-0.3474565807917078
2025-06-18,-0.006059785678890317,-0.0016859763599793576,-0.0033355625248070453,-0.030603048976304725,-0.34780100424894245
2025-06-20,-0.005954735745330564,-0.001014266407770803,-0.0027668016471278367,-0.029288705106710222,-0.34839339780199474
2025-06-23,-0.0018603720590881778,0.0,0.0,-0.020882905262563645,-0.33127951650885
2025-06-24,0.0,0.0,0.0,-0.020711916830802646,-0.3347604694323182
2025-06-25,-0.004331022665145512,-0.0013662493967494527,-0.0023764629058398157,-0.024741319190154876,-0.34023851910956504
2025-06-26,0.0,0.0,0.0,-0.020314180892800238,-0.33874263403949534
2025-06-27,0.0,-0.0010656146659336896,-0.000468898411325247,-0.02179751668672103,-0.3361777662015888
2025-06-30,0.0,0.0,0.0,-0.01593546305846083,-0.33579181205533337
2025-07-01,0.0,0.0,0.0,-0.01136087636155969,-0.3359845229644882
2025-07-02,0.0,0.0,0.0,-0.01133853737544921,-0.3391830317954232
2025-07-03,0.0,-0.0006215938635052431,-4.317276917631396e-06,-0.009447031885867374,-0.3359751541424988
2025-07-07,-0.006113715607969139,-0.00325809989642023,-0.003773299078201231,-0.012897749832916472,-0.33462214975816074
2025-07-08,-0.005558549362295606,-0.003650290866122674,-0.0040852251462215605,-0.017177185742017542,-0.3442458663290894
2025-07-09,-0.002192866104769098,-0.0014283401150887443,-0.0013728085227234788,-0.01127853031936088,-0.3399513033210938
2025-07-10,0.0,-0.0005189387247408472,0.0,-0.007236551411684999,-0.3370883815267066
2025-07-11,-0.002674663277664302,-0.0017714065804778079,-0.0021681384734559828,-0.01006394000593347,-0.33866038067783233
2025-07-14,-0.0028576438371531454,-0.002037536533364137,-0.0021795149762944277,-0.008930444736019671,-0.33348956276232056
2025-07-15,-0.010493174777065462,-0.0057881111347292125,-0.007127951576331171,-0.019462882850392882,-0.3333333394050948
2025-07-16,-0.007353976579666299,-0.0035596482958911713,-0.004568951965960966,-0.014753548667978511,-0.33322040404589537
2025-07-17,-0.004057821682518781,-0.0024307069095031997,-0.002900872939056831,-0.0117754244553393,-0.3299149389205319
2025-07-18,-0.0031177526930441513,-0.0013411324633428867,-0.0018074143957359512,-0.007633300407517307,-0.32510497084598666
2025-07-21,-0.0011682624278978038,0.0,0.0,-0.003846595156486665,-0.32422067631214213
2025-07-22,0.0,0.0,0.0,0.0,-0.32418776157088847
2025-07-23,0.0,0.0,0.0,0.0,-0.3228671128735935
2025-07-24,-0.0028687060609892123,-0.0016979784615483995,-0.002021999046432854,-0.0011087105678118103,-0.32290442144568743
2025-07-25,-0.0010104256366862963,-0.0008728054798062823,-0.0006089199393943812,-0.000720560268424042,-0.32387394320447405
2025-07-28,-0.0049673495467826845,-0.0027058479297109583,-0.0033598469526565644,-0.007583557632238502,-0.32524306841294304
2025-07-29,-0.0020553976218373737,0.0,-0.000500262744033475,-0.005404742102238069,-0.32518304262514575
2025-07-30,-0.007946073725685454,-0.003378450800284649,-0.004386489754646283,-0.010862541754734556,-0.32563047670020695
2025-07-31,-0.013185033034013527,-0.005126782361659199,-0.006979375779048613,-0.013682949507440534,-0.3221813770566637
2025-08-01,-0.016646144824124853,-0.002220591299157748,-0.005435681504601386,-0.018664574361832442,-0.3260718921838368
2025-08-04,-0.009150174582195802,0.0,-0.0010237139031817888,-0.009049705596729019,-0.3215810963740874
2025-08-05,-0.010129313804249973,-0.0007639462809581055,-0.0017005053552175964,-0.010219018946950431,-0.32349424420042583
2025-08-06,-0.010031097118232246,-0.0007644594125657544,-0.0016561923611188023,-0.004529093190710043,-0.3116473990170636
2025-08-07,-0.00887328195585757,-0.0003628860574518278,-0.0011605309752525939,-0.004573532872204411,-0.31212385153777966
2025-08-08,-0.0074328666857912395,-0.0003521620989198615,-0.0009356689911570459,0.0,-0.3087834603025913
2025-08-11,-0.009758989279080144,-0.0013175976146606594,-0.0020221999069915952,-0.005083569204328953,-0.3119522236152189
2025-08-12,-0.004343770853415974,0.0,0.0,0.0,-0.3089794132417696
2025-08-13,0.0,0.0,0.0,0.0,-0.31328062846530425
2025-08-14,-0.0036232982060814267,-0.0024514009370384393,-0.002934154822068491,-0.005628511545608839,-0.31530247109330634
2025-08-15,-0.004107406184740037,-0.0030640107465492727,-0.003371304863271196,-0.008256860061998994,-0.320650713433568
2025-08-18,-0.00515715199647071,-0.003652675461850219,-0.004186343874686194,-0.008366751138002115,-0.31792293842913044
2025-08-19,-0.0038522891672069237,-0.002784212008193343,-0.0028184177448904446,-0.009359299673898924,-0.3224352183803628
2025-08-20,-0.0018026758985234537,-0.0011317924113163347,-0.0013234037732120507,-0.00873335700431821,-0.32406360517724264
2025-08-21,-0.004397755720068508,-0.002976256912143982,-0.003582303568385292,-0.01330211930643932,-0.3279514586849993
2025-08-22,0.0,0.0,0.0,0.0,-0.3240877133683775
2025-08-25,-0.005150829238546817,-0.0026507440790787262,-0.0035198329250947236,-0.005590617416504795,-0.32576689380866897
2025-08-26,-0.003596340968301859,-0.0015813504634710762,-0.0022807087245777513,0.0,-0.3215761088371586
2025-08-27,-0.002162096078664688,-0.000555909702528723,-0.0012262213305030967,0.0,-0.32318571028749066
2025-08-28,-0.000477090319182083,0.0,-0.00029788745338232836,0.0,-0.32328208037848305
2025-08-29,-0.0016486203747356765,-5.585474440894522e-05,-0.0008758815924616581,-0.0015825691448280166,-0.32852164921196514
2025-09-02,-0.004154786815238176,-0.0006408118023227827,-0.002658665224735013,-0.0019073571995559258,-0.3316280756882807
2025-09-03,-0.004407617123373897,0.0,-0.0017456343065130886,0.0,-0.3247567496902021
2025-09-04,-0.00016540882412074964,0.0,0.0,0.0,-0.3226224837376225
2025-09-05,0.0,0.0,0.0,0.0,-0.32325809789742777
2025-09-08,0.0,0.0,0.0,0.0,-0.3224650677216935
2025-09-09,-0.000541116983202139,-0.0007406518177998089,-0.0008230534967887948,0.0,-0.3188597961888512
2025-09-10,0.0,0.0,0.0,0.0,-0.3118019262643318
2025-09-11,0.0,0.0,0.0,0.0,-0.31146664102301636
2025-09-12,-0.002372877281435426,-0.0010795293306389286,-0.0016197286685910584,0.0,-0.30752389433503624
2025-09-15,-0.0006106007855581908,0.0,-0.0002452087650595125,0.0,-0.3018802882826469
2025-09-16,-8.559724862100548e-05,0.0,0.0,0.0,-0.30216152252425055
2025-09-17,-0.0007443944755247678,-0.0011279193278698196,-0.0007692855089657114,-0.0009247056584412716,-0.303789802100652
2025-09-18,-0.0009474167310085102,-0.0021466834187213735,-0.001416201341048362,0.0,-0.29955483650823467
2025-09-19,-0.001209732173890643,-0.002194841568252781,-0.0015623219660174659,0.0,-0.29179532666790975
2025-09-22,0.0,-0.001779678785444383,-0.0012009067938802964,0.0,-0.2865983490095311
2025-09-23,0.0,-5.541618379678592e-05,0.0,-0.0002454003579996922,-0.28956335442545
2025-09-24,-0.0018304955458002814,-0.001282241812694318,-0.001599827873058124,-0.001030303486777684,-0.28753561355478896
2025-09-25,-0.005893733256503331,-0.0033012946019734812,-0.004476100899347135,-0.005716672147700441,-0.2901466880298037
2025-09-26,-0.00023773312442154637,-0.0007248906067564009,-0.0012324203562895653,0.0,-0.2894459811583312
2025-09-29,0.0,0.0,0.0,0.0,-0.2798754231011985
2025-09-30,0.0,0.0,0.0,0.0,-0.2808298351659746
2025-10-01,0.0,0.0,0.0,0.0,-0.2819974653666938
2025-10-02,-0.0005258599884867543,-0.0003095004750258701,-8.345247783991816e-05,-0.00354502274449342,-0.28427866555001235
2025-10-03,0.0,0.0,0.0,-0.0009331797292930766,-0.28565036079913786
2025-10-06,0.0,0.0,0.0,0.0,-0.27559891216162524
2025-10-07,-0.0009395723929545019,0.0,0.0,-0.00443349067131571,-0.28015454315058685
2025-10-08,0.0,0.0,0.0,0.0,-0.27321480608767446
2025-10-09,-0.005890435948918027,-0.003039085038169409,-0.0033731586430294502,-0.008056827344589346,-0.27477973488813234
2025-10-10,-0.018347377410353194,-0.006591060559484996,-0.008663531652164935,-0.02909698223875057,-0.28270687396635785
2025-10-13,-0.00845201498369852,-0.0011853172436649961,-0.0026233483473759867,-0.005474887473551848,-0.2660130496366012
2025-10-14,-0.005261388836726999,0.0,-0.000486143441805309,-0.003649176645995067,-0.2688329841652338
2025-10-15,-0.0013574786322587684,0.0,0.0,0.0,-0.2604170702049936
2025-10-16,-0.0034601289465130414,0.0,-0.0004162619949756863,0.0,-0.25309267311123296
2025-10-17,-0.0020032993550395117,0.0,0.0,-0.0007211923238609197,-0.2557996905073736
2025-10-20,0.0,0.0,0.0,0.0,-0.24839998244717387
2025-10-21,-0.004655545256089688,-0.0027810775543209987,-0.002343907839308712,-0.01524464222267774,-0.25965650005005847
2025-10-22,-0.004578884161186458,-0.002151874772358453,-0.002137067865494502,-0.01950231019170623,-0.2658307587518024
2025-10-23,-0.0006040176277102294,-0.001091726240799118,-0.0006939073997073164,-0.015156964178753007,-0.2652157600776104
2025-10-24,0.0,0.0,0.0,-0.007917069302732949,-0.25788850156812204
2025-10-27,0.0,0.0,0.0,-0.008299560825862806,-0.2575992975874354
2025-10-28,-0.004194973069976848,-0.0019789267639983565,-0.002354651716683809,-0.012016856686758004,-0.25627448264347097
2025-10-29,-0.01013898678929015,-0.006203376532617488,-0.0073091929917904475,-0.014938403958417945,-0.25462111626441586
2025-10-30,-0.013304554761433551,-0.007493733329329455,-0.009354238322330954,-0.01804742052442765,-0.2547419803914618
2025-10-31,-0.012433547808041623,-0.007227024844263075,-0.009201485623879235,-0.014671227240737661,-0.25204372506630146
2025-11-03,-0.012489480708207101,-0.007407331693634722,-0.009744296789851226,-0.012682555580137644,-0.25055718824035633
2025-11-04,-0.018021125178298236,-0.009333772135655338,-0.011940367836872579,-0.028610808582060776,-0.26236048308196924
2025-11-05,-0.01585093474825361,-0.009540326834258539,-0.011707934381216978,-0.021370054699487828,-0.2565452027519092
2025-11-06,-0.01825079489938153,-0.0090396313269272,-0.011728578725935468,-0.029699131167523873,-0.2621907176884398
2025-11-07,-0.013700942229697533,-0.006860532740028291,-0.009109550875690431,-0.02642349906063235,-0.2666597358796515
2025-11-10,-0.006503504334472887,-0.0038096175931606746,-0.005675311697253327,-0.0063172653927831,-0.2536836595280103
2025-11-11,-0.0011491802562927367,-0.000532207476049873,-0.001974679706055471,-0.006689738425496028,-0.2617158559475865
2025-11-12,-0.000302426003271683,-0.0004961908819726135,-0.0018249935092867764,-0.0020769000086001688,-0.2603669468971016
2025-11-13,-0.008980156343645018,-0.004831574712744424,-0.007071538757024931,-0.01981053485593476,-0.27491620510286563
2025-11-14,-0.010699139434084848,-0.0058136546164299086,-0.008142483577491033,-0.022626327139717684,-0.2773100478436914
2025-11-17,-0.017405879461416474,-0.008271457245903835,-0.011347049128441755,-0.028924593340568072,-0.2782741596758017
2025-11-18,-0.01851780488972965,-0.007836859223712134,-0.01145342646266645,-0.037058003287555596,-0.2884927840942745
2025-11-19,-0.020544424100445324,-0.009171880220584128,-0.012736213479805025,-0.03597318240450942,-0.2850094430151755
2025-11-20,-0.027548015613657273,-0.011136675351765435,-0.01555869289730416,-0.050494316848880616,-0.29374382278502376
2025-11-21,-0.02002340633356403,-0.007383446316236886,-0.010673678347788318,-0.046508357288189583,-0.29651518847711134
2025-11-24,-0.01509565605938712,-0.004962456959350048,-0.007941945326601418,-0.03432747199774111,-0.28493835079051144
2025-11-25,-0.008790852285405881,-0.0019470333749491697,-0.003936888141459316,-0.031235758990671103,-0.2909831379749237
2025-11-26,-0.0022642832794808054,0.0,-0.00027422510237873343,-0.021644101172037078,-0.2853917684956637
2025-11-28,0.0,0.0,0.0,-0.014755586292767409,-0.2828016075675197
2025-12-01,-0.004736027423769773,-0.0031691624216471093,-0.003840619819017954,-0.019760111016993487,-0.28450750275773307
2025-12-02,-0.006334888977189035,-0.0036720132704630704,-0.0042893198440164815,-0.022641655450559517,-0.2813006175133521
2025-12-03,-0.001847115067640126,-0.0013753869240968886,-0.0016148546501594252,-0.022987396855377207,-0.2843770612771843
2025-12-04,-0.0027044055822291746,-0.0024197446999568717,-0.0026304986327676527,-0.025468216924876996,-0.28470894305995853
2025-12-05,-0.003094895826493138,-0.0029549408327204096,-0.0032379296593872953,-0.027361614036525372,-0.2848252253338932
2025-12-08,-0.008826355533905872,-0.006072166407925961,-0.006751966000327014,-0.034725890848875896,-0.28472131446461146
2025-12-09,-0.009760529274257967,-0.006724839007995254,-0.007635752113705929,-0.035253072459996315,-0.2860664827634227
2025-12-10,-0.0019885037665895444,-0.0024252703251530505,-0.0026046627971514358,-0.028259208320794316,-0.28509191805832235
2025-12-11,0.0,-0.0007405595522567143,-0.00047443430884275273,-0.02256833139437109,-0.2850148427001238
2025-12-12,-0.003867260520890925,-0.0029333743327180084,-0.002967475440771361,-0.026322486167463688,-0.29050105840361373
2025-12-15,-0.0025606858824606116,-0.002043408984592321,-0.0018328553157370697,-0.027401034814397707,-0.2922253177794578
2025-12-16,-0.006788662269756163,-0.003355966255921161,-0.0034317494415847527,-0.029586618981650048,-0.29305394269569396
2025-12-17,-0.007909961178555136,-0.0033548133288723303,-0.004047091234305578,-0.034674694454748245,-0.2962558406536725
2025-12-18,-0.005623378527457978,-0.0019448747102052133,-0.002193177259108503,-0.027114423855947423,-0.2912248618824467
2025-12-19,-0.003691226804780845,-0.0016836793559853458,-0.001818856258365087,-0.01939482384939062,-0.2836935219753782
2025-12-22,0.0,0.0,0.0,-0.009115865167063308,-0.27769425316945806
2025-12-23,0.0,0.0,0.0,-0.004057887985891906,-0.2727301288622759
2025-12-24,0.0,0.0,0.0,-0.0025079797708974505,-0.27194339626813535
2025-12-26,0.0,0.0,0.0,0.0,-0.26978290595833154
2025-12-29,-0.0035917562455102248,-0.0014701672337007476,-0.0011865174520746535,-0.011801095177728094,-0.2761084219372978
2025-12-30,-0.0032485228246951214,-0.0012018025440528879,-0.0009870707297615633,-0.012253126664249825,-0.2782161908676505
2025-12-31,-0.00938551509492247,-0.00466125984316712,-0.004754019901093365,-0.019485847355872443,-0.2799049333968172
2026-01-02,-0.003513745230271592,-0.00219954350219298,-0.001699448228515088,-0.013282408097486154,-0.2747474720842691
2026-01-05,0.0,0.0,0.0,-0.004298970027834748,-0.27046760164191674
2026-01-06,0.0,0.0,0.0,0.0,-0.26178858205866495
2026-01-07,-0.0063367563536465,-0.0025883125780935545,-0.0030632127670491283,-0.0055752367606378694,-0.2607005447786611
2026-01-08,-0.0012820763616636643,-0.000763603001336155,-0.0009886734596977753,-0.007485733804950323,-0.26995879541999024
2026-01-09,0.0,0.0,0.0,0.0,-0.2679607126542709
2026-01-12,0.0,0.0,0.0,0.0,-0.26228735333371445
2026-01-13,0.0,0.0,0.0,-0.008940286048062296,-0.2707221747887274
2026-01-14,0.0,0.0,0.0,-0.006557229278452703,-0.2745814900962019
2026-01-15,0.0,-0.00038075291117611876,0.0,-0.006946692244020225,-0.27330642371485003
2026-01-16,-0.0011372761280565857,-0.0015829546165866404,-0.0010166426218148894,-0.010602331675776067,-0.275107560353851
2026-01-20,-0.008155895609473829,-0.0044068372061236705,-0.005381032900844573,-0.01340092261806436,-0.27630672541831147
2026-01-21,0.0,0.0,0.0,-0.0003724825277650057,-0.27236318109523916
2026-01-22,0.0,0.0,0.0,0.0,-0.2646928009857551
2026-01-23,0.0,0.0,0.0,0.0,-0.2649109539747886
2026-01-26,0.0,0.0,0.0,0.0,-0.2606749297329385
2026-01-27,0.0,0.0,0.0,0.0,-0.25024222268822083
2026-01-28,0.0,0.0,-0.0003696463201238176,0.0,-0.24676540242341172
2026-01-29,0.0,0.0,0.0,0.0,-0.24828837479439547
2026-01-30,-0.009536141185842673,-0.004310862711510488,-0.0035889119529729507,-0.028956512581121974,-0.2744134100470994
2026-02-02,-0.012211317795117305,-0.00621250908202664,-0.004733363620623154,-0.03440609290565311,-0.27080356131910654
2026-02-03,-0.0049628172218273425,-0.0029209841756742128,-0.0018834668579105207,-0.022209959875666097,-0.2684747575115526
2026-02-04,-0.0026831252717072207,-0.0018489455353523088,-0.000663754494911073,-0.031800960527856637,-0.27713195914332023
2026-02-05,-0.010418055399191606,-0.0031378747967862886,-0.00249863558257879,-0.047157076350585414,-0.2860156382565541
2026-02-06,0.0,0.0,0.0,-0.018512293289875914,-0.26899225959811845
2026-02-09,0.0,0.0,0.0,-0.00426015708277494,-0.2602679168388795
2026-02-10,0.0,0.0,0.0,-0.008321390329079859,-0.26814991274233413
2026-02-11,0.0,0.0,0.0,-0.0020470302854187494,-0.2613352238654001
2026-02-12,-0.007151955394369969,-0.0008706480355384905,-0.0013085517864783736,-0.01686137419743916,-0.2748603426776861
2026-02-13,-0.000331973631455984,0.0,0.0,-0.007445077169767056,-0.2718437955929609
2026-02-17,-0.0037001461052417195,-0.0015273558570605417,-0.0012384685107195148,-0.015375463765652908,-0.27961302661888343
2026-02-18,0.0,-0.0007265531891544885,-0.0004602204113300923,-0.005306884125990119,-0.2708965227307638
2026-02-19,0.0,-0.00047204313307058765,-0.000289731144817007,-0.005123796886263965,-0.2725442334876125
2026-02-20,0.0,0.0,0.0,0.0,-0.2650276282073133
2026-02-23,-0.0012459337746754118,0.0,-0.00019318287511116417,0.0,-0.25937955945433067
2026-02-24,0.0,0.0,0.0,0.0,-0.25467851315037515
2026-02-25,0.0,0.0,0.0,0.0,-0.2535087639113326
2026-02-26,0.0,0.0,0.0,0.0,-0.2514183581527728
2026-02-27,0.0,0.0,0.0,0.0,-0.24652165552513394
2026-03-02,-0.0015635671077148805,-0.0022860412425924626,-0.002616939790742845,0.0,-0.24474793939676176
2026-03-03,-0.014180629965802383,-0.006952051385529012,-0.008445192033207927,-0.03658295557809721,-0.275732962554041
2026-03-04,-0.010204434475000856,-0.005893123336908945,-0.006862336876796271,-0.028425035926038178,-0.27009218107288235
2026-03-05,-0.0183591416804344,-0.00974544008365541,-0.011915700171968968,-0.04380949155233427,-0.28374570573693547
2026-03-06,-0.022107370362517087,-0.010770890568030156,-0.014336019829260027,-0.04654454798964369,-0.2905941107375305
2026-03-09,-0.018437666442579936,-0.008544453827966314,-0.011265102063878096,-0.041588364720262505,-0.2836849674047358
2026-03-10,-0.02017318632369991,-0.010150044536015312,-0.013386134156565088,-0.04203311491063466,-0.28635771470997096
2026-03-11,-0.021805123747140054,-0.012133396152889442,-0.01598613857227471,-0.03782084241895167,-0.28317604260332696
2026-03-12,-0.029933718211527682,-0.01589091857960756,-0.02119823994211889,-0.056139626354802075,-0.2987221592912154
2026-03-13,-0.032552021513545304,-0.016894635538907132,-0.022482527108440786,-0.06071169105853946,-0.2996604106405637
2026-03-16,-0.025944555583671147,-0.013499259430986954,-0.018033533897068077,-0.04976978167975277,-0.29220703283913296
2026-03-17,-0.022769687866109,-0.011315292605766136,-0.01582588572436361,-0.04867810047086163,-0.2952545774940568
2026-03-18,-0.03382103216565968,-0.01671438691873328,-0.022604394260684724,-0.06810068544123782,-0.3097757046013806
2026-03-19,-0.03755521319525035,-0.018033429225431052,-0.0235368639990281,-0.08003835552559513,-0.3177841909023019
2026-03-20,-0.052863390323002246,-0.02673748362213657,-0.03380146415478713,-0.09663060684381153,-0.32433693331907676
2026-03-23,-0.046718739525904995,-0.024210488394759033,-0.02899156858752283,-0.09107333542578544,-0.3230584079758114
2026-03-24,-0.04578400389373949,-0.024206082460120237,-0.029715189547084964,-0.08955511765203761,-0.32043168229627617
2026-03-25,-0.038960667455008924,-0.020550791471102614,-0.02543443754877639,-0.07793477989013309,-0.3143834613620986
2026-03-26,-0.04863669941713089,-0.025651755438101387,-0.03180606849354184,-0.09180961685838407,-0.32423238016790923
2026-03-27,-0.051078688557800844,-0.02549444428679437,-0.033311604984155085,-0.08389387838568108,-0.31280895056509816
2026-03-30,-0.050274154064701926,-0.023102748319615896,-0.0311821209205273,-0.09211104477690424,-0.3248630154542953
2026-03-31,-0.036094626657672824,-0.01714018741922463,-0.023227575914107734,-0.06302410435784556,-0.30952428980108804
2026-04-01,-0.033272582304646026,-0.017033441720117004,-0.02184300550442886,-0.06428785978006235,-0.31106097862802995
2026-04-02,-0.032561801356302156,-0.01451148997209073,-0.02037881449954515,-0.06337186339418599,-0.3132086966017994
2026-04-06,-0.03035327502038676,-0.013781966228888942,-0.01975146486176127,-0.05745195674185033,-0.31069617990648957
2026-04-07,-0.030469016303862007,-0.013732973521720648,-0.019616237658437896,-0.05419500528715393,-0.3079383767391407
2026-04-08,-0.016259435446345227,-0.008595362521461203,-0.011326828983050485,-0.061852956686161864,-0.3137176323288494
2026-04-09,-0.013857174233994685,-0.007381590121935844,-0.010019949473606737,-0.0597389791535734,-0.311761379094631
2026-04-10,-0.016586562806538807,-0.010001962486898108,-0.012235564829028656,-0.0644140277859665,-0.3137830570363874
2026-04-13,-0.012003475334137814,-0.0066890940117352304,-0.009386755611506037,-0.05911467923963576,-0.31287068964339615
2026-04-14,-0.0069405902232407835,-0.004596478670857329,-0.0062842142455281635,-0.05939543474859377,-0.3157936835771942
2026-04-15,-0.00856123851721069,-0.0056505300945028925,-0.007549737502501652,-0.06485781488948128,-0.3253740667287266
2026-04-16,-0.007110215109105034,-0.0049931454769966965,-0.007600679553766532,-0.05949065102468787,-0.3196514181555854
2026-04-17,-0.0007318168067637076,-0.002751587811449685,-0.0027225582472845122,-0.06515026319806627,-0.3272591928190781
2026-04-20,-0.0014624649725041294,-0.002579254626890126,-0.0033403948684297413,-0.06338380716232794,-0.327644608282622
2026-04-21,-0.00866812312388665,-0.005324190290588393,-0.008155993619891166,-0.06275260726475607,-0.329858993737271
2026-04-22,-0.004555553751898089,-0.0026209665760211776,-0.006173805923006315,-0.053180828432789484,-0.3221625685469832
2026-04-23,-0.0036371553856038297,-0.0011869248968744417,-0.005731167324163011,-0.04779568776691978,-0.3179481546147265
2026-04-24,-0.0014715546260941625,-0.00021878365853789106,-0.004506242219072365,-0.04136558372233157,-0.31237720814629033
2026-04-27,-0.0034711963878283347,-0.0011338589423890433,-0.0059779473346831535,-0.04355883371267433,-0.3130106473579789
2026-04-28,-0.004873936124631051,-0.0006391501458647975,-0.006533969259443717,-0.04697602919524868,-0.3176000153312267
2026-04-29,-0.006820037524705502,-0.0008908097068368592,-0.009177013256253197,-0.04385409197412504,-0.3160521515464443
2026-04-30,0.0,0.0,-0.002921915589216062,-0.030021387192029736,-0.30633029400767975
2026-05-01,-0.001672034894574459,-0.0013257209633814604,-0.0034858486440336733,-0.03727056332452716,-0.3102624638058711
2026-05-04,-0.006179457962524837,-0.0030490313930187085,-0.006899982751744527,-0.04302992275425366,-0.31367633176065424
2026-05-05,-0.00011824027955231742,-0.0003853025709124047,-0.003503479440432722,-0.03303747941591517,-0.3060536724715084
2026-05-06,0.0,0.0,0.0,-0.03778691752489838,-0.3096777759511289
2026-05-07,-0.007093277855277247,-0.004142775869817261,-0.0045314647135605846,-0.04566810257600051,-0.31791112758149254
2026-05-08,-0.0036183432667183935,-0.0021116288921187998,-0.002215833834921188,-0.04785582238421371,-0.3187295702637727
2026-05-11,-0.00037153408014500844,0.0,-0.0019679133140234617,-0.031082278388206874,-0.3018562386785515
2026-05-12,-0.0012928068711077767,0.0,-0.002855572014964336,-0.031962864260834944,-0.3056459906642881
2026-05-13,-0.0014121773758046796,-0.0008217168171337219,-0.0029931891727084103,-0.03182168053930112,-0.30447315704514
2026-05-14,-0.0008584091642587222,-0.0008670538132611316,-0.002953047306768153,-0.03076138397596262,-0.3049886215791765
2026-05-15,-0.012483280800057894,-0.006666729227915336,-0.010345748838103797,-0.04512625998388675,-0.3163167542630346
2026-05-18,-0.009326008408580111,-0.004057643596356297,-0.008523168631589306,-0.044508123935760646,-0.3204396431239649
2026-05-19,-0.013192850002037404,-0.005549450634982023,-0.011192001483235292,-0.05089441522172855,-0.3258471788737486
2026-05-20,-0.006528954748717619,-0.0032849747132726037,-0.006099709234781425,-0.04495088310447071,-0.32180644034725914
2026-05-21,-0.004777857459688062,-0.0031156037791456592,-0.0050403415871200785,-0.04308078714703789,-0.31862258014922507
2026-05-22,-0.0021635886810774663,-0.0017377183413341823,-0.0034205928018578025,-0.044679225800932865,-0.31937653995175874
2026-05-26,0.0,-0.0018464207011632539,-0.00108773493041181,-0.04685423340975248,-0.3144362672762915
2026-05-27,-0.001632265820390777,-0.0036454225701575416,-0.0014218376835645197,-0.05851934452898244,-0.32251064773723226
2026-05-28,0.0,-0.0017373123176733785,0.0,-0.052140991738858666,-0.31944641969538035
2026-05-29,-0.0018243925636795,-0.0033655910049240623,-0.00089372692530576,-0.05305138568222001,-0.31947091646297043
2026-06-01,-0.003956185302099735,-0.003617862225034796,-0.002972020599935399,-0.03885116044266945,-0.3068911325994065
2026-06-02,0.0,-0.0014446600025587175,-0.0010795254035642632,-0.02997181571698948,-0.297492760796771
2026-06-03,-0.002419945584401284,-0.002315937801018353,-0.0028712887218935723,-0.029502665124407024,-0.29590758784026816
2026-06-04,0.0,-0.00029507053729782573,0.0,-0.03366907688438814,-0.3017976085454869
2026-06-05,-0.014058064909997392,-0.0081210640176278,-0.0069470766196350064,-0.06510046071703113,-0.3299058791592935
2026-06-08,-0.013809383236766282,-0.008008827534169427,-0.007495816778809727,-0.05289867816698146,-0.31802404432000264
2026-06-09,-0.0112118993743765,-0.006533570265032873,-0.0046880351228261175,-0.06414632858372393,-0.3300167297801042
2026-06-10,-0.019566757289941505,-0.00880899385836409,-0.00844532373060869,-0.0715325829588791,-0.33821169674737284
2026-06-11,-0.006531486757270111,-0.003448536683554937,-0.0006894924911208244,-0.056179883809968856,-0.3268764189061022
2026-06-12,-0.0025940611684159842,-0.002180698005620818,0.0,-0.05397292007952137,-0.3272913333712062
2026-06-15,0.0,-0.002546402799296299,0.0,-0.05007020965641196,-0.323741596595685
2026-06-16,-0.00045581694178309373,-0.0025918374871429783,0.0,-0.05915380312629814,-0.33322377009390325
2026-06-17,-0.01021802906310032,-0.009601573708317046,-0.006481751888347431,-0.0670174522009509,-0.34198070026853
2026-06-18,-0.00689220765003784,-0.008387149530561522,-0.004193631813851795,-0.06471533363341597,-0.337282195924137
2026-06-22,-0.006406008744141656,-0.009093928842660803,-0.004851176411630909,-0.060446502469973074,-0.3314218676999733
2026-06-23,-0.012928640141238401,-0.010219733268234776,-0.006304878581695039,-0.07421773762444084,-0.34164525692092207
2026-06-24,-0.012923473594339763,-0.0101700604623578,-0.0043267683400123325,-0.08598639083935922,-0.3567829339858083
2026-06-25,-0.00776090360497983,-0.006850386174099055,-0.0019529367094655026,-0.07537575002472707,-0.3470686135338955
2026-06-26,-0.00705383840757956,-0.00611065863474336,-0.0005511879937279973,-0.08560840612583909,-0.35462671593394457
2026-06-29,-0.0055308634956723335,-0.005508910667507583,0.0,-0.08084329351438602,-0.351215874128866
2026-06-30,-0.0069866175478841,-0.008452491944012874,-0.002653219128671669,-0.07218108374739585,-0.3411670948822584
2026-07-01,-0.010091823065147554,-0.010279284479353779,-0.004092248126177811,-0.08366654234192716,-0.3532101050980202
2026-07-02,-0.0036998476889762433,-0.005426489371460841,0.0,-0.08963607415252983,-0.35584522660123086
2026-07-06,-7.759836675247378e-05,-0.0034653774054060893,0.0,-0.07614301628709652,-0.3492049329992747
2026-07-07,-0.0026103130504505634,-0.0035172639192370125,-0.0021841130845808854,-0.07907568686248945,-0.3464193558141252
2026-07-08,-0.007107258588763821,-0.004991097081027296,-0.005358076818003266,-0.07343569050366194,-0.3383957935723253
2026-07-09,-0.0049062243553983365,-0.004852009497348209,-0.004077249729264043,-0.06882469570898286,-0.337794552034805
2026-07-10,-0.002914273830853742,-0.004042275497494252,-0.003416152787879101,-0.06658362168626153,-0.33639446713870513
